ODS_CODE,NAME,POSTCODE,POSTCODE_LATITUDE,POSTCODE_LONGITUDE,POSTCODE_DISTRICT,POSTCODE_COUNTY,GPAD_SYSTEMS,SYSTEM
A81001,THE DENSHAM SURGERY,TS18 1HU,54.561637,-1.318999,E06000004,E99999999,TPP,TPP
A81002,QUEENS PARK MEDICAL CENTRE,TS18 2AW,54.569175,-1.313893,E06000004,E99999999,TPP,TPP
A81004,ACKLAM MEDICAL CENTRE,TS5 8SB,54.538198,-1.262142,E06000002,E99999999,TPP,TPP
A81005,SPRINGWOOD SURGERY,TS14 7DJ,54.53261,-1.055459,E06000003,E99999999,TPP,TPP
A81006,TENNANT STREET MEDICAL PRACTICE,TS18 2AT,54.568616,-1.313593,E06000004,E99999999,TPP,TPP
A81007,BANKHOUSE SURGERY,TS24 7PW,54.682342,-1.214164,E06000001,E99999999,TPP,TPP
A81009,VILLAGE MEDICAL CENTRE,TS5 6HF,54.562285,-1.241897,E06000002,E99999999,TPP,TPP
A81011,CHADWICK PRACTICE,TS24 7PW,54.682342,-1.214164,E06000001,E99999999,TPP,TPP
A81012,WESTBOURNE MEDICAL CENTRE,TS3 6AL,54.571738,-1.216246,E06000002,E99999999,TPP,TPP
A81013,BROTTON SURGERY,TS12 2FF,54.565279,-0.936373,E06000003,E99999999,TPP,TPP
A81014,QUEENSTREE PRACTICE,TS23 2LA,54.608303,-1.294813,E06000004,E99999999,TPP,TPP
A81016,PARK SURGERY,TS1 3QY,54.566667,-1.240007,E06000002,E99999999,TPP,TPP
A81017,WOODBRIDGE PRACTICE,TS17 0EE,54.538161,-1.292142,E06000004,E99999999,TPP,TPP
A81018,BENTLEY MEDICAL PRACTICE,TS10 4NW,54.599299,-1.068807,E06000003,E99999999,TPP,TPP
A81019,CROSSFELL HEALTH CENTRE,TS3 7RL,54.560975,-1.204406,E06000002,E99999999,TPP,TPP
A81020,MARTONSIDE MEDICAL CENTRE,TS4 3BU,54.553188,-1.220343,E06000002,E99999999,TPP,TPP
A81021,NORMANBY MEDICAL CENTRE,TS6 6TD,54.571137,-1.168043,E06000003,E99999999,TPP,TPP
A81022,HILLSIDE PRACTICE,TS12 2TG,54.563154,-0.980814,E06000003,E99999999,TPP,TPP
A81023,THE ENDEAVOUR PRACTICE,TS1 2NX,54.575059,-1.235411,E06000002,E99999999,TPP,TPP
A81025,THE DOVECOT SURGERY,TS18 1HU,54.561637,-1.318999,E06000004,E99999999,TPP,TPP
A81026,LINTHORPE SURGERY,TS5 6HA,54.563343,-1.241615,E06000002,E99999999,TPP,TPP
A81027,YARM MEDICAL PRACTICE,TS15 9DD,54.505085,-1.355828,E06000004,E99999999,TPP,TPP
A81029,PROSPECT SURGERY,TS1 2NX,54.575059,-1.235411,E06000002,E99999999,TPP,TPP
A81030,BOROUGH ROAD & NUNTHORPE MEDICAL GROUP,TS1 3RY,54.571979,-1.227224,E06000002,E99999999,TPP,TPP
A81031,HAVELOCK GRANGE PRACTICE,TS24 7PW,54.682342,-1.214164,E06000001,E99999999,TPP,TPP
A81032,THE GARTH,TS14 7DJ,54.53261,-1.055459,E06000003,E99999999,TPP,TPP
A81034,THORNABY & BARWICK MEDICAL GROUP,TS17 0EE,54.538161,-1.292142,E06000004,E99999999,TPP,TPP
A81035,NEWLANDS MEDICAL CENTRE,TS1 3RX,54.571944,-1.226049,E06000002,E99999999,EMIS,EMIS
A81036,NORTON MEDICAL CENTRE,TS20 2UZ,54.588737,-1.308737,E06000004,E99999999,TPP,TPP
A81037,THE ERIMUS PRACTICE,TS1 2NX,54.575059,-1.235411,E06000002,E99999999,TPP,TPP
A81038,HIRSEL MEDICAL CENTRE,TS3 6AL,54.571738,-1.216246,E06000002,E99999999,TPP,TPP
A81039,EAGLESCLIFFE MEDICAL PRACTICE,TS16 9EA,54.520025,-1.348131,E06000004,E99999999,TPP,TPP
A81040,MARSH HOUSE MEDICAL PRACTICE,TS23 2DG,54.611738,-1.29223,E06000004,E99999999,TPP,TPP
A81041,HART MEDICAL PRACTICE,TS24 9DN,54.70398,-1.223445,E06000001,E99999999,TPP,TPP
A81042,SOUTH GRANGE MEDICAL GROUP PRACTICE,TS6 9QG,54.569967,-1.16652,E06000003,E99999999,TPP,TPP
A81044,MCKENZIE HOUSE SURGERY,TS25 1QU,54.672432,-1.210401,E06000001,E99999999,TPP,TPP
A81045,THE COATHAM ROAD SURGERY,TS10 1SR,54.617378,-1.071941,E06000003,E99999999,TPP,TPP
A81046,WOODLANDS FAMILY MEDICAL CENTRE,TS18 1YE,54.561227,-1.321217,E06000004,E99999999,TPP,TPP
A81048,ZETLAND MEDICAL PRACTICE,TS11 7BL,54.591713,-1.016408,E06000003,E99999999,TPP,TPP
A81049,KINGS MEDICAL CENTRE,TS3 6AL,54.571738,-1.216246,E06000002,E99999999,TPP,TPP
A81051,CAMBRIDGE MEDICAL GROUP,TS5 5NN,54.554162,-1.252314,E06000002,E99999999,TPP,TPP
A81052,THE GREEN HOUSE SURGERY,TS10 4NW,54.599299,-1.068807,E06000003,E99999999,TPP,TPP
A81053,WOODSIDE SURGERY,TS13 4HW,54.553923,-0.886804,E06000003,E99999999,TPP,TPP
A81054,THE SALTSCAR SURGERY,TS10 1UA,54.616294,-1.073653,E06000003,E99999999,TPP,TPP
A81056,MELROSE SURGERY,TS23 2JW,54.609409,-1.287316,E06000004,E99999999,TPP,TPP
A81057,KINGSWAY MEDICAL CENTRE,TS23 2LS,54.606471,-1.289024,E06000004,E99999999,TPP,TPP
A81058,COULBY MEDICAL PRACTICE,TS8 0TL,54.524817,-1.213775,E06000002,E99999999,EMIS,EMIS
A81060,WEST QUAY MEDICAL PRACTICE,TS26 8DB,54.685184,-1.217273,E06000001,E99999999,TPP,TPP
A81063,THE HEADLAND MEDICAL CENTRE,TS24 0NZ,54.696651,-1.18312,E06000001,E99999999,TPP,TPP
A81064,THE DISCOVERY PRACTICE,TS1 2NX,54.575059,-1.235411,E06000002,E99999999,TPP,TPP
A81066,PARK LANE SURGERY,TS21 1JS,54.60465,-1.425143,E06000004,E99999999,TPP,TPP
A81067,ALMA MEDICAL CENTRE,TS18 2BP,54.569502,-1.317661,E06000004,E99999999,TPP,TPP
A81070,MCKENZIE GROUP PRACTICE,TS25 3DQ,54.660476,-1.239281,E06000001,E99999999,TPP,TPP
A81602,DR RASOOL,TS23 2DG,54.611738,-1.29223,E06000004,E99999999,TPP,TPP
A81608,ELM TREE SURGERY,TS17 6PG,54.554886,-1.29966,E06000004,E99999999,TPP,TPP
A81610,THE ROSEBERRY PRACTICE,TS23 2DG,54.611738,-1.29223,E06000004,E99999999,TPP,TPP
A81611,PARKWAY MEDICAL CENTRE,TS8 0TL,54.524817,-1.213775,E06000002,E99999999,EMIS,EMIS
A81612,THE PATEL PRACTICE,TS25 1AX,54.661414,-1.188586,E06000001,E99999999,TPP,TPP
A81618,HUNTCLIFF SURGERY,TS12 1BJ,54.582776,-0.974707,E06000003,E99999999,EMIS,EMIS
A81621,THORNTREE SURGERY,TS3 9NB,54.565221,-1.183474,E06000002,E99999999,TPP,TPP
A81622,GLADSTONE HOUSE SURGERY,TS26 8DF,54.685211,-1.218591,E06000001,E99999999,TPP,TPP
A81629,RIVERSIDE MEDICAL PRACTICE,TS18 2AP,54.56887,-1.315584,E06000004,E99999999,TPP,TPP
A81631,WEST VIEW MILLENIUM SURGERY A,TS24 9LJ,54.709889,-1.22282,E06000001,E99999999,TPP,TPP
A82003,ULVERSTON MEDICAL PRACTICE,LA12 7BT,54.198891,-3.097833,E06000064,E99999999,EMIS,EMIS
A82004,ALSTON MEDICAL PRACTICE,CA9 3QU,54.810742,-2.440174,E06000064,E99999999,EMIS,EMIS
A82005,AMBLESIDE HEALTH CENTRE,LA22 9BP,54.435059,-2.96636,E06000064,E99999999,EMIS,EMIS
A82006,APPLEBY MEDICAL PRACTICE,CA16 6QR,54.57809,-2.492998,E06000064,E99999999,EMIS,EMIS
A82007,DUKE STREET SURGERY,LA14 1LF,54.110679,-3.225657,E06000064,E99999999,EMIS,EMIS
A82008,NORWOOD MEDICAL CENTRE,LA14 5ES,54.119209,-3.222971,E06000064,E99999999,EMIS,EMIS
A82009,BRIDGEGATE MEDICAL CENTRE,LA13 9SH,54.11433,-3.208692,E06000064,E99999999,EMIS,EMIS
A82010,ABBEY ROAD SURGERY,LA14 2LB,54.109942,-3.224779,E06000064,E99999999,EMIS,EMIS
A82012,BRAMPTON MEDICAL PRACTICE,CA8 1NL,54.94237,-2.734846,E06000063,E99999999,EMIS,EMIS
A82013,UPPER EDEN MEDICAL PRACTICE,CA17 4RB,54.474727,-2.350139,E06000064,E99999999,EMIS,EMIS
A82014,CALDBECK SURGERY,CA7 8DS,54.749871,-3.050627,E06000063,E99999999,EMIS,EMIS
A82015,CARLISLE CENTRAL PRACTICE,CA1 1EB,54.893802,-2.928497,E06000063,E99999999,EMIS,EMIS
A82016,CARLISLE HEALTHCARE,CA1 3UB,54.885364,-2.903502,E06000063,E99999999,EMIS,EMIS
A82018,SPENCER ST SURGERY,CA1 1BP,54.894887,-2.931157,E06000063,E99999999,EMIS,EMIS
A82020,EDEN MEDICAL GROUP,CA2 7AJ,54.894174,-2.952455,E06000063,E99999999,EMIS,EMIS
A82021,CASTLEGATE AND DERWENT SURGERY,CA13 9HT,54.667192,-3.358501,E06000063,E99999999,EMIS,EMIS
A82022,DALSTON MEDICAL GROUP,CA5 7PZ,54.841382,-2.985547,E06000063,E99999999,EMIS,EMIS
A82023,DISTINGTON SURGERY,CA14 5UR,54.595313,-3.541352,E06000063,E99999999,EMIS,EMIS
A82024,SEASCALE HEALTH CENTRE,CA20 1PN,54.396973,-3.479867,E06000063,E99999999,EMIS,EMIS
A82025,CAPTAIN FRENCH SURGERY,LA9 4JE,54.323439,-2.748564,E06000064,E99999999,EMIS,EMIS
A82026,THE JAMES COCHRANE PRACT.,LA9 7HR,54.312706,-2.737133,E06000064,E99999999,EMIS,EMIS
A82027,STATION HOUSE SURGERY,LA9 6SA,54.331889,-2.739537,E06000064,E99999999,EMIS,EMIS
A82028,CASTLEHEAD MEDICAL CENTRE,CA12 4DB,54.597698,-3.134576,E06000063,E99999999,EMIS,EMIS
A82029,THE CROFT SURGERY,CA7 5JH,54.896921,-3.202915,E06000063,E99999999,EMIS,EMIS
A82030,LUNESDALE SURGERY,LA6 2HQ,54.200584,-2.602214,E06000064,E99999999,EMIS,EMIS
A82031,SHAP MEDICAL PRACTICE,CA10 3LW,54.528899,-2.677936,E06000064,E99999999,EMIS,EMIS
A82032,MARYPORT HEALTH SERVICES,CA15 8EL,54.706439,-3.494532,E06000063,E99999999,EMIS,EMIS
A82033,WATERLOO HOUSE SURGERY,LA18 4BY,54.208948,-3.268021,E06000063,E99999999,EMIS,EMIS
A82035,BIRBECK MEDICAL GROUP,CA11 8HW,54.656225,-2.743839,E06000064,E99999999,EMIS,EMIS
A82036,THE LAKES MEDICAL PRACTICE,CA11 8HW,54.656225,-2.743839,E06000064,E99999999,EMIS,EMIS
A82037,SILLOTH GROUP MEDICAL PRACTICE,CA7 4AH,54.86971,-3.393572,E06000063,E99999999,EMIS,EMIS
A82038,TEMPLE SOWERBY MEDICAL PRACTICE,CA10 1RW,54.636786,-2.605304,E06000064,E99999999,EMIS,EMIS
A82039,DALTON SURGERY,LA15 8AB,54.155925,-3.179815,E06000064,E99999999,EMIS,EMIS
A82041,LOWTHER MEDICAL CENTRE,CA28 7RG,54.545063,-3.586393,E06000063,E99999999,EMIS,EMIS
A82044,FELLVIEW HEALTHCARE,CA22 2BD,54.482542,-3.532986,E06000063,E99999999,EMIS,EMIS
A82045,WIGTON GROUP MEDICAL PRACTICE,CA7 9QD,54.82033,-3.159035,E06000063,E99999999,EMIS,EMIS
A82046,WINDERMERE HEALTH CENTRE,LA23 2EG,54.370879,-2.913424,E06000064,E99999999,EMIS,EMIS
A82047,JAMES STREET GROUP PRACT,CA14 2DL,54.644838,-3.550292,E06000063,E99999999,EMIS,EMIS
A82053,NUTWOOD MEDICAL PRACTICE,LA11 7DJ,54.187966,-2.915665,E06000064,E99999999,EMIS/EVERGREENLIFE,EMIS
A82055,ASPATRIA MEDICAL GROUP,CA7 3HH,54.762157,-3.337948,E06000063,E99999999,EMIS,EMIS
A82062,ATKINSON HEALTH CENTRE,LA14 2LB,54.109942,-3.224779,E06000064,E99999999,EMIS,EMIS
A82064,WESTCROFT HOUSE SURGERY,CA22 2DB,54.483155,-3.528594,E06000063,E99999999,EMIS,EMIS
A82068,ULVERSTON COMMUNITY HEALTH CENTRE,LA12 7BT,54.198891,-3.097833,E06000064,E99999999,EMIS,EMIS
A82070,ST. MARY'S SURGERY,LA23 1BA,54.380773,-2.90884,E06000064,E99999999,EMIS,EMIS
A82071,BURNETT EDGAR MEDICAL CTR,LA14 3HY,54.107131,-3.255073,E06000064,E99999999,MEDICUS,MEDICUS
A82072,RISEDALE SURGERY,LA14 2LB,54.109942,-3.224779,E06000064,E99999999,EMIS,EMIS
A82075,MANSION HOUSE SURGERY,CA28 7BU,54.545953,-3.588422,E06000063,E99999999,EMIS,EMIS
A82608,SEDBERGH MEDICAL PRACTICE,LA10 5DL,54.322391,-2.535271,E06000064,E99999999,EMIS,EMIS
A82613,WRAYSDALE HOUSE SURGERY,LA21 8ER,54.367255,-3.07608,E06000064,E99999999,EMIS,EMIS
A82617,KIRKOSWALD SURGERY,CA10 1DQ,54.763777,-2.692582,E06000064,E99999999,EMIS,EMIS
A82620,GLENRIDDING HEALTH CENTRE,CA11 0PD,54.544383,-2.951274,E06000064,E99999999,EMIS,EMIS
A82629,THE FAMILY PRACTICE,LA14 5SL,54.116763,-3.229279,E06000064,E99999999,EMIS,EMIS
A82631,COURT THORN SURGERY,CA4 0HP,54.801834,-2.826253,E06000064,E99999999,EMIS,EMIS
A82646,LONGTOWN MEDICAL CENTRE,CA6 5XA,55.010511,-2.96428,E06000063,E99999999,EMIS,EMIS
A82647,CARTMEL SURGERY,LA11 6PH,54.199174,-2.946985,E06000064,E99999999,EMIS,EMIS
A82650,HAVERTHWAITE SURGERY,LA12 8AL,54.249762,-2.999729,E06000064,E99999999,EMIS,EMIS
A82651,DUDDON VALLEY MEDICAL PRACTICE,LA17 7TE,54.232419,-3.184683,E06000064,E99999999,EMIS,EMIS
A82654,WARWICK SQUARE GROUP PRACTICE,CA1 1LB,54.893141,-2.926814,E06000063,E99999999,EMIS,EMIS
A83001,ST ANDREW'S MEDICAL PRACTICE,DL16 6QA,54.699644,-1.598223,E06000047,E99999999,TPP,TPP
A83003,WILLINGTON MEDICAL GROUP,DL15 0EQ,54.710285,-1.694347,E06000047,E99999999,TPP,TPP
A83005,WHINFIELD MEDICAL PRACTICE,DL1 3RT,54.546281,-1.525004,E06000005,E99999999,TPP,TPP
A83006,ORCHARD COURT SURGERY,DL3 6HZ,54.532373,-1.566657,E06000005,E99999999,TPP,TPP
A83007,BLACKHALL AND PETERLEE PRACTICE,TS27 4LQ,54.746911,-1.289751,E06000047,E99999999,TPP,TPP
A83008,HALLGARTH SURGERY,DL4 2HP,54.634893,-1.643649,E06000047,E99999999,TPP,TPP
A83009,BRIDGE END SURGERY,DH3 3SL,54.859312,-1.573492,E06000047,E99999999,EMIS,EMIS
A83010,MOORLANDS SURGERY,DL3 9JP,54.534227,-1.577594,E06000005,E99999999,TPP,TPP
A83011,CLAYPATH & UNIVERSITY MEDICAL GROUP,DH1 1QW,54.778709,-1.567171,E06000047,E99999999,TPP,TPP
A83012,WILLIAM BROWN CENTRE,SR8 5TW,54.758004,-1.331435,E06000047,E99999999,TPP,TPP
A83013,NEASHAM ROAD SURGERY,DL1 4YL,54.517268,-1.542657,E06000005,E99999999,TPP,TPP
A83014,BELMONT & SHERBURN MEDICAL GROUP,DH1 2QW,54.786157,-1.528172,E06000047,E99999999,TPP,TPP
A83015,STATION VIEW MEDICAL CENTRE,DL14 6AB,54.656611,-1.678241,E06000047,E99999999,TPP,TPP
A83016,TANFIELD VIEW MEDICAL GROUP,DH9 8AD,54.869947,-1.701385,E06000047,E99999999,TPP,TPP
A83018,CONSETT MEDICAL CENTRE,DH8 5YA,54.85132,-1.827769,E06000047,E99999999,TPP,TPP
A83020,NORTH HOUSE SURGERY,DL15 9HU,54.716993,-1.747262,E06000047,E99999999,TPP,TPP
A83021,AUCKLAND MEDICAL GROUP,DL14 6RP,54.648094,-1.679006,E06000047,E99999999,TPP,TPP
A83022,THE MEDICAL GROUP,DH7 8NH,54.748305,-1.628922,E06000047,E99999999,TPP,TPP
A83023,STANLEY MEDICAL GROUP,DH9 0AB,54.870038,-1.698065,E06000047,E99999999,TPP,TPP
A83024,WEST RAINTON SURGERY,DH4 6RQ,54.81111,-1.504994,E06000047,E99999999,TPP,TPP
A83025,BISHOPGATE MEDICAL CENTRE,DL14 7EJ,54.659113,-1.676237,E06000047,E99999999,TPP,TPP
A83026,SACRISTON MEDICAL CENTRE,DH7 6JW,54.81962,-1.628363,E06000047,E99999999,EMIS,EMIS
A83027,COXHOE MEDICAL PRACTICE,DH6 4DH,54.714682,-1.504367,E06000047,E99999999,TPP,TPP
A83028,MIDDLE CHARE MEDICAL GROUP,DH3 3QD,54.855645,-1.573126,E06000047,E99999999,EMIS,EMIS
A83029,GREAT LUMLEY SURGERY,DH3 4LE,54.837257,-1.543131,E06000047,E99999999,EMIS,EMIS
A83030,DUNELM MEDICAL PRACTICE,DH7 7DG,54.783437,-1.636142,E06000047,E99999999,TPP,TPP
A83031,CARMEL MEDICAL PRACTICE,DL3 8SQ,54.527924,-1.579281,E06000005,E99999999,TPP,TPP
A83032,WOODVIEW MEDICAL PRACTICE,DL13 5AF,54.612781,-1.80411,E06000047,E99999999,TPP,TPP
A83033,PELTON & FELLROSE MEDICAL GROUP,DH2 1HS,54.873325,-1.60356,E06000047,E99999999,TPP,TPP
A83034,BLACKETTS MEDICAL PRACTICE,DL3 7JR,54.527232,-1.559016,E06000005,E99999999,TPP,TPP
A83035,THE WEARDALE PRACTICE,DL13 2XD,54.746013,-2.002665,E06000047,E99999999,TPP,TPP
A83036,CHASTLETON MEDICAL GROUP,DH1 5BH,54.795763,-1.587147,E06000047,E99999999,TPP,TPP
A83037,BEWICK CRESCENT SURGERY,DL5 5LH,54.617559,-1.57187,E06000047,E99999999,TPP,TPP
A83038,CEDARS MEDICAL GROUP,NE16 6HU,54.905577,-1.740454,E06000047,E99999999,TPP,TPP
A83040,CLIFTON COURT MEDICAL PRACTICE,DL1 5JN,54.521149,-1.549565,E06000005,E99999999,TPP,TPP
A83041,MURTON MEDICAL CENTRE,SR7 9AB,54.817006,-1.38334,E06000047,E99999999,TPP,TPP
A83043,OLD FORGE SURGERY,DL12 0QE,54.62305,-2.079766,E06000047,E99999999,TPP,TPP
A83044,THE HORDEN GROUP PRACTICE,SR8 4LD,54.763742,-1.312924,E06000047,E99999999,TPP,TPP
A83045,FERRYHILL AND CHILTON MEDICAL PRACTICE,DL17 8JJ,54.689848,-1.556839,E06000047,E99999999,TPP,TPP
A83046,BARNARD CASTLE SURGERY,DL12 8HT,54.545717,-1.916162,E06000047,E99999999,TPP,TPP
A83047,DENMARK STREET SURGERY,DL3 0PD,54.538836,-1.552261,E06000005,E99999999,TPP,TPP
A83048,ROCKLIFFE COURT SURGERY,DL2 2DS,54.483455,-1.544084,E06000005,E99999999,TPP,TPP
A83049,QUEENS ROAD SURGERY,DH8 0BW,54.866986,-1.843798,E06000047,E99999999,TPP,TPP
A83050,CESTRIA HEALTH CENTRE,DH2 3DJ,54.85173,-1.597698,E06000047,E99999999,TPP,TPP
A83051,MARLBOROUGH SURGERY,SR7 7JE,54.835804,-1.33549,E06000047,E99999999,TPP,TPP
A83052,BISHOPS CLOSE MEDICAL PRACTICE,DL16 6ED,54.699827,-1.599152,E06000047,E99999999,TPP,TPP
A83054,SKERNE MEDICAL GROUP,TS21 3BN,54.654043,-1.448812,E06000047,E99999999,TPP,TPP
A83055,CHEVELEY PARK MEDICAL CTR,DH1 2UW,54.785609,-1.52583,E06000047,E99999999,TPP,TPP
A83057,EAST DURHAM MEDICAL GROUP,TS28 5PZ,54.725581,-1.378952,E06000047,E99999999,TPP,TPP
A83060,PINFOLD MEDICAL PRACTICE,DL13 5NX,54.626551,-1.836075,E06000047,E99999999,TPP,TPP
A83061,GAINFORD SURGERY,DL2 3BE,54.546257,-1.731126,E06000047,E99999999,TPP,TPP
A83066,JUBILEE MEDICAL GROUP,DL5 4SE,54.629666,-1.580232,E06000047,E99999999,TPP,TPP
A83070,MIDDLETON AND DINSDALE MEDICAL PRACTICE,DL2 1BY,54.514806,-1.447921,E06000005,E99999999,TPP,TPP
A83071,THE NEW SEAHAM MEDICAL GROUP,SR7 8DY,54.834804,-1.365336,E06000047,E99999999,TPP,TPP
A83072,LANCHESTER MEDICAL CENTRE,DH7 0LP,54.819817,-1.738684,E06000047,E99999999,TPP,TPP
A83073,DRS LAMBERT & NG,DH9 7XT,54.857656,-1.737599,E06000047,E99999999,TPP,TPP
A83074,PEASE WAY MEDICAL CENTRE,DL5 5NH,54.618591,-1.576505,E06000047,E99999999,TPP,TPP
A83075,BYRON MEDICAL PRACTICE,SR7 8LF,54.836856,-1.348925,E06000047,E99999999,TPP,TPP
A83610,WINGATE MEDICAL PRACTICE INTRAHEALTH,TS28 5PZ,54.725581,-1.378952,E06000047,E99999999,TPP,TPP
A83616,BEVAN MEDICAL GROUP,DH6 2LQ,54.760846,-1.388109,E06000047,E99999999,TPP,TPP
A83617,BROWNEY HOUSE SURGERY,DH7 9YT,54.800365,-1.669761,E06000047,E99999999,TPP,TPP
A83618,OAKFIELDS HEALTH GROUP,NE17 7SB,54.903631,-1.816537,E06000047,E99999999,TPP,TPP
A83619,SOUTHDENE MEDICAL CENTRE,DH6 2LT,54.763245,-1.386161,E06000047,E99999999,TPP,TPP
A83622,THE HAVEN SURGERY,DH7 0BD,54.825113,-1.712284,E06000047,E99999999,TPP,TPP
A83626,EVENWOOD MEDICAL PRACTICE,DL14 9SU,54.620141,-1.758638,E06000047,E99999999,TPP,TPP
A83627,SILVERDALE FAMILY PRACTICE,DH6 2TH,54.800253,-1.4101,E06000047,E99999999,TPP,TPP
A83634,WEST CORNFORTH MEDICAL CENTRE,DL17 9LH,54.703235,-1.522756,E06000047,E99999999,TPP,TPP
A83635,BOWBURN MEDICAL CENTRE,DH6 5AL,54.736269,-1.527275,E06000047,E99999999,TPP,TPP
A83636,LEADGATE SURGERY,DH8 6DP,54.86057,-1.805999,E06000047,E99999999,TPP,TPP
A83637,VILLAGES MEDICAL GROUP,DH2 2NJ,54.857871,-1.609802,E06000047,E99999999,TPP,TPP
A83641,PARKGATE SURGERY,DL1 5LW,54.523284,-1.548615,E06000005,E99999999,TPP,TPP
A83644,ANNFIELD PLAIN SURGERY,DH9 7TD,54.856771,-1.735502,E06000047,E99999999,EMIS,EMIS
A84002,THE ROTHBURY PRACTICE,NE65 7RW,55.306774,-1.913926,E06000057,E99999999,TPP,TPP
A84005,BEDLINGTONSHIRE MED.GROUP,NE22 6JX,55.1322,-1.598682,E06000057,E99999999,TPP,TPP
A84006,ALNWICK MEDICAL GROUP,NE66 2NL,55.410077,-1.6967,E06000057,E99999999,TPP,TPP
A84007,PONTELAND MEDICAL GROUP,NE20 9SD,55.051757,-1.750046,E06000057,E99999999,TPP,TPP
A84008,BELFORD MEDICAL PRACTICE,NE70 7ER,55.595956,-1.826117,E06000057,E99999999,TPP,TPP
A84009,RAILWAY MEDICAL GROUP,NE24 1HD,55.128793,-1.514249,E06000057,E99999999,EMIS,EMIS
A84011,WHITE MEDICAL GROUP,NE20 9SD,55.051757,-1.750046,E06000057,E99999999,EMIS,EMIS
A84013,THE GABLES MEDICAL GROUP,NE22 7DU,55.140816,-1.564444,E06000057,E99999999,TPP,TPP
A84014,MARINE MEDICAL GROUP,NE24 1DX,55.127879,-1.51495,E06000057,E99999999,TPP,TPP
A84016,PRUDHOE MEDICAL GROUP,NE42 5PW,54.961947,-1.853348,E06000057,E99999999,TPP,TPP
A84018,CORBRIDGE HEALTH CENTRE,NE45 5LG,54.973869,-2.012711,E06000057,E99999999,EMIS,EMIS
A84020,GUIDEPOST MEDICAL GROUP,NE62 5RA,55.157585,-1.604124,E06000057,E99999999,TPP,TPP
A84022,COQUET MEDICAL GROUP,NE65 0HD,55.332602,-1.580519,E06000057,E99999999,TPP,TPP
A84024,BURN BRAE MEDICAL GROUP,NE46 1QJ,54.970445,-2.094672,E06000057,E99999999,EMIS,EMIS
A84025,CRAMLINGTON MEDICAL GROUP,NE23 6QN,55.084488,-1.59153,E06000057,E99999999,TPP,TPP
A84026,WELL CLOSE MEDICAL GROUP,TD15 1LL,55.772455,-2.006137,E06000057,E99999999,TPP,TPP
A84027,BELLINGHAM PRACTICE,NE48 2HE,55.143844,-2.258007,E06000057,E99999999,TPP,TPP
A84028,SEATON PARK MEDICAL GROUP,NE63 0NG,55.171195,-1.561193,E06000057,E99999999,TPP,TPP
A84029,NORTHUMBERLAND HEALTH,NE61 5LX,55.240252,-1.620524,E06000057,E99999999,TPP,TPP
A84030,VILLAGE MEDICAL GROUP,NE23 6US,55.084778,-1.587094,E06000057,E99999999,TPP,TPP
A84031,GREYSTOKE SURGERY,NE61 1JX,55.171698,-1.683437,E06000057,E99999999,TPP,TPP
A84033,THE SELE MEDICAL PRACTICE,NE46 1QJ,54.970445,-2.094672,E06000057,E99999999,EMIS,EMIS
A84034,HALTWHISTLE MEDICAL GROUP,NE49 9AP,54.970077,-2.464848,E06000057,E99999999,EMIS,EMIS
A84035,RIVERSDALE SURGERY,NE42 5DQ,54.961372,-1.84562,E06000057,E99999999,TPP,TPP
A84036,VALENS MEDICAL PARTNERSHIP,NE61 1BJ,55.169477,-1.689719,E06000057,E99999999,TPP,TPP
A84037,NETHERFIELD HOUSE,NE23 7EF,55.063989,-1.547851,E06000057,E99999999,TPP,TPP
A84038,FORUM FAMILY PRACTICE,NE23 6QN,55.084488,-1.59153,E06000057,E99999999,TPP,TPP
A84039,GAS HOUSE LANE SURGERY,NE61 1JX,55.171698,-1.683437,E06000057,E99999999,TPP,TPP
A84040,HUMSHAUGH & WARK MED GRP,NE46 4BU,55.036042,-2.125352,E06000057,E99999999,EMIS,EMIS
A84042,SCOTS GAP MEDICAL GROUP,NE61 4EG,55.17275,-1.940573,E06000057,E99999999,EMIS,EMIS
A84044,UNION BRAE & NORHAM PRAC,TD15 2HB,55.766713,-2.011778,E06000057,E99999999,TPP,TPP
A84045,HAYDON BRIDGE & ALLENDALE MEDICAL PRACT,NE47 6LA,54.975687,-2.250068,E06000057,E99999999,TPP,TPP
A84047,BRANCH END SURGERY,NE43 7LL,54.947139,-1.897801,E06000057,E99999999,TPP,TPP
A84604,WOOLER HEALTH,NE71 6BL,55.546533,-2.018128,E06000057,E99999999,TPP,TPP
A84614,THE ADDERLANE SURGERY,NE42 5HR,54.962612,-1.845756,E06000057,E99999999,EMIS,EMIS
A84619,ELSDON AVENUE SURGERY,NE25 0BW,55.070627,-1.5259,E06000057,E99999999,TPP,TPP
A85001,FELL TOWER MEDICAL CENTRE,NE9 5EY,54.935046,-1.599068,E08000037,E99999999,EMIS,EMIS
A85002,BENSHAM FAMILY PRACTICE,NE8 2XB,54.952789,-1.61705,E08000037,E99999999,EMIS,EMIS
A85004,LONGRIGG MEDICAL CENTRE,NE10 8PH,54.943764,-1.54589,E08000037,E99999999,EMIS,EMIS
A85005,OXFORD TCE & RAWLING RD MEDICAL GROUP,NE8 1RQ,54.954309,-1.606293,E08000037,E99999999,EMIS,EMIS
A85006,GLENPARK & TEAMS MEDICAL SERVICES,NE11 9FJ,54.952972,-1.639079,E08000037,E99999999,EMIS,EMIS
A85007,FELL COTTAGE SURGERY,NE9 5XY,54.938418,-1.594211,E08000037,E99999999,EMIS,EMIS
A85008,BIRTLEY MEDICAL GROUP,DH3 2QT,54.891889,-1.576453,E08000037,E99999999,EMIS,EMIS
A85009,CROWHALL MEDICAL CENTRE,NE10 9QG,54.947997,-1.568137,E08000037,E99999999,EMIS,EMIS
A85010,CHAINBRIDGE MEDICAL PARTNERSHIP,NE21 5AE,54.964222,-1.71273,E08000037,E99999999,EMIS,EMIS
A85011,ST. ALBANS MEDICAL GROUP,NE10 9QG,54.947997,-1.568137,E08000037,E99999999,EMIS,EMIS
A85013,MILLENNIUM FAMILY PRACTICE,NE8 1AD,54.963062,-1.603724,E08000037,E99999999,EMIS,EMIS
A85014,CRAWCROOK MEDICAL CENTRE,NE40 4US,54.965705,-1.787502,E08000037,E99999999,EMIS,EMIS
A85016,WREKENTON MEDICAL GROUP,NE9 7AD,54.926384,-1.570427,E08000037,E99999999,EMIS,EMIS
A85017,BEWICK ROAD SURGERY,NE8 4DP,54.956406,-1.601666,E08000037,E99999999,EMIS,EMIS
A85018,OLDWELL SURGERY,NE21 4RD,54.95518,-1.723614,E08000037,E99999999,EMIS,EMIS
A85019,CENTRAL GATESHEAD MEDICAL GROUP,NE8 1NB,54.956486,-1.60432,E08000037,E99999999,EMIS,EMIS
A85020,WHICKHAM COTTAGE MEDICAL CENTRE,NE16 4PD,54.945387,-1.677238,E08000037,E99999999,EMIS,EMIS
A85021,SECOND STREET SURGERY,NE8 2UR,54.954651,-1.614924,E08000037,E99999999,EMIS,EMIS
A85024,CHOPWELL PRIMARY HEALTHCARE CENTRE,NE17 7BU,54.919792,-1.813484,E08000037,E99999999,EMIS,EMIS
A85026,BEACON VIEW MEDICAL CENTRE,NE9 6YS,54.933073,-1.584214,E08000037,E99999999,EMIS,EMIS
A85611,PELAW MEDICAL PRACTICE,NE10 0RR,54.954725,-1.54038,E08000037,E99999999,EMIS,EMIS
A85614,THE BRIDGES MEDICAL PRACTICE,NE8 1AD,54.963062,-1.603724,E08000037,E99999999,EMIS,EMIS
A85616,HOLLYHURST MEDICAL CENTRE,NE21 4RD,54.95518,-1.723614,E08000037,E99999999,EMIS,EMIS
A85617,SUNNISIDE SURGERY,NE16 5LP,54.922943,-1.675093,E08000037,E99999999,EMIS,EMIS
A86003,SAVILLE MEDICAL GROUP,NE1 8DQ,54.976102,-1.609612,E08000021,E99999999,EMIS,EMIS
A86004,PROSPECT MEDICAL CENTRE,NE4 8AY,54.974192,-1.646202,E08000021,E99999999,TPP,TPP
A86005,WEST FARM SURGERY,NE12 8LS,55.01207,-1.584072,E08000022,E99999999,TPP,TPP
A86006,ROSEWORTH SURGERY,NE3 1NB,55.001373,-1.618685,E08000021,E99999999,TPP,TPP
A86008,PARK MEDICAL GROUP,NE3 2PE,55.013936,-1.645385,E08000021,E99999999,TPP,TPP
A86010,BIDDLESTONE HEALTH GROUP,NE6 5SL,54.989193,-1.576744,E08000021,E99999999,TPP,TPP
A86011,WALKER MEDICAL GROUP,NE6 3BS,54.972446,-1.545239,E08000021,E99999999,TPP,TPP
A86012,WEST ROAD MEDICAL CENTRE,NE4 9QB,54.976216,-1.656276,E08000021,E99999999,TPP,TPP
A86013,DENTON PARK MEDICAL GROUP,NE5 2QW,54.993115,-1.69874,E08000021,E99999999,TPP,TPP
A86016,LANE END SURGERY,NE7 7XX,55.008911,-1.577241,E08000022,E99999999,TPP,TPP
A86017,CRUDDAS PARK SURGERY,NE4 7JT,54.96818,-1.630978,E08000021,E99999999,EMIS,EMIS
A86018,THE GROVE MEDICAL GROUP,NE3 1NU,55.002183,-1.6191,E08000021,E99999999,TPP,TPP
A86020,JESMOND HEALTH PARTNERSHIP,NE2 3LD,54.996392,-1.609276,E08000021,E99999999,TPP/EVERGREENLIFE,TPP
A86021,HOLMSIDE MEDICAL GROUP,NE4 8QB,54.968974,-1.659977,E08000021,E99999999,EMIS,EMIS
A86022,PARKWAY MEDICAL GROUP,NE5 1LJ,54.996847,-1.71514,E08000021,E99999999,TPP,TPP
A86023,BENFIELD PARK MEDICAL GROUP,NE6 4QD,54.989373,-1.56163,E08000021,E99999999,TPP,TPP
A86024,HEATON ROAD SURGERY,NE6 1SA,54.97833,-1.579858,E08000021,E99999999,TPP,TPP
A86025,WESTERHOPE MEDICAL GROUP,NE5 2LH,54.997784,-1.686826,E08000021,E99999999,EMIS,EMIS
A86026,THROCKLEY PRIMARY CARE CENTRE,NE15 9PA,54.992889,-1.758867,E08000021,E99999999,TPP,TPP
A86027,NEWCASTLE MEDICAL CENTRE,NE1 7XR,54.975139,-1.614776,E08000021,E99999999,TPP,TPP
A86028,REGENT MEDICAL CENTRE,NE3 1DQ,55.009015,-1.622819,E08000021,E99999999,TPP,TPP
A86029,THORNFIELD MEDICAL GROUP,NE6 1SG,54.977498,-1.583491,E08000021,E99999999,TPP,TPP
A86030,BETTS AVENUE MEDICAL GROUP,NE15 6TQ,54.973295,-1.675876,E08000021,E99999999,TPP,TPP
A86031,FENHAM HALL SURGERY,NE4 9XD,54.984458,-1.660239,E08000021,E99999999,TPP,TPP
A86033,BRUNTON PARK,NE3 5NF,55.026814,-1.627751,E08000021,E99999999,TPP,TPP
A86037,ELSWICK FAMILY PRACTICE,NE4 6SH,54.969322,-1.640464,E08000021,E99999999,TPP,TPP
A86038,NEWBURN SURGERY,NE15 8LX,54.985651,-1.743628,E08000021,E99999999,TPP,TPP
A86040,ST. ANTHONY'S HEALTH CENTRE,NE6 2NN,54.966368,-1.556444,E08000021,E99999999,TPP,TPP
A86041,SWARLAND AVENUE SURGERY,NE7 7TD,55.006372,-1.578644,E08000021,E99999999,TPP,TPP
A86601,DENTON TURRET MEDICAL CENTRE,NE5 2UY,54.983935,-1.686401,E08000021,E99999999,TPP,TPP
A87002,SPRING TERRACE HEALTH CENTRE,NE29 0HD,55.010593,-1.451379,E08000022,E99999999,TPP,TPP
A87004,COLLINGWOOD HEALTH GROUP,NE29 0SF,55.0112,-1.456609,E08000022,E99999999,TPP,TPP
A87005,WHITLEY BAY HEALTH CENTRE,NE26 2ND,55.041417,-1.439973,E08000022,E99999999,TPP,TPP
A87007,STEPHENSON PARK HEALTH GROUP,NE12 9BQ,55.020362,-1.56758,E08000022,E99999999,TPP,TPP
A87008,MARINE AVENUE MEDICAL CTR,NE26 3LW,55.044028,-1.456948,E08000022,E99999999,EMIS,EMIS
A87009,PRIORY MEDICAL GROUP,NE29 0HT,55.010039,-1.450136,E08000022,E99999999,TPP,TPP
A87011,BEAUMONT PARK SURGERY,NE25 9XJ,55.04809,-1.473405,E08000022,E99999999,TPP,TPP
A87012,WIDEOPEN MEDICAL CENTRE,NE13 6LN,55.048263,-1.624531,E08000022,E99999999,TPP,TPP
A87013,BEWICKE MEDICAL CENTRE,NE28 0AD,54.996639,-1.49976,E08000022,E99999999,EMIS,EMIS
A87016,THE VILLAGE GREEN SURGERY,NE28 6BB,54.996316,-1.529292,E08000022,E99999999,EMIS,EMIS
A87017,WOODLANDS PARK HEALTH CTR,NE13 6JJ,55.046147,-1.628839,E08000022,E99999999,TPP,TPP
A87020,BRIDGE AND MONKSEATON MEDICAL PRACTICE,NE25 9PH,55.036765,-1.472834,E08000022,E99999999,TPP,TPP
A87022,NORTHUMBERLAND PARK MEDICAL GROUP,NE27 0HJ,55.03768,-1.506714,E08000022,E99999999,TPP,TPP
A87029,HADRIAN HEALTH CENTRE,NE28 8QU,54.992013,-1.536641,E08000022,E99999999,EMIS,EMIS
A87030,REDBURN PARK MEDICAL CENTRE,NE29 6HT,55.000928,-1.474788,E08000022,E99999999,TPP,TPP
A87612,WELLSPRING MEDICAL PRACT.,NE12 6HS,55.037297,-1.56408,E08000022,E99999999,TPP,TPP
A87615,MALLARD MEDICAL PRACTICE,NE12 6HS,55.037297,-1.56408,E08000022,E99999999,TPP,TPP
A88001,VICTORIA MEDICAL CENTRE,NE31 1NU,54.973937,-1.521601,E08000023,E99999999,EMIS,EMIS
A88002,FARNHAM MEDICAL CTR.,NE33 4QY,54.975584,-1.438077,E08000023,E99999999,EMIS,EMIS
A88003,MARSDEN MEDICAL GROUP,NE34 6RE,54.980472,-1.40015,E08000023,E99999999,EMIS,EMIS
A88004,MAYFIELD MEDICAL GROUP,NE32 5SE,54.977889,-1.496462,E08000023,E99999999,EMIS,EMIS
A88005,WENLOCK ROAD SURGERY,NE34 9BP,54.972643,-1.45524,E08000023,E99999999,EMIS,EMIS
A88006,TALBOT MEDICAL CENTRE,NE34 0BX,54.972932,-1.441738,E08000023,E99999999,EMIS,EMIS
A88008,TRINITY MEDICAL CENTRE,NE33 5DU,54.987701,-1.436798,E08000023,E99999999,EMIS,EMIS
A88009,DR THORNILEY-WALKER & PARTNERS,NE35 9AN,54.94977,-1.460717,E08000023,E99999999,EMIS,EMIS
A88010,ALBERT ROAD SURGERY,NE32 5AG,54.978075,-1.491507,E08000023,E99999999,EMIS,EMIS
A88012,ELLISON VIEW SURGERY,NE31 1NU,54.973937,-1.521601,E08000023,E99999999,EMIS,EMIS
A88013,CENTRAL SURGERY,NE34 8PS,54.971299,-1.415314,E08000023,E99999999,EMIS,EMIS
A88014,WEST VIEW SURGERY,NE33 4JP,54.984988,-1.431179,E08000023,E99999999,EMIS,EMIS
A88015,ST GEORGE & RIVERSIDE MEDICAL PRACTICE,NE33 5DU,54.987701,-1.436798,E08000023,E99999999,EMIS,EMIS
A88016,COLLIERY COURT MEDICAL GROUP,NE35 9AN,54.94977,-1.460717,E08000023,E99999999,EMIS,EMIS
A88022,THE GLEN MEDICAL GROUP,NE31 1NU,54.973937,-1.521601,E08000023,E99999999,EMIS,EMIS
A88023,WHITBURN SURGERY,SR6 7EE,54.952803,-1.364681,E08000023,E99999999,EMIS,EMIS
A88025,THE G.P.SUITE,NE32 3UX,54.980665,-1.49199,E08000023,E99999999,EMIS,EMIS
A88601,IMEARY MEDICAL GROUP,NE33 4JP,54.984988,-1.431179,E08000023,E99999999,EMIS,EMIS
A88608,RAVENSWORTH SURGERY,NE33 3ET,54.988389,-1.420598,E08000023,E99999999,EMIS,EMIS
A88613,EAST WING PRACTICE,NE32 3UX,54.980665,-1.49199,E08000023,E99999999,EMIS,EMIS
A89001,DEERNESS PARK MEDICAL GROUP,SR2 8AD,54.89995,-1.372764,E08000024,E99999999,EMIS,EMIS
A89002,RIVERVIEW SURGERY,SR1 2HJ,54.905525,-1.373254,E08000024,E99999999,EMIS,EMIS
A89004,HETTON GROUP PRACTICE,DH5 9EZ,54.825356,-1.449129,E08000024,E99999999,EMIS,EMIS
A89005,VILLETTE SURGERY,SR2 8AX,54.897475,-1.368436,E08000024,E99999999,EMIS,EMIS
A89006,WEARSIDE MEDICAL PRACTICE - PALLION,SR4 7XF,54.904182,-1.410345,E08000024,E99999999,EMIS,EMIS
A89007,PALLION FAMILY PRACTICE,SR4 7XF,54.904182,-1.410345,E08000024,E99999999,EMIS,EMIS
A89008,RED HOUSE MEDICAL CENTRE,SR5 5PS,54.925465,-1.424077,E08000024,E99999999,EMIS,EMIS
A89009,HERRINGTON MEDICAL CENTRE,DH4 4LE,54.865694,-1.48334,E08000024,E99999999,EMIS,EMIS
A89010,THE STEPHENSON MEDICAL PRACTICE,NE37 2PU,54.913419,-1.524877,E08000024,E99999999,EMIS,EMIS
A89011,VILLAGE SURGERY PARTNERSHIP,SR3 2AN,54.870962,-1.40723,E08000024,E99999999,EMIS,EMIS
A89012,GALLERIES MEDICAL PRACTICE,NE38 7NQ,54.898823,-1.531254,E08000024,E99999999,EMIS,EMIS
A89013,THE NEW CITY MEDICAL GROUP,SR1 2QB,54.904436,-1.376609,E08000024,E99999999,EMIS,EMIS
A89015,"FULWELL MEDICAL CENTRE,",SR6 8DZ,54.930494,-1.383025,E08000024,E99999999,EMIS,EMIS
A89016,ST BEDE MEDICAL CENTRE,SR6 0QQ,54.913844,-1.378179,E08000024,E99999999,EMIS,EMIS
A89017,MILLFIELD MEDICAL GROUP,SR4 7AF,54.906923,-1.395769,E08000024,E99999999,EMIS,EMIS
A89018,ASHBURN MEDICAL CENTRE,SR1 2HJ,54.905525,-1.373254,E08000024,E99999999,EMIS,EMIS
A89019,BRIDGE VIEW MEDICAL GROUP,SR5 2LT,54.919462,-1.401838,E08000024,E99999999,EMIS,EMIS
A89020,FORGE MEDICAL PRACTICE,SR4 6QE,54.910071,-1.412708,E08000024,E99999999,EMIS,EMIS
A89021,KEPIER MEDICAL PRACTICE,DH4 5EQ,54.845059,-1.478636,E08000024,E99999999,EMIS,EMIS
A89022,CONCORD MEDICAL PRACTICE,NE37 2PU,54.913419,-1.524877,E08000024,E99999999,EMIS,EMIS
A89023,"HOUGHTON MEDICAL GROUP,",DH4 4DN,54.841762,-1.468479,E08000024,E99999999,EMIS,EMIS
A89024,THE BROADWAY MEDICAL PRACTICE,SR3 4HG,54.890248,-1.422194,E08000024,E99999999,EMIS,EMIS
A89025,SUNDERLAND GP ALLIANCE MEDICAL PRACTICE,NE38 7NQ,54.898823,-1.531254,E08000024,E99999999,EMIS,EMIS
A89026,NEW WASHINGTON MEDICAL GROUP,NE37 2PU,54.913419,-1.524877,E08000024,E99999999,EMIS,EMIS
A89027,SPRINGWELL MEDICAL GROUP,SR3 4HG,54.890248,-1.422194,E08000024,E99999999,EMIS,EMIS
A89028,GRANGEWOOD SURGERY,DH4 4RB,54.866432,-1.498755,E08000024,E99999999,EMIS,EMIS
A89030,WESTBOURNE MEDICAL GROUP,DH4 4RW,54.866877,-1.495478,E08000024,E99999999,EMIS,EMIS
A89031,HYLTON MEDICAL GROUP,SR4 7XF,54.904182,-1.410345,E08000024,E99999999,EMIS,EMIS
A89032,NEW SILKSWORTH MEDICAL PRACTICE,SR3 2AN,54.870962,-1.40723,E08000024,E99999999,EMIS,EMIS
A89034,PARK LANE PRACTICE,SR2 7BA,54.901313,-1.384391,E08000024,E99999999,EMIS,EMIS
A89035,SOUTHLANDS MEDICAL GROUP,SR2 0RY,54.871568,-1.368857,E08000024,E99999999,EMIS,EMIS
A89036,CASTLETOWN MEDICAL CENTRE,SR5 3EX,54.91335,-1.450862,E08000024,E99999999,EMIS,EMIS
A89040,MONKWEARMOUTH HEALTH CENTRE,SR6 0AB,54.913143,-1.381668,E08000024,E99999999,EMIS,EMIS
A89041,HAPPY HOUSE SURGERY,SR3 4BY,54.88502,-1.422799,E08000024,E99999999,EMIS,EMIS
A89614,SUNDERLAND GP ALLIANCE SOUTH HYLTON SURG,SR4 0LS,54.904232,-1.449629,E08000024,E99999999,EMIS,EMIS
A89616,RICKLETON MEDICAL CENTRE,NE38 9EH,54.880202,-1.547508,E08000024,E99999999,EMIS,EMIS
A89617,I J HEALTHCARE,NE38 9AB,54.881048,-1.531367,E08000024,E99999999,EMIS,EMIS
A89623,CHESTER SURGERY,SR4 7TU,54.901082,-1.406788,E08000024,E99999999,EMIS,EMIS
B81003,BEACON MEDICAL,DN35 8EB,53.557025,-0.037668,E06000012,E99999999,TPP,TPP
B81004,"EASTGATE MEDICAL GROUP, HORNSEA",HU18 1LP,53.915298,-0.168259,E06000011,E99999999,EMIS,EMIS
B81005,THE CENTRAL SURGERY BARTON,DN18 5ER,53.684255,-0.43945,E06000013,E99999999,TPP,TPP
B81007,WINTERTON MEDICAL PRACTICE,DN15 9TA,53.652531,-0.606881,E06000013,E99999999,TPP,TPP
B81008,HULL FAMILY PRACTICE,HU9 2LJ,53.754966,-0.30901,E06000010,E99999999,TPP,TPP
B81009,MARKET WEIGHTON GROUP PRACTICE,YO43 3FF,53.864923,-0.674793,E06000011,E99999999,TPP,TPP
B81011,KINGSTON HEALTH (HULL),HU3 5QE,53.742031,-0.384664,E06000010,E99999999,TPP,TPP
B81012,DR AP KUMAR,DN31 3AE,53.573306,-0.058663,E06000012,E99999999,TPP,TPP
B81013,MONTAGUE MEDICAL PRACTICE,DN14 6JD,53.707051,-0.872904,E06000011,E99999999,TPP,TPP
B81015,CLEE MEDICAL CENTRE,DN35 7XE,53.566248,-0.041439,E06000012,E99999999,TPP,TPP
B81016,PELHAM MEDICAL GROUP,DN31 1QZ,53.563229,-0.091679,E06000012,E99999999,EMIS,EMIS
B81017,THE QUAYS MEDICAL PRACTICE,HU1 3SA,53.746241,-0.342102,E06000010,E99999999,TPP,TPP
B81018,ORCHARD 2000 GROUP,HU6 9BS,53.786392,-0.370028,E06000010,E99999999,TPP,TPP
B81020,THE SUTTON MANOR SURGERY,HU7 4PT,53.785779,-0.315301,E06000010,E99999999,TPP,TPP
B81022,CAMBRIDGE AVENUE & MESSINGHAM MC,DN16 3LG,53.558384,-0.651853,E06000013,E99999999,TPP,TPP
B81024,WILLERBY AND SWANLAND SURGERY,HU10 7JR,53.740089,-0.433515,E06000011,E99999999,EMIS,EMIS
B81025,HOLDERNESS HEALTH,HU19 2PZ,53.728739,0.034928,E06000011,E99999999,TPP,TPP
B81026,ANCORA MEDICAL PRACTICE,DN16 2AB,53.570935,-0.65529,E06000013,E99999999,TPP,TPP
B81027,ST ANDREWS SURGERY,HU3 4BB,53.735566,-0.361958,E06000010,E99999999,TPP,TPP
B81029,THE SNAITH AND RAWCLIFFE MEDICAL GROUP,DN14 9DY,53.689306,-1.024417,E06000011,E99999999,EMIS,EMIS
B81030,SLC MEDICAL GROUP,DN33 3JF,53.536424,-0.094605,E06000012,E99999999,TPP,TPP
B81031,WOODFIELD MEDICAL,DN34 4GB,53.56446,-0.112583,E06000012,E99999999,EMIS,EMIS
B81032,WILBERFORCE SURGERY,HU1 3SA,53.746241,-0.342102,E06000010,E99999999,TPP,TPP
B81034,LEVEN & BEEFORD MEDICAL PRACTICE,HU17 5NL,53.890908,-0.31295,E06000011,E99999999,EMIS,EMIS
B81035,THE AVENUES MEDICAL CENTRE,HU5 3TJ,53.755653,-0.374221,E06000010,E99999999,TPP,TPP
B81036,POCKLINGTON GROUP PRACTICE,YO42 2BS,53.92375,-0.780688,E06000011,E99999999,EMIS,EMIS
B81037,THE PARK SURGERY,YO25 6EB,54.009311,-0.43939,E06000011,E99999999,EMIS,EMIS
B81038,THE OAKS MEDICAL CENTRE,HU4 6RF,53.73196,-0.395101,E06000010,E99999999,EMIS,EMIS
B81039,THE ROXTON PRACTICE,DN40 1JW,53.618771,-0.205325,E06000012,E99999999,TPP/EVERGREENLIFE,TPP
B81040,MARFLEET GROUP PRACTICE,HU9 5HH,53.756006,-0.265996,E06000010,E99999999,TPP,TPP
B81041,GILBERDYKE HEALTH CENTRE,HU15 2UL,53.754538,-0.731672,E06000011,E99999999,TPP,TPP
B81042,MANOR ROAD SURGERY,HU17 7BZ,53.845293,-0.432573,E06000011,E99999999,TPP,TPP
B81043,SOUTH AXHOLME PRACTICE,DN9 1EP,53.526186,-0.822226,E06000013,E99999999,EMIS,EMIS
B81045,ASHBY TURN PRIMARY CARE PARTNERS,DN16 2UT,53.565435,-0.653819,E06000013,E99999999,TPP,TPP
B81046,THE BRIDGE GROUP PRACTICE,HU6 9BX,53.787575,-0.375766,E06000010,E99999999,TPP,TPP
B81047,WOLSELEY MEDICAL CENTRE,HU3 1DS,53.746195,-0.35507,E06000010,E99999999,TPP,TPP
B81048,MODALITY PARTNERSHIP (HULL),HU5 2NT,53.765008,-0.356261,E06000010,E99999999,TPP,TPP
B81051,OLD FIRE STATION SURGERY,HU17 8JW,53.840887,-0.435185,E06000011,E99999999,EMIS,EMIS
B81054,CLIFTON HOUSE MEDICAL CENTRE,HU5 2ST,53.759516,-0.34971,E06000010,E99999999,TPP,TPP
B81061,THE RIDINGS MEDICAL GROUP,HU15 1AY,53.728941,-0.567628,E06000011,E99999999,TPP,TPP
B81063,BRIDGE STREET SURGERY,DN20 8NT,53.551705,-0.495124,E06000013,E99999999,EMIS,EMIS
B81064,CHURCH LANE MEDICAL CENTRE,DN15 7AN,53.58548,-0.661778,E06000013,E99999999,TPP,TPP
B81068,BARTHOLOMEW MEDICAL GROUP,DN14 6RU,53.714859,-0.875483,E06000011,E99999999,TPP,TPP
B81069,DRS REDDY AND NUNN,YO16 4LZ,54.084715,-0.201064,E06000011,E99999999,TPP,TPP
B81074,CITY HEALTH PRACTICE LTD,HU9 2LR,53.756562,-0.306823,E06000010,E99999999,TPP,TPP
B81075,HASTINGS MEDICAL CENTRE,HU5 5BE,53.749862,-0.393433,E06000010,E99999999,EMIS,EMIS
B81082,NORTH BEVERLEY MEDICAL CENTRE,HU17 7JY,53.858015,-0.439017,E06000011,E99999999,TPP,TPP
B81085,HAXBY GROUP HULL,HU7 3JQ,53.802041,-0.352901,E06000010,E99999999,TPP,TPP
B81087,BIRKWOOD MEDICAL CENTRE,DN34 5DX,53.55743,-0.105227,E06000012,E99999999,TPP,TPP
B81088,HOWDEN MEDICAL PRACTICE,DN14 7DD,53.744195,-0.869408,E06000011,E99999999,TPP,TPP
B81090,THE OSWALD ROAD MEDICAL SURGERY,DN15 7PG,53.588137,-0.6534,E06000013,E99999999,TPP,TPP
B81091,LITTLEFIELD SURGERY,DN34 4GB,53.56446,-0.112583,E06000012,E99999999,EMIS,EMIS
B81092,"THE MEDICAL CENTRE, DRIFFIELD",YO25 6UH,54.006277,-0.439687,E06000011,E99999999,EMIS,EMIS
B81097,DELTA HEALTHCARE,HU9 3JA,53.764302,-0.292842,E06000010,E99999999,TPP,TPP
B81099,THE KIRTON LINDSEY AND SCOTTER SURGERY,DN21 4PQ,53.474111,-0.594076,E06000013,E99999999,TPP,TPP
B81100,DR AC MILNER,HU10 6QJ,53.748515,-0.43434,E06000011,E99999999,TPP,TPP
B81101,GREENGATES MEDICAL GROUP,HU17 0HB,53.844362,-0.418502,E06000011,E99999999,TPP,TPP
B81104,CAMPUS HEALTH CENTRE,HU5 2EG,53.768814,-0.368372,E06000010,E99999999,TPP,TPP
B81108,DR A SINHA,DN31 2BH,53.567843,-0.108808,E06000012,E99999999,TPP,TPP
B81109,RIVERSIDE SURGERY,DN20 8AS,53.553605,-0.491827,E06000013,E99999999,TPP,TPP
B81112,JAMES ALEXANDER FAMILY PRACTICE,HU7 4DW,53.787428,-0.321368,E06000010,E99999999,EMIS,EMIS
B81113,CEDAR MEDICAL PRACTICE,DN16 2AB,53.570935,-0.65529,E06000013,E99999999,TPP,TPP
B81118,WEST COMMON LANE TEACHING PRACTICE,DN17 1YH,53.574752,-0.682445,E06000013,E99999999,EMIS,EMIS
B81119,GOODHEART SURGERY,HU7 4DW,53.787428,-0.321368,E06000010,E99999999,TPP,TPP
B81606,STIRLING MEDICAL CENTRE (MATHEWS),DN31 3AE,53.573306,-0.058663,E06000012,E99999999,TPP,TPP
B81616,DR GT HENDOW'S PRACTICE,HU7 4DW,53.787428,-0.321368,E06000010,E99999999,TPP,TPP
B81617,CHERRY TREE MEDICAL PRACTICE,DN15 6HX,53.592443,-0.651828,E06000013,E99999999,TPP,TPP
B81619,PARK VIEW SURGERY,HU13 9AJ,53.729809,-0.435838,E06000011,E99999999,EMIS,EMIS
B81628,BARNETBY MEDICAL CENTRE,DN38 6HZ,53.574151,-0.403589,E06000013,E99999999,TPP,TPP
B81631,DRS RAUT AND THOUFEEQ,HU7 5DD,53.805614,-0.326549,E06000010,E99999999,TPP,TPP
B81635,LAURBEL SURGERY,HU11 4AR,53.778483,-0.257026,E06000010,E99999999,TPP,TPP
B81642,DR OZ QURESHI,DN35 0LN,53.54859,-0.034737,E06000012,E99999999,TPP,TPP
B81647,WEST TOWN SURGERY,DN18 5PU,53.685901,-0.443659,E06000013,E99999999,TPP,TPP
B81648,THE KILLINGHOLME SURGERY,DN40 3EL,53.62993,-0.26034,E06000013,E99999999,TPP,TPP
B81655,GREENLANDS SURGERY,DN31 3AE,53.573306,-0.058663,E06000012,E99999999,TPP,TPP
B81656,RAJ MEDICAL CENTRE,DN34 5LP,53.550655,-0.113968,E06000012,E99999999,TPP,TPP
B81663,CORE CARE FAMILY PRACTICE,DN31 2BH,53.567843,-0.108808,E06000012,E99999999,TPP,TPP
B81665,HEALING PARTNERSHIP,DN41 7JB,53.577732,-0.171869,E06000012,E99999999,TPP,TPP
B81666,DR MITCHELL,HU14 3DB,53.720769,-0.503586,E06000011,E99999999,EMIS,EMIS
B81697,DR P SURESH BABU,DN32 9SW,53.557292,-0.06619,E06000012,E99999999,TPP,TPP
B82002,MILLFIELD SURGERY,YO61 3JR,54.125422,-1.192506,E06000065,E99999999,TPP,TPP
B82004,NIDDERDALE GROUP PRACTICE,HG3 5AT,54.086629,-1.760943,E06000065,E99999999,TPP,TPP
B82005,PRIORY MEDICAL GROUP,YO24 3WX,53.949333,-1.129247,E06000014,E99999999,TPP,TPP
B82007,TOWNHEAD SURGERY,BD24 9JA,54.070547,-2.276906,E06000065,E99999999,TPP,TPP
B82008,NORTH HOUSE SURGERY,HG4 1HL,54.139059,-1.524007,E06000065,E99999999,TPP,TPP
B82010,RIPON SPA SURGERY,HG4 2BE,54.136178,-1.527086,E06000065,E99999999,TPP,TPP
B82011,SHERBURN SURGERY,YO17 8PH,54.181744,-0.531499,E06000065,E99999999,TPP,TPP
B82012,THE LEEDS ROAD PRACTICE,HG2 8AY,53.980481,-1.535162,E06000065,E99999999,TPP,TPP
B82013,MOSS HEALTHCARE HARROGATE,HG1 5JP,53.995554,-1.542163,E06000065,E99999999,TPP,TPP
B82014,KINGSWOOD SURGERY,HG2 7SA,53.99151,-1.517057,E06000065,E99999999,TPP,TPP
B82016,STRAYSIDE HEALTH,HG1 5AR,53.996369,-1.529799,E06000065,E99999999,TPP,TPP
B82017,WHITBY GROUP PRACTICE,YO21 1SD,54.485934,-0.623186,E06000065,E99999999,EMIS,EMIS
B82018,ESCRICK SURGERY,YO19 6LE,53.880087,-1.046135,E06000065,E99999999,TPP,TPP
B82019,TOPCLIFFE SURGERY,YO7 3RP,54.177803,-1.384712,E06000065,E99999999,TPP,TPP
B82021,DALTON TERRACE SURGERY,YO24 4DB,53.952276,-1.096911,E06000014,E99999999,TPP,TPP
B82022,GREAT AYTON SURGERY,TS9 6BL,54.48977,-1.132691,E06000065,E99999999,TPP,TPP
B82023,CATTERICK VILLAGE SURGERY,DL10 7LD,54.37839,-1.632076,E06000065,E99999999,TPP,TPP
B82024,EASTFIELD MEDICAL CENTRE,YO11 3LJ,54.238911,-0.397567,E06000065,E99999999,TPP,TPP
B82025,DERWENT PRACTICE,YO17 9RF,54.1326,-0.797739,E06000065,E99999999,TPP,TPP
B82026,HAXBY GROUP PRACTICE,YO32 2LL,54.019338,-1.081921,E06000014,E99999999,TPP,TPP
B82027,THE SPA SURGERY,HG1 5AR,53.996369,-1.529799,E06000065,E99999999,TPP,TPP
B82029,DOCTORS LANE SURGERY,DL11 7TH,54.496529,-1.684655,E06000065,E99999999,TPP,TPP
B82030,MASHAM & KIRKBY MALZEARD SURGERY,HG4 4DZ,54.221894,-1.656043,E06000065,E99999999,TPP,TPP
B82031,SHERBURN GROUP PRACTICE,LS25 6ED,53.798612,-1.253523,E06000065,E99999999,TPP,TPP
B82032,CHURCH LANE SURGERY,YO51 9BD,54.093564,-1.393648,E06000065,E99999999,TPP,TPP
B82033,PICKERING MEDICAL PRACTICE,YO18 8BL,54.244956,-0.781447,E06000065,E99999999,TPP,TPP
B82034,QUAKERS LANE SURGERY,DL10 4BB,54.406363,-1.741713,E06000065,E99999999,TPP,TPP
B82035,SCORTON MEDICAL CENTRE,DL10 6HB,54.39818,-1.614771,E06000065,E99999999,TPP,TPP
B82036,PARK STREET,HG4 2AX,54.136464,-1.526899,E06000065,E99999999,TPP,TPP
B82037,FILEY SURGERY,YO14 9AE,54.210105,-0.29036,E06000065,E99999999,TPP,TPP
B82038,HAXBY GROUP SCARBOROUGH,YO11 1UB,54.277326,-0.409732,E06000065,E99999999,TPP,TPP
B82041,BEECH TREE SURGERY,YO8 9AJ,53.774959,-1.080535,E06000065,E99999999,TPP,TPP
B82042,LAMBERT MEDICAL CENTRE,YO7 1LU,54.231693,-1.342399,E06000065,E99999999,TPP,TPP
B82044,STOKESLEY SURGERY,TS9 5DY,54.470911,-1.194379,E06000065,E99999999,TPP,TPP
B82045,CENTRAL DALES PRACTICE,DL8 3QR,54.304285,-2.197042,E06000065,E99999999,TPP,TPP
B82046,STAITHES SURGERY,TS13 5AY,54.553179,-0.794129,E06000065,E99999999,TPP,TPP
B82047,UNITY HEALTH,YO10 5LA,53.950377,-1.029723,E06000014,E99999999,TPP,TPP
B82049,THIRSK DOCTORS SURGERY,YO7 1LG,54.230949,-1.342795,E06000065,E99999999,TPP,TPP
B82050,MOWBRAY HOUSE SURGERY,DL7 8FW,54.335643,-1.439156,E06000065,E99999999,TPP,TPP
B82053,DYNELEY HOUSE SURGERY,BD23 2HZ,53.960508,-2.014249,E06000065,E99999999,TPP,TPP
B82054,SCARBOROUGH MEDICAL GROUP,YO12 6UA,54.296459,-0.441218,E06000065,E99999999,TPP,TPP
B82057,SPRINGBANK SURGERY,YO26 8BN,54.004037,-1.299166,E06000065,E99999999,TPP,TPP
B82059,CHURCH AVENUE MEDICAL GROUP,HG1 4HG,54.006036,-1.535762,E06000065,E99999999,TPP,TPP
B82060,EASTGATE MEDICAL GROUP,HG5 0AD,54.006811,-1.462821,E06000065,E99999999,TPP,TPP
B82061,BENTHAM MEDICAL PRACTICE,LA2 7JP,54.119183,-2.511136,E06000065,E99999999,EMIS,EMIS
B82063,AYTON AND SNAINTON MEDICAL PRACTICE,YO13 9JF,54.246064,-0.493657,E06000065,E99999999,TPP,TPP
B82064,TOLLERTON SURGERY,YO61 1AG,54.071608,-1.223241,E06000065,E99999999,TPP,TPP
B82066,GLEBE HOUSE SURGERY,DL8 2AT,54.285733,-1.593133,E06000065,E99999999,TPP,TPP
B82067,STOCKWELL ROAD SURGERY,HG5 0JY,54.012014,-1.466768,E06000065,E99999999,TPP,TPP
B82068,HELMSLEY SURGERY,YO62 5HD,54.249254,-1.056429,E06000065,E99999999,TPP,TPP
B82069,BEECH HOUSE SURGERY,HG5 0UB,54.010851,-1.465898,E06000065,E99999999,TPP,TPP
B82071,THE OLD SCHOOL MEDICAL PRACTICE,YO23 3UA,53.916163,-1.142404,E06000014,E99999999,TPP,TPP
B82072,THE FRIARY SURGERY,DL10 4UJ,54.404908,-1.738348,E06000065,E99999999,TPP,TPP
B82073,SOUTH MILFORD SURGERY,LS25 5AA,53.779296,-1.249176,E06000065,E99999999,TPP,TPP
B82074,POSTERNGATE SURGERY,YO8 4QH,53.781019,-1.069112,E06000065,E99999999,TPP,TPP
B82075,MAYFORD HOUSE SURGERY,DL7 8AW,54.328388,-1.446543,E06000065,E99999999,TPP,TPP
B82077,KIRKBYMOORSIDE SURGERY,YO62 6AR,54.269418,-0.933988,E06000065,E99999999,TPP,TPP
B82078,LEYBURN MEDICAL PRACTICE,DL8 5EP,54.309299,-1.825591,E06000065,E99999999,TPP,TPP
B82079,STILLINGTON SURGERY,YO61 1LL,54.103631,-1.108937,E06000065,E99999999,TPP,TPP
B82080,MY HEALTH GROUP,YO32 5UA,54.038966,-1.034657,E06000014,E99999999,TPP,TPP
B82081,ELVINGTON MEDICAL PRACTICE,YO41 4DY,53.925017,-0.948837,E06000014,E99999999,EMIS,EMIS
B82083,YORK MEDICAL GROUP,YO24 4HD,53.955939,-1.119417,E06000014,E99999999,TPP,TPP
B82086,ESK VALLEY MEDICAL PRACTICE,YO21 2PA,54.46833,-0.90789,E06000065,E99999999,TPP,TPP
B82088,BROOK SQUARE SURGERY,YO12 7AS,54.281806,-0.409345,E06000065,E99999999,TPP,TPP
B82097,SCOTT ROAD MEDICAL CENTRE,YO8 4BL,53.785036,-1.074821,E06000065,E99999999,TPP,TPP
B82098,JORVIK GILLYGATE PRACTICE,YO1 7NP,53.959151,-1.077864,E06000014,E99999999,TPP,TPP
B82100,FRONT STREET SURGERY,YO24 3BZ,53.954421,-1.126931,E06000014,E99999999,TPP,TPP
B82101,SLEIGHTS AND SANDSEND MEDICAL PRACTICE,YO22 5DP,54.45202,-0.659661,E06000065,E99999999,TPP,TPP
B82104,HAREWOOD MEDICAL PRACTICE,DL9 3JD,54.376221,-1.721828,E06000065,E99999999,TPP,TPP
B82105,TADCASTER MEDICAL CENTRE,LS24 8HD,53.885512,-1.258245,E06000065,E99999999,TPP,TPP
B82106,HACKNESS ROAD SURGERY,YO12 5SD,54.295164,-0.443895,E06000065,E99999999,TPP,TPP
B82609,AMPLEFORTH SURGERY,YO62 4EF,54.200351,-1.104697,E06000065,E99999999,TPP,TPP
B82619,TERRINGTON SURGERY,YO60 6PS,54.128925,-0.973697,E06000065,E99999999,TPP,TPP
B82622,REETH MEDICAL CENTRE,DL11 6SU,54.387708,-1.94543,E06000065,E99999999,TPP,TPP
B82628,HUNMANBY SURGERY,YO14 0NN,54.180205,-0.319466,E06000065,E99999999,TPP,TPP
B83002,ILKLEY & WHARFEDALE MEDICAL PRACTICE,LS29 8TQ,53.923319,-1.814804,E08000032,E99999999,TPP,TPP
B83005,THORNBURY MEDICAL PRACTICE,BD3 7HZ,53.802829,-1.710554,E08000032,E99999999,TPP,TPP
B83008,LING HOUSE MEDICAL CENTRE,BD21 2JH,53.868351,-1.910396,E08000032,E99999999,TPP,TPP
B83009,SUNNYBANK & COWGILL MEDICAL PRACTICE,BD12 9NG,53.737934,-1.768001,E08000032,E99999999,TPP,TPP
B83010,PARKLANDS MEDICAL PRACTICE,BD6 2DD,53.76104,-1.78107,E08000032,E99999999,TPP,TPP
B83012,MANOR MEDICAL PRACTICE,BD8 9PB,53.802973,-1.788186,E08000032,E99999999,TPP,TPP
B83014,BINGLEY MEDICAL PRACTICE,BD16 4RP,53.846951,-1.827832,E08000032,E99999999,TPP,TPP
B83015,TONG MEDICAL PRACTICE,BD4 9QA,53.770505,-1.716799,E08000032,E99999999,TPP,TPP
B83016,FARROW MEDICAL CENTRE,BD3 0HX,53.802525,-1.743124,E08000032,E99999999,TPP,TPP
B83018,IDLE MEDICAL CENTRE,BD10 8RU,53.836184,-1.734151,E08000032,E99999999,TPP,TPP
B83019,GRANGE PARK SURGERY,LS29 7HG,53.91271,-1.748112,E08000032,E99999999,TPP,TPP
B83020,THE WILLOWS MEDICAL PRACTICE,BD13 2GD,53.76865,-1.849437,E08000032,E99999999,TPP,TPP
B83022,BAILDON MEDICAL PRACTICE,BD17 5NH,53.853081,-1.768931,E08000032,E99999999,TPP,TPP
B83025,DR I M RAJA & PARTNER,BD5 0NX,53.782437,-1.764887,E08000032,E99999999,TPP,TPP
B83026,PRIMROSE SURGERY,BD3 0BS,53.798241,-1.740296,E08000032,E99999999,TPP,TPP
B83028,WIBSEY & QUEENSBURY MED P,BD6 1TD,53.767239,-1.779718,E08000032,E99999999,TPP,TPP
B83029,LOW MOOR SURGERY,BD12 0TH,53.753865,-1.7699,E08000032,E99999999,TPP,TPP
B83031,OAK GLEN SURGERY,BD16 3PA,53.854799,-1.816352,E08000032,E99999999,TPP,TPP
B83032,BRADFORD MOOR PRACTICE,BD3 8QH,53.797849,-1.721853,E08000032,E99999999,TPP,TPP
B83033,MODALITY PARTNERSHIP (AWC),BD22 8DH,53.831336,-1.954886,E08000032,E99999999,TPP,TPP
B83034,GRANGE MEDICAL CENTRE,BD7 3AH,53.78762,-1.777441,E08000032,E99999999,TPP,TPP
B83035,HORTON PARK MEDICAL PRACTICE,BD7 3EG,53.785175,-1.772794,E08000032,E99999999,TPP,TPP
B83037,THE WILSDEN MEDICAL PRACTICE,BD15 0NJ,53.818377,-1.86138,E08000032,E99999999,TPP,TPP
B83038,LEYLANDS LANE MEDICAL PRACTICE,BD9 5PZ,53.812597,-1.792542,E08000032,E99999999,TPP,TPP
B83039,THE SALTAIRE & WINDHILL MEDICAL P'SHIP,BD18 1QB,53.835412,-1.764926,E08000032,E99999999,TPP,TPP
B83041,BOWLING HALL MED PRACTICE,BD4 7SS,53.772829,-1.730893,E08000032,E99999999,TPP,TPP
B83042,ROOLEY LANE MED. CENTRE,BD4 7SS,53.772829,-1.730893,E08000032,E99999999,TPP,TPP
B83045,HOLLYNS HEALTH & WELLBEING,BD14 6NF,53.77918,-1.814543,E08000032,E99999999,TPP,TPP
B83051,BRADFORD STUDENT HEALTH SERVICE,BD5 0HR,53.785338,-1.768362,E08000032,E99999999,TPP,TPP
B83052,KENSINGTON PARTNERSHIP,BD8 9LB,53.801125,-1.785538,E08000032,E99999999,TPP,TPP
B83055,THE RIDGE MEDICAL PRACT.,BD7 3JX,53.78091,-1.779859,E08000032,E99999999,TPP,TPP
B83056,MOORSIDE SURGERY,BD2 3AA,53.809599,-1.730902,E08000032,E99999999,TPP,TPP
B83058,THE AVICENNA MEDICAL PRACTICE,BD3 8QH,53.797849,-1.721853,E08000032,E99999999,TPP,TPP
B83062,ASHCROFT SURGERY,BD10 0JE,53.823092,-1.712131,E08000032,E99999999,TPP,TPP
B83063,AFFINITY CARE,BD18 3EG,53.83263,-1.781411,E08000032,E99999999,TPP,TPP
B83064,THE ROCKWELL AND WROSE PRACTICE,BD2 1QG,53.823012,-1.744412,E08000032,E99999999,TPP,TPP
B83067,THE SPRINGFIELD SURGERY (BINGLEY),BD16 4RP,53.846951,-1.827832,E08000032,E99999999,TPP,TPP
B83604,THE LISTER SURGERY,BD8 8RA,53.80731,-1.776244,E08000032,E99999999,TPP,TPP
B83611,NEW OTLEY ROAD MEDICAL PRACTICE,BD3 0BS,53.798241,-1.740296,E08000032,E99999999,TPP,TPP
B83614,PICTON MEDICAL CENTRE,BD8 9DW,53.803583,-1.777949,E08000032,E99999999,TPP,TPP
B83620,ADDINGHAM SURGERY,LS29 0LZ,53.943698,-1.881427,E08000032,E99999999,TPP,TPP
B83622,DR IA GILKAR & PARTNERS,BD8 9LB,53.801125,-1.785538,E08000032,E99999999,TPP,TPP
B83624,I G MEDICAL,LS29 8TH,53.923573,-1.816052,E08000032,E99999999,TPP,TPP
B83626,VALLEY VIEW SURGERY,BD2 4RA,53.806806,-1.731907,E08000032,E99999999,TPP,TPP
B83627,FRIZINGHALL MEDICAL CENTRE,BD9 4LH,53.818873,-1.7736,E08000032,E99999999,TPP,TPP
B83628,CLARENDON MEDICAL CENTRE,BD1 3DN,53.79914,-1.757689,E08000032,E99999999,TPP,TPP
B83629,PEEL PARK SURGERY,BD2 4RA,53.806806,-1.731907,E08000032,E99999999,TPP,TPP
B83641,ASHWELL MEDICAL CENTRE,BD8 9DP,53.8038,-1.778616,E08000032,E99999999,TPP,TPP
B83642,THE CITY MEDICAL PRACTICE,BD8 8RA,53.80731,-1.776244,E08000032,E99999999,TPP,TPP
B83653,DR GILKAR,BD5 0NX,53.782437,-1.764887,E08000032,E99999999,TPP,TPP
B83657,BEVAN COMMUNITY BENEFIT SOCIETY,BD1 3LS,53.795473,-1.753217,E08000032,E99999999,TPP,TPP
B83659,PARK GRANGE MEDICAL CENTRE,BD7 2BL,53.789415,-1.775929,E08000032,E99999999,TPP,TPP
B83660,BILTON MEDICAL CENTRE,BD8 8JT,53.798364,-1.769535,E08000032,E99999999,TPP,TPP
B83661,MOOR PARK MEDICAL PRACTICE,BD3 8QH,53.797849,-1.721853,E08000032,E99999999,TPP,TPP
B84001,STATION ROAD SURGERY,HX6 3AB,53.707126,-1.910782,E08000033,E99999999,TPP,TPP
B84003,RYDINGS HALL SURGERY,HD6 1AT,53.703079,-1.782551,E08000033,E99999999,EMIS,EMIS
B84004,HEBDEN BRIDGE GROUP PRACTICE,HX7 7BZ,53.743686,-2.011563,E08000033,E99999999,TPP,TPP
B84006,TODMORDEN GROUP PRACTICE,OL14 5RN,53.713666,-2.09216,E08000033,E99999999,TPP,TPP
B84007,BRIG ROYD SURGERY,HX6 4BN,53.675586,-1.939473,E08000033,E99999999,TPP,TPP
B84008,THE NORTHOLME PRACTICE,HX3 8AF,53.725953,-1.80885,E08000033,E99999999,TPP,TPP
B84009,STAINLAND ROAD MEDICAL CENTRE,HX4 8BD,53.685862,-1.857377,E08000033,E99999999,TPP,TPP
B84010,KEIGHLEY ROAD SURGERY,HX2 9LL,53.754254,-1.893909,E08000033,E99999999,TPP,TPP
B84011,CHURCH LANE SURGERY,HD6 1AT,53.703079,-1.782551,E08000033,E99999999,EMIS,EMIS
B84012,SPRING HALL GROUP PRACTICE,HX1 4JG,53.721078,-1.892901,E08000033,E99999999,TPP,TPP
B84013,PLANE TREES GROUP PRACTICE,HX2 0QL,53.730463,-1.894439,E08000033,E99999999,EMIS,EMIS
B84014,RASTRICK HEALTH CENTRE,HD6 3NA,53.688832,-1.792179,E08000033,E99999999,TPP,TPP
B84016,BANKFIELD SURGERY,HX5 9BA,53.686346,-1.835148,E08000033,E99999999,TPP,TPP
B84019,THE BOULEVARD MEDICAL PRACTICE,HX1 2ES,53.717279,-1.868591,E08000033,E99999999,TPP,TPP
B84021,KING CROSS PRACTICE,HX1 3LW,53.715323,-1.880203,E08000033,E99999999,TPP,TPP
B84612,LISTER LANE SURGERY,HX1 5AX,53.722588,-1.865498,E08000033,E99999999,TPP,TPP
B84613,BEECHWOOD MEDICAL CENTRE,HX2 8AL,53.743259,-1.88117,E08000033,E99999999,TPP,TPP
B84618,CARITAS GROUP PRACTICE,HX3 6EL,53.73022,-1.866944,E08000033,E99999999,TPP,TPP
B84623,LONGROYDE SURGERY,HD6 3HT,53.694061,-1.79073,E08000033,E99999999,TPP,TPP
B85001,PARKVIEW SURGERY,BD19 5AP,53.722222,-1.713167,E08000034,E99999999,TPP,TPP
B85002,DEARNE VALLEY HEALTH CENTRE,HD8 9JL,53.588365,-1.626485,E08000034,E99999999,TPP,TPP
B85004,CALDER VIEW SURGERY,WF13 1HN,53.689759,-1.634887,E08000034,E99999999,TPP,TPP
B85005,SHEPLEY PRIMARY CARE LIMITED,HD8 8DJ,53.585743,-1.712202,E08000034,E99999999,EMIS,EMIS
B85006,ELMWOOD FAMILY DOCTORS,HD9 3TR,53.578378,-1.78331,E08000034,E99999999,TPP,TPP
B85008,BATLEY HEALTH CENTRE SURGERY,WF17 5ED,53.715344,-1.636484,E08000034,E99999999,TPP,TPP
B85009,"NORTH ROAD SUITE,RAVENSTHORPE HEALTH CTR",WF13 3JY,53.677829,-1.661589,E08000034,E99999999,TPP,TPP
B85010,DALTON SURGERY,HD5 8DY,53.644613,-1.75104,E08000034,E99999999,TPP,TPP
B85012,UNDERCLIFFE SURGERY,WF16 0HH,53.70724,-1.678183,E08000034,E99999999,TPP,TPP
B85014,BROOKROYD HOUSE,WF16 0HH,53.70724,-1.678183,E08000034,E99999999,TPP,TPP
B85015,WELLINGTON HOUSE,WF17 5DN,53.71479,-1.634565,E08000034,E99999999,TPP,TPP
B85016,MELTHAM ROAD SURGERY,HD1 3UP,53.631812,-1.798053,E08000034,E99999999,TPP,TPP
B85018,GROVE HOUSE SURGERY,WF17 5SS,53.711758,-1.624773,E08000034,E99999999,TPP,TPP
B85019,MIRFIELD HEALTH CENTRE,WF14 8DU,53.67573,-1.696725,E08000034,E99999999,TPP,TPP
B85020,EIGHTLANDS SURGERY,WF13 1HN,53.689759,-1.634887,E08000034,E99999999,TPP,TPP
B85021,CLECKHEATON GROUP PRACTICE,BD19 3RQ,53.724067,-1.710624,E08000034,E99999999,TPP,TPP
B85022,HONLEY SURGERY,HD9 6AG,53.602401,-1.791937,E08000034,E99999999,TPP/EMIS,TPP
B85023,THE ALMONDBURY SURGERY,HD5 8XW,53.631868,-1.751311,E08000034,E99999999,TPP,TPP
B85024,THE WATERLOO PRACTICE,HD5 9XP,53.645365,-1.73724,E08000034,E99999999,TPP,TPP
B85025,BLACKBURN RD.MEDICAL CTR.,WF17 9PL,53.731363,-1.664721,E08000034,E99999999,TPP,TPP
B85026,KIRKBURTON HEALTH CENTRE,HD8 0SJ,53.608447,-1.701151,E08000034,E99999999,TPP,TPP
B85027,LINDLEY GROUP PRACTICE LTD,HD3 3DY,53.654322,-1.817449,E08000034,E99999999,EMIS,EMIS
B85028,THE GRANGE MEDICAL PRACTICE,HD2 2QA,53.662307,-1.781353,E08000034,E99999999,TPP,TPP
B85030,THE GREENWAY MEDICAL PRACTICE,BD19 5AP,53.722222,-1.713167,E08000034,E99999999,TPP,TPP
B85031,LEPTON AND KIRKHEATON SURGERIES,HD8 0HH,53.633772,-1.710605,E08000034,E99999999,TPP,TPP
B85032,MELTHAM GROUP PRACTICE,HD9 5QQ,53.594316,-1.849419,E08000034,E99999999,TPP,TPP
B85033,THE LINDLEY VILLAGE SURG.,HD3 3JD,53.661345,-1.825711,E08000034,E99999999,TPP,TPP
B85036,NEW STREET & NETHERTON GROUP PRACTICE,HD3 4LB,53.637558,-1.828713,E08000034,E99999999,TPP,TPP
B85037,NEWSOME SURGERY LIMITED,HD4 6JE,53.628938,-1.78408,E08000034,E99999999,TPP,TPP
B85038,THE PADDOCK SURGERY,WF12 0DH,53.663472,-1.624309,E08000034,E99999999,TPP,TPP
B85041,MOUNT PLEASANT MED CENTRE,WF17 7PF,53.707051,-1.637298,E08000034,E99999999,TPP,TPP
B85042,PADDOCK AND LONGWOOD FAMILY PRACTICE,HD1 4TS,53.642134,-1.805461,E08000034,E99999999,TPP,TPP
B85044,THORNTON LODGE SURGERY,HD1 3SB,53.637876,-1.796059,E08000034,E99999999,TPP,TPP
B85048,WOODHOUSE HILL SURGERY,HD2 1DH,53.6667,-1.770978,E08000034,E99999999,TPP,TPP
B85051,FIELDHEAD SURGERY,HD7 4QQ,53.641358,-1.854229,E08000034,E99999999,TPP,TPP
B85054,COLNE VALLEY GROUP PRACTICE,HD7 5JN,53.622538,-1.879904,E08000034,E99999999,TPP,TPP
B85055,HEALDS ROAD SURGERY,WF13 4HT,53.700127,-1.651641,E08000034,E99999999,TPP,TPP
B85058,ROSE MEDICAL PRACTICE,HD1 5PU,53.648843,-1.791906,E08000034,E99999999,TPP,TPP
B85059,SLAITHWAITE HEALTH CENTRE,HD7 5AB,53.623561,-1.878389,E08000034,E99999999,TPP,TPP
B85060,GREENHEAD FAMILY DOCTORS,HD1 5PX,53.649463,-1.792009,E08000034,E99999999,TPP,TPP
B85061,SKELMANTHORPE FAMILY DOCTORS,HD8 9DA,53.59162,-1.650689,E08000034,E99999999,TPP,TPP
B85062,UNIVERSITY HEALTH CENTRE,HD1 3AL,53.644166,-1.775154,E08000034,E99999999,EMIS,EMIS
B85606,THORNHILL LEES MEDICAL CENTRE,WF12 9DW,53.673566,-1.630153,E08000034,E99999999,TPP,TPP
B85610,OAKLANDS HEALTH CENTRE,HD9 3TQ,53.578311,-1.785787,E08000034,E99999999,EMIS,EMIS
B85611,DR HANDA & PARTNER,HD2 1AE,53.663224,-1.776884,E08000034,E99999999,EMIS,EMIS
B85612,LIVERSEDGE MEDICAL CENTRE,WF15 6DF,53.712863,-1.690655,E08000034,E99999999,TPP,TPP
B85614,CROFT MEDICAL CENTRE,HD2 2RU,53.659977,-1.785435,E08000034,E99999999,TPP,TPP
B85619,COOK LANE SURGERY,WF16 9JG,53.710499,-1.676765,E08000034,E99999999,TPP,TPP
B85620,WINDSOR MEDICAL CENTRE,WF12 7BD,53.69389,-1.622161,E08000034,E99999999,TPP,TPP
B85623,MARSH SURGERY,HD1 4LE,53.65174,-1.804101,E08000034,E99999999,TPP,TPP
B85634,BIRKBY HEALTH CENTRE,HD2 2YD,53.663291,-1.799614,E08000034,E99999999,TPP,TPP
B85636,WESTBOURNE SURGERY,HD1 4QR,53.650952,-1.806102,E08000034,E99999999,TPP,TPP
B85640,KIRKGATE SURGERY,WF17 9HE,53.732234,-1.667625,E08000034,E99999999,TPP,TPP
B85641,LOCKWOOD SURGERY,HD1 3XH,53.632519,-1.795963,E08000034,E99999999,TPP,TPP
B85645,SAVILE TOWN MEDICAL CTR.,WF12 9AY,53.682244,-1.625808,E08000034,E99999999,TPP,TPP
B85646,THE ALBION MOUNT MEDICAL PRACTICE,WF13 2AJ,53.695921,-1.633713,E08000034,E99999999,TPP,TPP
B85650,DR MAHMOOD & PARTNERS,WF13 3JY,53.677829,-1.661589,E08000034,E99999999,TPP,TPP
B85652,SIDINGS HEALTHCARE CENTRE,WF12 9QU,53.681539,-1.633202,E08000034,E99999999,TPP,TPP
B85655,CHERRY TREE SURGERY,WF17 5DH,53.714761,-1.636641,E08000034,E99999999,TPP,TPP
B85659,THE WHITEHOUSE CENTRE,HD1 4EW,53.646396,-1.79039,E08000034,E99999999,TPP,TPP
B85660,THE JUNCTION SURGERY,HD5 8BE,53.643713,-1.759304,E08000034,E99999999,EMIS,EMIS
B86002,CITY VIEW MEDICAL PRACTICE,LS11 8LH,53.778323,-1.555879,E08000035,E99999999,TPP,TPP
B86003,DR G LEES & PARTNERS,LS12 3HD,53.796441,-1.593443,E08000035,E99999999,EMIS,EMIS
B86004,HIGHFIELD SURGERY,LS16 7RX,53.855755,-1.607723,E08000035,E99999999,TPP,TPP
B86005,DR N DUMPHY & PARTNERS,LS11 5HT,53.774132,-1.545514,E08000035,E99999999,TPP,TPP
B86006,OULTON MEDICAL CENTRE,LS26 8SZ,53.752509,-1.449446,E08000035,E99999999,TPP,TPP
B86007,WINDMILL HEALTH CENTRE,LS14 5BD,53.822446,-1.445615,E08000035,E99999999,TPP,TPP
B86008,ALWOODLEY MEDICAL CENTRE,LS17 5DT,53.847039,-1.551688,E08000035,E99999999,EMIS,EMIS
B86009,MANSTON SURGERY,LS15 8BZ,53.804226,-1.451366,E08000035,E99999999,EMIS,EMIS
B86010,COLLINGHAM CHURCH VIEW SURGERY,LS22 5BQ,53.908116,-1.409,E08000035,E99999999,TPP,TPP
B86011,HILLFOOT SURGERY,LS28 7QR,53.799868,-1.687421,E08000035,E99999999,TPP,TPP
B86012,LEEDS CITY MEDICAL PRACTICE,LS11 8LH,53.778323,-1.555879,E08000035,E99999999,TPP,TPP
B86013,THE NORTH LEEDS MEDICAL PRACTICE,LS17 6PZ,53.843197,-1.534023,E08000035,E99999999,TPP,TPP
B86014,ROBIN LANE HEALTH AND WELLBEING CENTRE,LS28 7DE,53.795025,-1.661316,E08000035,E99999999,TPP,TPP
B86015,MANOR PARK SURGERY,LS13 2UP,53.814092,-1.628918,E08000035,E99999999,TPP,TPP
B86016,SHAFTESBURY MEDICAL CTR.,LS9 9EF,53.800277,-1.497846,E08000035,E99999999,TPP,TPP
B86017,CRAVEN ROAD MEDICAL PRACTICE,LS6 2RX,53.814117,-1.547255,E08000035,E99999999,TPP,TPP
B86018,MULBERRY STREET MEDICAL PRACTICE,LS28 7XP,53.794754,-1.663975,E08000035,E99999999,TPP,TPP
B86019,DIAMOND MEDICAL GROUP,LS7 3RA,53.827031,-1.546721,E08000035,E99999999,TPP,TPP
B86020,LOFTHOUSE SURGERY,WF3 3SA,53.729459,-1.495385,E08000035,E99999999,TPP,TPP
B86022,OAKWOOD LANE MEDICAL PRACTICE,LS8 3BZ,53.819585,-1.493985,E08000035,E99999999,TPP,TPP
B86024,PRIORY VIEW MEDICAL CENTRE,LS12 1HU,53.79165,-1.575153,E08000035,E99999999,EMIS,EMIS
B86025,HYDE PARK SURGERY,LS6 1SG,53.806841,-1.567726,E08000035,E99999999,TPP,TPP
B86028,SOUTH QUEEN MEDICAL CENTRE,LS27 9EW,53.742198,-1.598788,E08000035,E99999999,TPP,TPP
B86029,WESTGATE SURGERY,LS21 3HD,53.904796,-1.699165,E08000035,E99999999,TPP,TPP
B86030,BURTON CROFT SURGERY,LS6 2AF,53.820823,-1.576924,E08000035,E99999999,EMIS,EMIS
B86032,CHEVIN MEDICAL PRACTICE,LS21 1BQ,53.906768,-1.693687,E08000035,E99999999,TPP,TPP
B86033,CROSSLEY STREET SURGERY,LS22 6RT,53.930296,-1.388933,E08000035,E99999999,TPP,TPP
B86034,SPA SURGERY,LS23 6PY,53.903657,-1.343052,E08000035,E99999999,TPP,TPP
B86035,SOUTH BANK SURGERY,LS10 2PT,53.77991,-1.526513,E08000035,E99999999,TPP,TPP
B86036,GIBSON LANE PRACTICE,LS25 7JN,53.771369,-1.36786,E08000035,E99999999,TPP,TPP
B86038,GUISELEY AND YEADON MEDICAL PRACTICE,LS19 7PS,53.865309,-1.684136,E08000035,E99999999,TPP,TPP
B86039,ALLERTON MEDICAL CENTRE,LS7 4LF,53.826937,-1.533884,E08000035,E99999999,TPP,TPP
B86041,VESPER ROAD,LS5 3QT,53.827342,-1.615325,E08000035,E99999999,TPP,TPP
B86042,LINGWELL CROFT SURGERY,LS10 3NB,53.749986,-1.535053,E08000035,E99999999,TPP,TPP
B86043,EAST PARK MEDICAL CENTRE,LS9 9JD,53.793184,-1.514948,E08000035,E99999999,TPP,TPP
B86044,"DR S HUTCHINSON & PARTNERS, IW&H M PRAC",LS16 6FR,53.846647,-1.603993,E08000035,E99999999,TPP,TPP
B86048,GARFORTH MEDICAL CENTRE,LS25 1HB,53.792314,-1.387446,E08000035,E99999999,TPP,TPP
B86049,WOODHOUSE MEDICAL PRACTICE,LS6 2SF,53.812644,-1.547544,E08000035,E99999999,EMIS,EMIS
B86050,WEST LODGE SURGERY,LS28 5DL,53.810885,-1.669708,E08000035,E99999999,TPP,TPP
B86051,AIRE VALLEY SURGERY,LS19 7JN,53.866228,-1.684874,E08000035,E99999999,TPP,TPP
B86052,PARK ROAD & MENSTON,LS20 8AR,53.87175,-1.711462,E08000035,E99999999,TPP,TPP
B86054,THE GARDEN SURGERY,LS9 9EF,53.800277,-1.497846,E08000035,E99999999,TPP,TPP
B86055,KEYSTONE GP PARTNERSHIP,LS15 8BA,53.807471,-1.44935,E08000035,E99999999,EMIS,EMIS
B86057,WINDSOR HOUSE GROUP PRACTICE,LS27 9NB,53.744791,-1.605541,E08000035,E99999999,TPP,TPP
B86059,MEANWOOD HEALTH CENTRE,LS6 4JN,53.827183,-1.565816,E08000035,E99999999,EMIS,EMIS
B86060,THORNTON MEDICAL CENTRE,LS12 1JE,53.791924,-1.576212,E08000035,E99999999,TPP,TPP
B86061,HAREHILLS CORNER SURGERY,LS8 4HQ,53.815705,-1.518819,E08000035,E99999999,TPP,TPP
B86062,THE MEDICAL CENTRE,LS14 6DX,53.813727,-1.455267,E08000035,E99999999,TPP,TPP
B86064,LEIGH VIEW MEDICAL PRACTICE,WF3 1RQ,53.728574,-1.558358,E08000035,E99999999,TPP,TPP
B86066,THE STREET LANE PRACTICE,LS8 1AY,53.843035,-1.513522,E08000035,E99999999,TPP,TPP
B86067,THE DEKEYSER GROUP PRACTICE,LS27 9EN,53.743055,-1.604996,E08000035,E99999999,TPP,TPP
B86068,ABBEY GRANGE MEDICAL PRACTICE,LS5 3JN,53.818319,-1.601585,E08000035,E99999999,TPP,TPP
B86069,BURLEY PARK MEDICAL CENTRE,LS4 2EL,53.807558,-1.57976,E08000035,E99999999,TPP,TPP
B86070,AIREBOROUGH FAMILY PRACTICE,LS19 7JN,53.866228,-1.684874,E08000035,E99999999,TPP,TPP
B86071,WHITEHALL SURGERY,LS12 5SG,53.782464,-1.601121,E08000035,E99999999,TPP,TPP
B86075,DR T P FOX & PARTNERS,LS15 9JH,53.791966,-1.431929,E08000035,E99999999,TPP,TPP
B86081,BELLBROOKE SURGERY,LS9 6AU,53.808932,-1.50652,E08000035,E99999999,EMIS,EMIS
B86086,LAUREL BANK SURGERY,LS6 3DS,53.816958,-1.587336,E08000035,E99999999,TPP,TPP
B86089,NOVA SCOTIA MEDICAL CNTR,WF10 2DP,53.747577,-1.372993,E08000035,E99999999,TPP,TPP
B86092,KIPPAX HALL SURGERY,LS25 7AB,53.766557,-1.368964,E08000035,E99999999,TPP,TPP
B86093,PARK EDGE PRACTICE,LS14 1HX,53.82521,-1.483041,E08000035,E99999999,TPP,TPP
B86094,DR S M CHEN & PARTNER,LS28 9AW,53.801254,-1.651928,E08000035,E99999999,TPP,TPP
B86096,ARTHINGTON MEDICAL CENTRE,LS10 2JJ,53.772153,-1.533216,E08000035,E99999999,TPP,TPP
B86100,ST MARTINS PRACTICE,LS7 4HZ,53.822131,-1.532144,E08000035,E99999999,TPP,TPP
B86101,GILDERSOME HEALTH CENTRE,LS27 7HL,53.75657,-1.629304,E08000035,E99999999,TPP,TPP
B86103,CONWAY MEDICAL CENTRE,LS8 5DE,53.811136,-1.51348,E08000035,E99999999,TPP,TPP
B86104,BRAMLEY VILLAGE HEALTH & WELLBEING CTR,LS13 2BL,53.807827,-1.623035,E08000035,E99999999,TPP,TPP
B86106,FOUNDRY LANE SURGERY,LS14 6GG,53.810591,-1.471572,E08000035,E99999999,TPP,TPP
B86108,CHAPELTOWN FAMILY SURGERY,LS7 4BB,53.811448,-1.526204,E08000035,E99999999,TPP,TPP
B86109,KIRKSTALL LANE MEDICAL CENTRE,LS6 3DS,53.816958,-1.587336,E08000035,E99999999,TPP,TPP
B86110,LEEDS STUDENT MEDICAL PRACTICE,LS2 9AE,53.807827,-1.549843,E08000035,E99999999,EMIS,EMIS
B86623,ASHTON VIEW MEDICAL CTR,LS8 5BS,53.809527,-1.515746,E08000035,E99999999,TPP,TPP
B86642,DR S HUSSAIN,LS10 2PE,53.779422,-1.525866,E08000035,E99999999,TPP,TPP
B86643,THE ROUNDHAY ROAD SURGERY,LS8 5AN,53.813933,-1.520708,E08000035,E99999999,TPP,TPP
B86648,FAMILY DOCTORS,LS15 8NN,53.798264,-1.440969,E08000035,E99999999,TPP,TPP
B86655,BEECH TREE MEDICAL CENTRE,LS13 4JH,53.797099,-1.621416,E08000035,E99999999,TPP,TPP
B86658,MOORFIELD HOUSE SURGERY,LS25 1AN,53.795779,-1.390235,E08000035,E99999999,TPP,TPP
B86666,NEWTON SURGERY,LS7 3JT,53.821577,-1.533001,E08000035,E99999999,TPP,TPP
B86667,BEESTON VILLAGE SURGERY,LS11 8PN,53.772431,-1.569156,E08000035,E99999999,TPP,TPP
B86669,YORK STREET HEALTH PRACTICE,LS9 8AA,53.79657,-1.532565,E08000035,E99999999,TPP,TPP
B86672,HAWTHORN SURGERY,LS12 5SG,53.782464,-1.601121,E08000035,E99999999,TPP,TPP
B86673,WETHERBY & BRAMHAM SURGERY,LS22 6JS,53.931036,-1.378871,E08000035,E99999999,TPP,TPP
B86675,LINCOLN GREEN MEDICAL CENTRE,LS9 7TA,53.802114,-1.5252,E08000035,E99999999,TPP,TPP
B86678,DRIGHLINGTON MEDICAL CENTRE,BD11 1JU,53.75543,-1.663453,E08000035,E99999999,TPP,TPP
B87001,MIDDLESTOWN,WF4 4PA,53.650561,-1.600565,E08000036,E99999999,TPP,TPP
B87002,ORCHARD CROFT,WF4 5BY,53.660017,-1.549843,E08000036,E99999999,TPP,TPP
B87003,COLLEGE LANE SURGERY,WF7 7HZ,53.644591,-1.336295,E08000036,E99999999,TPP,TPP
B87004,WARRENGATE MEDICAL CENTRE,WF1 4PR,53.68262,-1.490796,E08000036,E99999999,TPP,TPP
B87005,RIVERSIDE MEDICAL CENTRE,WF10 1PH,53.728003,-1.358022,E08000036,E99999999,TPP,TPP
B87006,PARK GREEN SURGERY,WF9 3AP,53.589935,-1.309912,E08000036,E99999999,TPP,TPP
B87007,NORTHGATE SURGERY,WF8 1NF,53.693983,-1.309439,E08000036,E99999999,TPP,TPP
B87008,LUPSET HEALTH CENTRE,WF2 8FE,53.672429,-1.524008,E08000036,E99999999,TPP,TPP
B87009,ST THOMAS ROAD SURGERY,WF7 5HE,53.674908,-1.355937,E08000036,E99999999,TPP,TPP
B87011,FRIARWOOD SURGERY,WF8 1SU,53.688271,-1.307201,E08000036,E99999999,TPP,TPP
B87012,MAYBUSH MEDICAL CENTRE,WF1 5PN,53.670273,-1.489249,E08000036,E99999999,TPP,TPP
B87013,OUTWOOD PARK MEDICAL CENTRE,WF1 2PE,53.710959,-1.512287,E08000036,E99999999,TPP,TPP
B87015,STUART ROAD,WF8 4PQ,53.69345,-1.315279,E08000036,E99999999,TPP,TPP
B87016,WHITE ROSE SURGERY,WF9 2RD,53.595449,-1.293671,E08000036,E99999999,TPP,TPP
B87017,TRINITY MEDICAL CENTRE,WF1 1PG,53.679958,-1.49484,E08000036,E99999999,TPP,TPP
B87018,HENRY MOORE CLINIC,WF10 4EN,53.720794,-1.354494,E08000036,E99999999,TPP,TPP
B87019,STANLEY,WF3 4HS,53.713764,-1.476239,E08000036,E99999999,TPP,TPP
B87020,CHAPELTHORPE,WF2 7GP,53.644775,-1.506727,E08000036,E99999999,TPP/EVERGREENLIFE,TPP
B87021,ASH GROVE,WF11 0JA,53.70504,-1.245559,E08000036,E99999999,TPP,TPP
B87022,HOMESTEAD,WF2 9PE,53.682286,-1.518749,E08000036,E99999999,TPP,TPP
B87025,CASTLEFORD MEDICAL PRACTICE,WF10 1DP,53.724668,-1.356178,E08000036,E99999999,TPP,TPP
B87026,THE GRANGE MEDICAL CENTRE,WF9 4DP,53.611853,-1.35425,E08000036,E99999999,TPP,TPP
B87027,NEW SOUTHGATE SURGERY,WF1 3JQ,53.692779,-1.504152,E08000036,E99999999,TPP,TPP
B87028,CROFTON AND SHARLSTON MED PRAC,WF4 1HJ,53.65659,-1.427044,E08000036,E99999999,TPP,TPP
B87030,HEALTH CARE FIRST PARTNERSHIP,LS26 9AA,53.73679,-1.393589,E08000035,E99999999,TPP,TPP
B87031,OSSETT SURGERY,WF5 8DF,53.681484,-1.58312,E08000036,E99999999,TPP,TPP
B87032,STATION LANE,WF7 6JL,53.68116,-1.358643,E08000036,E99999999,TPP,TPP
B87033,NEWLAND SURGERY,WF6 1QD,53.695164,-1.42425,E08000036,E99999999,TPP,TPP
B87036,LANGTHWAITE SURGERY,WF9 3AP,53.589935,-1.309912,E08000036,E99999999,TPP,TPP
B87039,KING'S MEDICAL PRACTICE,WF6 2AZ,53.70066,-1.419616,E08000036,E99999999,TPP,TPP
B87042,TIEVE TARA,WF10 2QP,53.732599,-1.314629,E08000036,E99999999,TPP,TPP
B87044,ALVERTHORPE,WF2 0DP,53.685476,-1.518486,E08000036,E99999999,EMIS,EMIS
B87602,PATIENCE LANE SURGERY,WF6 2JZ,53.703819,-1.43369,E08000036,E99999999,TPP,TPP
B87604,EASTMOOR HEALTH CENTRE,WF1 4SD,53.69002,-1.476866,E08000036,E99999999,TPP,TPP
C81001,SPRINGS HEALTH CENTRE,S43 4PL,53.27774,-1.265531,E07000033,E10000007,TPP,TPP
C81002,THE VALLEYS MEDICAL PARTNERSHIP,S21 4BZ,53.307676,-1.355259,E07000038,E10000007,TPP,TPP
C81003,SETT VALLEY MEDICAL CENTRE,SK22 4BP,53.367607,-1.998081,E07000037,E10000007,EMIS,EMIS
C81004,IVY GROVE SURGERY,DE5 3TH,53.042217,-1.402819,E07000032,E10000007,EMIS,EMIS
C81005,JESSOP MEDICAL PRACTICE,DE55 1LU,53.074367,-1.372224,E07000032,E10000007,TPP,TPP
C81006,HORIZON HEALTHCARE,DE1 1TH,52.917065,-1.478886,E06000015,E99999999,TPP,TPP
C81007,VERNON STREET MEDICAL CTR,DE1 1FW,52.924019,-1.49039,E06000015,E99999999,TPP,TPP
C81008,ROYAL PRIMARY CARE CLAY CROSS,S45 9NR,53.167502,-1.414351,E07000038,E10000007,TPP,TPP
C81009,WILSON STREET SURGERY,DE1 1PG,52.919174,-1.48014,E06000015,E99999999,TPP,TPP
C81010,THE MOIR MEDICAL CENTRE,NG10 1QQ,52.898642,-1.272545,E07000036,E10000007,TPP,TPP
C81012,THE SURGERY AT WHEATBRIDGE,S40 2AB,53.233962,-1.439619,E07000034,E10000007,TPP,TPP
C81013,BASLOW HEALTH CENTRE,DE45 1SP,53.246162,-1.617821,E07000035,E10000007,TPP,TPP
C81014,DERWENT VALLEY MEDICAL PRACTICE,DE21 6AT,52.926715,-1.457647,E06000015,E99999999,TPP,TPP
C81015,NEWBOLD SURGERY,S41 8DU,53.256108,-1.450707,E07000034,E10000007,TPP,TPP
C81016,PEAK & DALES MEDICAL PARTNERSHIP,DE45 1ED,53.211692,-1.676376,E07000035,E10000007,TPP,TPP
C81017,ARTHUR MEDICAL CENTRE,DE7 6AX,53.001521,-1.422632,E07000032,E10000007,TPP,TPP
C81018,DOVE RIVER,DE13 9NA,52.858472,-1.686357,E07000193,E10000028,EMIS,EMIS
C81020,NEWHALL SURGERY,DE11 0HU,52.785163,-1.573961,E07000039,E10000007,TPP,TPP
C81021,OLD STATION SURGERY,DE7 8ES,52.978912,-1.312469,E07000036,E10000007,TPP,TPP
C81022,SOUTH STREET SURGERY,DE7 5PZ,52.96827,-1.308037,E07000036,E10000007,TPP,TPP
C81023,THE AITUNE MEDICAL PRACTICE,NG10 1RY,52.901572,-1.272526,E07000036,E10000007,TPP,TPP
C81025,DRONFIELD MEDICAL PRACTICE,S18 1PY,53.302375,-1.475083,E07000038,E10000007,EMIS,EMIS
C81026,ADAM HOUSE MEDICAL CENTRE,NG10 5HZ,52.922505,-1.294323,E07000036,E10000007,TPP,TPP
C81027,SOMERCOTES MEDICAL CENTRE,DE55 4JJ,53.082351,-1.372601,E07000032,E10000007,TPP,TPP
C81029,STAFFA HEALTH,DE55 5PS,53.146234,-1.338823,E07000033,E10000007,TPP,TPP
C81030,CREDAS MEDICAL,DE4 2EU,53.160917,-1.58702,E07000035,E10000007,TPP,TPP
C81031,PARK SURGERY,DE75 7DX,53.011206,-1.351707,E07000032,E10000007,TPP,TPP
C81032,SWADLINCOTE SURGERY,DE11 0PP,52.775817,-1.562503,E07000039,E10000007,TPP,TPP
C81033,SHIRES HEALTHCARE,NG20 8DG,53.202532,-1.21569,E07000033,E10000007,TPP,TPP
C81034,STEWART MEDICAL CENTRE,SK17 6JP,53.254016,-1.918032,E07000037,E10000007,EMIS,EMIS
C81035,VILLAGE SURGERY,DE23 8AL,52.896392,-1.485778,E06000015,E99999999,TPP,TPP
C81036,FRIAR GATE SURGERY,DE1 1DZ,52.924758,-1.486618,E06000015,E99999999,TPP,TPP
C81037,ASHBOURNE MEDICAL PRACTICE,DE6 1DR,53.012879,-1.737585,E07000035,E10000007,TPP,TPP
C81038,WHITEMOOR MEDICAL CENTRE,DE56 0JB,53.031079,-1.455178,E07000032,E10000007,TPP,TPP
C81039,EYAM SURGERY,S32 5QH,53.284081,-1.673925,E07000035,E10000007,EMIS,EMIS
C81040,PARK LANE SURGERY,DE22 2DS,52.955553,-1.479808,E06000015,E99999999,TPP,TPP
C81041,WELBECK ROAD HEALTH CENTRE,S44 6DF,53.23078,-1.286528,E07000033,E10000007,TPP,TPP
C81042,MICKLEOVER MEDICAL CENTRE,DE3 0HA,52.907111,-1.54633,E06000015,E99999999,TPP,TPP
C81044,WHITTINGTON MOOR SURGERY,S41 8NA,53.260996,-1.431065,E07000034,E10000007,TPP,TPP
C81045,ROYAL PRIMARY CARE CHESTERFIELD WEST,S40 4AA,53.23846,-1.438541,E07000034,E10000007,TPP,TPP
C81046,WEST HALLAM MEDICAL CTR,DE7 6GR,52.966624,-1.359163,E07000036,E10000007,TPP,TPP
C81047,ALVASTON MEDICAL CENTRE,DE24 0GE,52.893817,-1.429622,E06000015,E99999999,TPP,TPP
C81048,APPLETREE MEDICAL PRACTICE,DE56 4GG,52.985123,-1.486916,E07000032,E10000007,TPP,TPP
C81049,KELVINGROVE MEDICAL CENTRE,DE75 7HA,53.013206,-1.349083,E07000032,E10000007,TPP,TPP
C81050,THE VILLAGE SURGERY,DE55 2FY,53.106002,-1.34416,E07000033,E10000007,TPP,TPP
C81051,THE PARK MEDICAL PRACTICE,DE21 6LA,52.928801,-1.432644,E06000015,E99999999,TPP,TPP
C81052,ROYAL PRIMARY CARE BROOKLYN,DE75 7AL,53.017188,-1.342614,E07000032,E10000007,TPP,TPP
C81053,PARKSIDE SURGERY,DE55 7AH,53.098144,-1.391457,E07000032,E10000007,TPP,TPP
C81054,HOLLYBROOK MEDICAL CENTRE,DE23 3TX,52.891826,-1.531642,E06000015,E99999999,TPP,TPP
C81055,NORTH WINGFIELD MEDICAL CENTRE,S42 5ND,53.184331,-1.387725,E07000038,E10000007,TPP,TPP
C81056,CLAY CROSS MEDICAL CENTRE,S45 9NG,53.168103,-1.412204,E07000038,E10000007,TPP,TPP
C81057,WILLINGTON SURGERY,DE65 6QT,52.850285,-1.566835,E07000039,E10000007,TPP,TPP
C81058,THE BRIMINGTON SURGERY,S43 1JG,53.257173,-1.395708,E07000034,E10000007,TPP,TPP
C81059,RIPLEY MEDICAL CENTRE,DE5 3HR,53.047059,-1.405721,E07000032,E10000007,TPP,TPP
C81060,WOODVILLE SURGERY,DE11 7JE,52.770702,-1.536497,E07000039,E10000007,TPP,TPP
C81061,LITTLEWICK MEDICAL CENTRE,DE7 5PR,52.966472,-1.304835,E07000036,E10000007,TPP,TPP
C81062,HANNAGE BROOK MEDICAL CENTRE,DE4 4JG,53.077623,-1.571367,E07000035,E10000007,TPP,TPP
C81063,THORNBROOK SURGERY,SK23 0RH,53.323233,-1.911354,E07000037,E10000007,EMIS,EMIS
C81064,PARK FARM MEDICAL CENTRE,DE22 2QN,52.944097,-1.495869,E06000015,E99999999,TPP,TPP
C81065,BUXTON MEDICAL PRACTICE,SK17 9BZ,53.253137,-1.920446,E07000037,E10000007,EMIS,EMIS
C81066,OVERDALE MEDICAL PRACTICE,DE72 3HG,52.91234,-1.378477,E07000036,E10000007,TPP,TPP
C81067,CHATSWORTH ROAD MEDICAL CENTRE,S40 3PY,53.231374,-1.467337,E07000034,E10000007,TPP,TPP
C81068,CHAPEL STREET MEDICAL CENTRE,DE21 7RJ,52.921075,-1.404292,E06000015,E99999999,TPP,TPP
C81069,RIVERSDALE SURGERY,DE56 1AY,53.024119,-1.484994,E07000032,E10000007,TPP,TPP
C81070,OAKHILL MEDICAL PRACTICE,S18 2EJ,53.30568,-1.45831,E07000038,E10000007,TPP,TPP
C81071,OSMASTON SURGERY,DE23 8JX,52.911093,-1.467998,E06000015,E99999999,TPP,TPP
C81072,LISTER HOUSE SURGERY,DE23 8RJ,52.90097,-1.477949,E06000015,E99999999,TPP,TPP
C81073,MACKLIN STREET SURGERY,DE1 1JX,52.92115,-1.481767,E06000015,E99999999,TPP,TPP
C81075,HENMORE HEALTH - BRAILSFORD SURGERY,DE6 3BX,52.969448,-1.624923,E07000035,E10000007,TPP,TPP
C81080,GOYT VALLEY MEDICAL PRACTICE,SK23 7SR,53.3305,-1.983113,E07000037,E10000007,EMIS,EMIS
C81081,MANOR HOUSE SURGERY,SK13 8PS,53.443952,-1.945173,E07000037,E10000007,EMIS,EMIS
C81082,HARTINGTON SURGERY,SK17 0AQ,53.142506,-1.810814,E07000035,E10000007,EMIS,EMIS
C81083,WEST PARK SURGERY,NG10 1RY,52.901572,-1.272526,E07000036,E10000007,TPP,TPP
C81084,INSPIRE HEALTH - AVENUE HOUSE SURGERY,S40 1LE,53.23805,-1.433572,E07000034,E10000007,TPP,TPP
C81086,HENMORE HEALTH - ASHBOURNE SURGERY,DE6 1RR,53.013374,-1.737493,E07000035,E10000007,TPP,TPP
C81089,STUBLEY MEDICAL CENTRE,S18 8QY,53.304986,-1.488542,E07000038,E10000007,TPP,TPP
C81091,KILLAMARSH MEDICAL PRACTICE,S21 1DX,53.325026,-1.321458,E07000038,E10000007,TPP,TPP
C81092,EVELYN MEDICAL CENTRE,S33 6RJ,53.348861,-1.747924,E07000037,E10000007,EMIS,EMIS
C81094,CRICH MEDICAL PRACTICE,DE4 5PB,53.084861,-1.483358,E07000032,E10000007,TPP,TPP
C81095,EMMETT CARR SURGERY,S21 3TY,53.294997,-1.324798,E07000038,E10000007,TPP,TPP
C81096,CRAG'S HEALTH CARE,S80 4DY,53.260161,-1.223721,E07000033,E10000007,TPP,TPP
C81097,COLLEGE STREET MEDICAL PRACTICE,NG10 4NP,52.904285,-1.282575,E07000036,E10000007,TPP,TPP
C81099,LIMES MEDICAL CENTRE,DE55 7DW,53.098512,-1.387883,E07000032,E10000007,TPP,TPP
C81101,LIME GROVE MEDICAL CENTRE,DE4 3FD,53.139049,-1.552923,E07000035,E10000007,TPP,TPP
C81106,LAMBGATES HEALTH CENTRE,SK13 1DJ,53.463493,-1.970151,E07000037,E10000007,EMIS,EMIS
C81108,MELBOURNE & CHELLASTON MEDICAL PRACTICE,DE73 8EF,52.821729,-1.42954,E07000039,E10000007,TPP,TPP
C81110,WELLBROOK MEDICAL CENTRE,DE65 5GZ,52.868363,-1.63089,E07000039,E10000007,TPP,TPP
C81113,MICKLEOVER SURGERY,DE3 9BJ,52.907499,-1.537315,E06000015,E99999999,TPP,TPP
C81114,GRESLEYDALE HEALTHCARE CENTRE,DE11 9JT,52.760775,-1.576835,E07000039,E10000007,TPP,TPP
C81115,GLADSTONE HOUSE SURGERY,DE7 5QS,52.968836,-1.307923,E07000036,E10000007,TPP,TPP
C81118,DERBY FAMILY MEDICAL CENTRE,DE23 6QQ,52.90635,-1.481007,E06000015,E99999999,TPP,TPP
C81604,EDEN SURGERY,DE7 5AN,52.962668,-1.301591,E07000036,E10000007,TPP,TPP
C81611,MATLOCK AND ASHOVER PRACTICE,S45 0BA,53.166544,-1.471056,E07000038,E10000007,TPP,TPP
C81615,COTTAGE LANE SURGERY,SK13 6EQ,53.447172,-1.980506,E07000037,E10000007,EMIS,EMIS
C81616,PEARTREE MEDICAL CENTRE,DE23 8NQ,52.905165,-1.475341,E06000015,E99999999,TPP,TPP
C81634,ARDEN HOUSE MEDICAL PRACTICE,SK22 4AQ,53.366438,-2.002379,E07000037,E10000007,EMIS,EMIS
C81638,CASTLE STREET MEDICAL CENTRE,S44 6PP,53.229627,-1.293753,E07000033,E10000007,TPP,TPP
C81640,SIMMONDLEY MEDICAL PRACTICE,SK13 6NN,53.439557,-1.969038,E07000037,E10000007,EMIS,EMIS
C81647,ST LAWRENCE ROAD SURGERY,S42 5LH,53.180151,-1.38783,E07000038,E10000007,TPP,TPP
C81649,CALOW AND BRIMINGTON PRACTICE,S43 1DD,53.257867,-1.396118,E07000034,E10000007,TPP,TPP
C81652,DERWENT MEDICAL CENTRE,DE1 3AZ,52.929326,-1.480747,E06000015,E99999999,TPP,TPP
C81653,BROOK MEDICAL CENTRE,DE22 1FT,52.932332,-1.492152,E06000015,E99999999,TPP,TPP
C81655,FAMILY FRIENDLY SURGERY,S44 6DE,53.230289,-1.288663,E07000033,E10000007,TPP,TPP
C81658,WINGERWORTH MEDICAL CENTRE,S42 6PX,53.200934,-1.437055,E07000038,E10000007,TPP,TPP
C81662,BARLBOROUGH MEDICAL PRACTICE,S43 4TY,53.289549,-1.28447,E07000033,E10000007,TPP,TPP
C82001,SOUTH LEICESTERSHIRE MEDICAL GROUP,LE8 0LG,52.535941,-0.997348,E07000131,E10000018,TPP,TPP
C82002,COUNTESTHORPE HEALTH CENTRE,LE8 5QJ,52.554535,-1.136767,E07000129,E10000018,TPP,TPP
C82003,GREENGATE MEDICAL CENTRE,LE4 3JF,52.68057,-1.128533,E07000130,E10000018,TPP,TPP
C82005,GROBY ROAD MEDICAL CENTRE (ID PATCHETT),LE3 9ED,52.644337,-1.150492,E06000016,E99999999,TPP,TPP
C82007,CASTLE DONINGTON SURGERY,DE74 2LB,52.842692,-1.337379,E07000134,E10000018,TPP,TPP
C82008,OAKMEADOW SURGERY (GJ INGRAMS),LE3 8NF,52.640002,-1.196699,E06000016,E99999999,TPP,TPP
C82009,MARKET HARBOROUGH MED.CTR,LE16 9BX,52.477101,-0.92483,E07000131,E10000018,EMIS,EMIS
C82010,OAKHAM MEDICAL PRACTICE,LE15 6NT,52.670821,-0.737529,E06000017,E99999999,TPP,TPP
C82011,PINFOLD MEDICAL PRACTICE,LE11 1DQ,52.771542,-1.203159,E07000130,E10000018,EMIS,EMIS
C82012,IBSTOCK & BARLESTONE SURGERIES,LE67 6JP,52.684887,-1.401809,E07000134,E10000018,TPP,TPP
C82013,BUSHLOE SURGERY,LE18 2EW,52.583301,-1.116912,E07000135,E10000018,TPP,TPP
C82014,CASTLE MEDICAL GROUP,LE65 2LP,52.749369,-1.48192,E07000134,E10000018,TPP,TPP
C82016,LONG CLAWSON MEDICAL PRACTICE,LE14 4PA,52.839236,-0.923903,E07000133,E10000018,EMIS,EMIS
C82017,MEASHAM MEDICAL UNIT,DE12 7HR,52.704956,-1.508467,E07000134,E10000018,TPP,TPP
C82018,MANOR PARK MEDICAL PRACTICE,LE4 0JF,52.656286,-1.14306,E06000016,E99999999,TPP,TPP
C82019,STURDEE ROAD HEALTH AND WELLBEING CENTRE,LE2 9DB,52.590454,-1.143413,E06000016,E99999999,TPP,TPP
C82020,DE MONTFORT SURGERY,LE2 7HX,52.6286,-1.141192,E06000016,E99999999,TPP,TPP
C82021,THE CENTRAL SURGERY,LE2 5AA,52.598995,-1.082196,E07000135,E10000018,TPP,TPP
C82022,THE BILLESDON SURGERY,LE7 9AJ,52.618192,-0.939461,E07000131,E10000018,TPP,TPP
C82024,SPINNEY HILL MEDICAL CENTRE,LE5 3HX,52.637399,-1.109204,E06000016,E99999999,TPP,TPP
C82025,THE WYCLIFFE MEDICAL PRACTICE,LE17 4EB,52.457341,-1.198004,E07000131,E10000018,TPP,TPP
C82026,BRIDGE STREET MEDICAL PRACTICE,LE11 1NQ,52.774841,-1.207161,E07000130,E10000018,TPP,TPP
C82027,THE OLD SCHOOL SURGERY,LE9 4LJ,52.547202,-1.282771,E07000129,E10000018,TPP,TPP
C82028,MARKFIELD MEDICAL CENTRE,LE67 9WU,52.685103,-1.273047,E07000132,E10000018,TPP,TPP
C82030,DOWNING DRIVE SURGERY,LE5 6LP,52.625313,-1.063164,E06000016,E99999999,TPP,TPP
C82031,JOHNSON MEDICAL PRACTICE,LE5 1BL,52.652414,-1.067345,E06000016,E99999999,TPP,TPP
C82032,THE ANSTEY SURGERY,LE7 7AZ,52.672778,-1.18718,E07000130,E10000018,TPP,TPP
C82033,HUMBERSTONE MEDICAL CENTRE (IP JONES),LE5 0PR,52.645126,-1.089641,E06000016,E99999999,TPP,TPP
C82034,QUORN MEDICAL CENTRE,LE12 8BP,52.745617,-1.165545,E07000130,E10000018,EMIS,EMIS
C82035,PARK VIEW SURGERY,LE11 2AG,52.769061,-1.201885,E07000130,E10000018,TPP,TPP
C82037,EAST PARK MEDICAL CENTRE (RP PANDYA),LE5 5FD,52.63365,-1.104374,E06000016,E99999999,TPP,TPP
C82038,LATHAM HOUSE MEDICAL PRACTICE,LE13 1NX,52.765368,-0.883381,E07000133,E10000018,TPP,TPP
C82039,KINGSWAY SURGERY,LE3 2JN,52.606097,-1.176408,E07000129,E10000018,TPP,TPP
C82040,ORCHARD SURGERY,DE74 2EL,52.836503,-1.277947,E07000134,E10000018,TPP,TPP
C82041,CHARNWOOD MEDICAL GROUP,LE11 5DX,52.774322,-1.221164,E07000130,E10000018,TPP,TPP
C82042,THE COUNTY PRACTICE,LE7 2EQ,52.700986,-1.069331,E07000130,E10000018,TPP,TPP
C82043,STATION VIEW HEALTH CENTRE,LE10 1UA,52.537248,-1.364333,E07000132,E10000018,EMIS,EMIS
C82044,EMPINGHAM MEDICAL CENTRE,LE15 8PR,52.667736,-0.593772,E06000017,E99999999,TPP,TPP
C82045,WHITWICK ROAD SURGERY,LE67 3FA,52.726986,-1.367147,E07000134,E10000018,TPP,TPP
C82046,SAFFRON GROUP PRACTICE,LE2 6UL,52.60128,-1.141224,E06000016,E99999999,TPP,TPP
C82047,MAPLES FAMILY MED.PRACT.,LE10 1DS,52.541052,-1.367743,E07000132,E10000018,TPP,TPP
C82048,ROSEMEAD DRIVE SURGERY,LE2 5PP,52.593419,-1.08308,E07000135,E10000018,TPP,TPP
C82050,LONG LANE SURGERY,LE67 4DR,52.721883,-1.357685,E07000134,E10000018,TPP,TPP
C82051,NEWBOLD VERDON MED.PRACT.,LE9 9PZ,52.63463,-1.34333,E07000132,E10000018,TPP,TPP
C82052,DR AM LEWIS' PRACTICE,LE67 5HX,52.742594,-1.36067,E07000134,E10000018,TPP,TPP
C82053,HOCKLEY FARM MED PRACT (A NANA),LE3 1HN,52.630916,-1.183892,E06000016,E99999999,TPP,TPP
C82054,THE BURBAGE SURGERY,LE10 2SE,52.530114,-1.361635,E07000132,E10000018,TPP,TPP
C82055,THE LIMES MEDICAL CENTRE,LE19 2DU,52.573984,-1.199983,E07000129,E10000018,TPP,TPP
C82056,THE GLENFIELD SURGERY,LE3 8GS,52.655293,-1.196537,E07000129,E10000018,TPP,TPP
C82059,WESTCOTES GP SURGERY (ONE),LE3 0QR,52.628609,-1.15115,E06000016,E99999999,TPP,TPP
C82060,THE PRACTICE-SAYEED,LE5 5AY,52.630817,-1.106589,E06000016,E99999999,TPP,TPP
C82061,BARWELL & HOLLYCROFT MEDICAL CENTRES,LE9 8DS,52.565676,-1.348018,E07000132,E10000018,TPP,TPP
C82062,BARROW HEALTH CENTRE,LE12 8PY,52.751622,-1.149088,E07000130,E10000018,TPP,TPP
C82063,EAST LEICESTER MED PRACT(S LONGWORTH),LE5 4BP,52.64202,-1.094937,E06000016,E99999999,TPP,TPP
C82064,FOREST HOUSE SURGERY,LE12 9DF,52.766664,-1.287282,E07000130,E10000018,TPP,TPP
C82066,FOREST MEDICAL GROUP,LE3 3LW,52.618797,-1.22676,E07000129,E10000018,TPP,TPP
C82067,THE CROFT MEDICAL CENTRE,LE2 4PE,52.5939,-1.068661,E07000135,E10000018,TPP,TPP
C82068,NORTHFIELD MEDICAL CENTRE,LE8 4NS,52.576768,-1.164369,E07000129,E10000018,TPP,TPP
C82070,WOODBROOK MEDICAL CENTRE,LE11 1NH,52.774708,-1.20743,E07000130,E10000018,TPP,TPP
C82071,WIGSTON CENTRAL SURGERY,LE18 2EW,52.583301,-1.116912,E07000135,E10000018,TPP,TPP
C82072,BROOM LEYS SURGERY,LE67 4DE,52.722901,-1.349838,E07000134,E10000018,TPP,TPP
C82073,MERRIDALE MEDICAL CENTRE (RP TEW),LE3 1BL,52.619845,-1.160182,E06000016,E99999999,TPP,TPP
C82075,CASTLE MEAD MEDICAL CENTRE,LE10 1DS,52.541052,-1.367743,E07000132,E10000018,TPP,TPP
C82076,THE WELBY PRACTICE,NG13 0AN,52.942367,-0.804499,E07000133,E10000018,TPP/EVERGREENLIFE,TPP
C82077,THE UPPINGHAM SURGERY,LE15 9EG,52.594891,-0.723545,E06000017,E99999999,TPP,TPP
C82078,THE JUBILEE MEDICAL PRACTICE,LE7 2EQ,52.700986,-1.069331,E07000130,E10000018,TPP,TPP
C82079,SOUTH WIGSTON HEALTH CTR.,LE18 4SE,52.58047,-1.129174,E07000135,E10000018,TPP,TPP
C82080,SHEFA MEDICAL PRACTICE,LE2 0TA,52.631081,-1.119069,E06000016,E99999999,TPP,TPP
C82082,THE CENTRE SURGERY,LE10 1DS,52.541052,-1.367743,E07000132,E10000018,TPP,TPP
C82084,DR B MODI,LE4 6NL,52.651598,-1.113173,E06000016,E99999999,TPP,TPP
C82086,FOSSE MEDICAL CENTRE (DR H MUKADAM),LE3 5RR,52.636725,-1.152146,E06000016,E99999999,TPP,TPP
C82088,HORIZON HEALTHCARE,LE5 5UB,52.622375,-1.101812,E06000016,E99999999,TPP,TPP
C82091,BIRSTALL MEDICAL CENTRE,LE4 4EE,52.676558,-1.1161,E07000130,E10000018,TPP,TPP
C82092,AYLESTONE HEALTH CENTRE,LE2 8SF,52.605694,-1.152464,E06000016,E99999999,TPP,TPP
C82093,THE ORCHARD MED PRACTICE,LE9 6RG,52.53399,-1.231683,E07000131,E10000018,TPP,TPP
C82094,BEAUMONT LODGE MEDICAL PRACTICE,LE4 0QR,52.658298,-1.160482,E06000016,E99999999,TPP,TPP
C82095,ALPINE HOUSE SURGERY,LE12 7JU,52.724881,-1.139614,E07000130,E10000018,TPP,TPP
C82096,HUGGLESCOTE SURGERY,LE67 2BS,52.711049,-1.365675,E07000134,E10000018,TPP,TPP
C82097,CHARNWOOD SURGERY,LE12 7DJ,52.721797,-1.13587,E07000130,E10000018,TPP,TPP
C82098,HAZELMERE MEDICAL CENTRE,LE8 4DN,52.573751,-1.163659,E07000129,E10000018,TPP,TPP
C82099,AL-WAQAS MEDICAL CENTRE,LE2 1DJ,52.62905,-1.108339,E06000016,E99999999,TPP,TPP
C82100,THE HEDGES MEDICAL CENTRE (SA BAILEY),LE2 9BU,52.591305,-1.146733,E06000016,E99999999,TPP,TPP
C82102,MANOR HOUSE SURGERY,LE12 9UJ,52.785583,-1.340944,E07000134,E10000018,TPP,TPP
C82103,DISHLEY GRANGE MEDICAL PRACTICE,LE11 4RZ,52.779212,-1.240453,E07000130,E10000018,TPP,TPP
C82107,COSSINGTON PARK SURGERY,LE4 6AW,52.648059,-1.122113,E06000016,E99999999,TPP,TPP
C82109,HUSBANDS BOSWORTH MEDICAL CENTRE,LE17 6PU,52.449578,-1.05621,E07000131,E10000018,EMIS,EMIS
C82111,CAMPUS VIEW MEDICAL CENTRE,LE11 3TU,52.764847,-1.229512,E07000130,E10000018,TPP,TPP
C82112,SEVERN SURGERY,LE2 4NW,52.59882,-1.065575,E07000135,E10000018,TPP,TPP
C82114,DR U K ROY,LE3 0QD,52.630592,-1.153136,E06000016,E99999999,TPP,TPP
C82116,HIGHFIELDS SURGERY (R WADHWA),LE2 0NN,52.629415,-1.1186,E06000016,E99999999,TPP,TPP
C82119,NARBOROUGH ROAD SURGERY,LE3 0PE,52.624383,-1.153522,E06000016,E99999999,TPP,TPP
C82120,WHITWICK HEALTH CENTRE,LE67 5HX,52.742594,-1.36067,E07000134,E10000018,TPP,TPP
C82121,HEATH LANE SURGERY,LE9 7PB,52.575227,-1.322924,E07000132,E10000018,TPP,TPP
C82124,VICTORIA PARK HEALTH CENTRE,LE2 1XD,52.619117,-1.11925,E06000016,E99999999,TPP,TPP
C82600,THE BANKS SURGERY,LE12 7RD,52.731038,-1.105432,E07000130,E10000018,EMIS,EMIS
C82610,THE PARKS MEDICAL CENTRE (B HAINSWORTH),LE3 9PW,52.646655,-1.177037,E06000016,E99999999,TPP,TPP
C82611,THE MASHARANI PRACTICE,LE17 4EB,52.457341,-1.198004,E07000131,E10000018,TPP,TPP
C82614,SPIRIT PRIMARY CARE LIMITED-ASQUITH,LE2 6FQ,52.601507,-1.117108,E06000016,E99999999,TPP,TPP
C82620,DR S SHAFI,LE3 0AA,52.628168,-1.148529,E06000016,E99999999,TPP,TPP
C82624,SPIRIT PRIMARY CARE LTD-BEAUMONT LEYS,LE4 0UZ,52.662315,-1.153914,E06000016,E99999999,TPP,TPP
C82627,SILVERDALE MEDICAL CENTRE,LE4 8NN,52.672319,-1.090511,E07000130,E10000018,TPP,TPP
C82628,GROBY SURGERY,LE6 0GL,52.661884,-1.225011,E07000132,E10000018,TPP,TPP
C82631,ENDERBY MEDICAL CENTRE,LE19 4LY,52.587079,-1.21148,E07000129,E10000018,TPP,TPP
C82634,RATBY MEDICAL CENTRE,LE6 0LE,52.646999,-1.246424,E07000132,E10000018,TPP,TPP
C82639,WESTEND MEDICAL PRACTICE,LE3 0LP,52.631351,-1.15358,E06000016,E99999999,TPP,TPP
C82642,HIGHFIELDS MEDICAL CENTRE,LE5 3GH,52.641154,-1.108788,E06000016,E99999999,TPP,TPP
C82643,COMMUNITY HEALTH CENTRE (ZS OSAMA),LE2 0GU,52.632405,-1.113413,E06000016,E99999999,TPP,TPP
C82644,DR MK LAKHANI'S PRACTICE,LE12 7UD,52.732031,-1.101206,E07000130,E10000018,TPP,TPP
C82649,MARKET OVERTON & SOMERBY SURGERIES,LE15 7PP,52.739365,-0.684759,E06000017,E99999999,TPP,TPP
C82650,DESFORD MEDICAL CENTRE,LE9 9GR,52.627473,-1.296116,E07000132,E10000018,TPP,TPP
C82651,BROADHURST ST MED PRACT (KS MORJARIA),LE4 6NF,52.65349,-1.118664,E06000016,E99999999,TPP,TPP
C82653,WESTCOTES GP SURGERY (TWO),LE3 0QR,52.628609,-1.15115,E06000016,E99999999,TPP,TPP
C82656,FIELD STREET SURGERY,LE12 9AL,52.771768,-1.291408,E07000130,E10000018,TPP,TPP
C82659,DR R KAPUR & PARTNERS,LE2 0TA,52.631081,-1.119069,E06000016,E99999999,TPP,TPP
C82660,ST PETER'S MED CENTRE (MANSINGH & MEHRA),LE2 0TA,52.631081,-1.119069,E06000016,E99999999,TPP,TPP
C82662,WALNUT ST MED CTR,LE2 7LE,52.624645,-1.138787,E06000016,E99999999,TPP,TPP
C82667,THE CHARNWOOD PRACTICE,LE5 3GH,52.641154,-1.108788,E06000016,E99999999,TPP,TPP
C82669,THE SURGERY @ AYLESTONE,LE2 8PR,52.602636,-1.154811,E06000016,E99999999,TPP,TPP
C82670,INCLUSION HEALTHCARE,LE1 4SX,52.637338,-1.136115,E06000016,E99999999,TPP,TPP
C82671,BRANDON SURGERY DR R KAPUR & PARTNER,LE4 6AW,52.648059,-1.122113,E06000016,E99999999,TPP,TPP
C82676,ST ELIZABETH'S MEDICAL CENTRE (JA WOOD),LE5 1DR,52.648275,-1.061181,E06000016,E99999999,TPP,TPP
C82678,THURMASTON HEALTH CENTRE,LE4 8EA,52.672402,-1.103731,E07000130,E10000018,TPP,TPP
C82680,SPIRIT PRIMARY CARE LTD-RUSHEY MEAD,LE4 7ZX,52.663205,-1.103815,E06000016,E99999999,TPP,TPP
C83001,HEART OF LINCOLN HEALTH GROUP,LN5 7LB,53.223742,-0.539074,E07000138,E10000019,TPP,TPP
C83002,NAVENBY CLIFF VILLAGES SURGERY,LN5 0JJ,53.103518,-0.526297,E07000139,E10000019,TPP/EVERGREENLIFE,TPP
C83003,BEECHFIELD MEDICAL CENTRE,PE11 1UN,52.787274,-0.145001,E07000140,E10000019,TPP,TPP
C83004,LIQUORPOND SURGERY,PE21 8UE,52.973524,-0.025917,E07000136,E10000019,TPP,TPP
C83005,SPILSBY SURGERY,PE23 5LG,53.173075,0.098967,E07000137,E10000019,TPP,TPP
C83007,LAKESIDE HEALTHCARE STAMFORD,PE9 1YA,52.656186,-0.46778,E07000141,E10000019,TPP,TPP
C83008,SWINGBRIDGE SURGERY,NG31 7XT,52.901355,-0.662707,E07000141,E10000019,TPP/EVERGREENLIFE,TPP
C83009,LINDUM MEDICAL PRACTICE,LN2 2JP,53.247611,-0.523873,E07000138,E10000019,TPP,TPP
C83010,PARKSIDE MEDICAL CENTRE,PE21 6PF,52.98155,-0.021991,E07000136,E10000019,TPP,TPP
C83011,MILLVIEW MEDICAL CENTRE,NG34 9QP,52.981349,-0.309033,E07000139,E10000019,TPP/EVERGREENLIFE,TPP
C83013,RUSKINGTON SURGERY,NG34 9GQ,53.048249,-0.400972,E07000139,E10000019,TPP,TPP
C83014,BOULTHAM PARK MEDICAL PRACTICE,LN6 7SS,53.211156,-0.560496,E07000138,E10000019,TPP,TPP
C83015,SWINESHEAD SURGERY,PE20 3JE,52.940639,-0.158913,E07000136,E10000019,TPP,TPP
C83018,CLEVELAND SURGERY,DN21 2UQ,53.411797,-0.780584,E07000142,E10000019,TPP,TPP
C83019,BEACON MEDICAL PRACTICE,PE25 2RN,53.157661,0.331229,E07000137,E10000019,TPP,TPP
C83020,CAYTHORPE & ANCASTER MEDICAL PRACTICE,NG32 3PP,52.981873,-0.536321,E07000141,E10000019,TPP/EVERGREENLIFE,TPP
C83022,MUNRO MEDICAL CENTRE,PE11 2BY,52.794037,-0.147428,E07000140,E10000019,TPP,TPP
C83023,SLEAFORD MEDICAL GROUP,NG34 7HD,52.997807,-0.406501,E07000139,E10000019,TPP,TPP
C83024,THE GLENSIDE COUNTRY PRACTICE,NG33 4RZ,52.75453,-0.537948,E07000141,E10000019,TPP/EVERGREENLIFE,TPP
C83025,RICHMOND MEDICAL CENTRE,LN6 9AY,53.187597,-0.596905,E07000139,E10000019,TPP,TPP
C83026,THE DEEPINGS PRACTICE,PE6 8DD,52.683745,-0.316182,E07000141,E10000019,TPP,TPP
C83027,HORNCASTLE MEDICAL GROUP,LN9 6AL,53.208135,-0.107594,E07000137,E10000019,TPP,TPP
C83028,HOLBEACH MEDICAL CENTRE,PE12 7EE,52.804623,0.015639,E07000140,E10000019,TPP,TPP
C83029,BRANSTON & HEIGHINGTON FAMILY PRACTICE,LN4 1LH,53.195853,-0.467986,E07000139,E10000019,TPP,TPP
C83030,BILLINGHAY MEDICAL PRACTICE,LN4 4AU,53.078708,-0.277961,E07000139,E10000019,TPP/EVERGREENLIFE,TPP
C83031,NETTLEHAM MEDICAL PRACTICE,LN2 2RS,53.262889,-0.476254,E07000142,E10000019,TPP,TPP
C83032,MERTON LODGE SURGERY,LN13 9HT,53.259654,0.173147,E07000137,E10000019,TPP,TPP
C83033,HIBALDSTOW MEDICAL PRACTICE,DN20 9ED,53.510484,-0.525675,E06000013,E99999999,TPP,TPP
C83035,HEREWARD MEDICAL CENTRE,PE10 9XR,52.768647,-0.380903,E07000141,E10000019,TPP,TPP
C83036,GOSBERTON MEDICAL CENTRE,PE11 4NL,52.869915,-0.159263,E07000140,E10000019,TPP,TPP
C83037,WELTON FAMILY HEALTH CENTRE,LN2 3JH,53.306607,-0.484844,E07000142,E10000019,TPP,TPP
C83038,THE GLEBE PRACTICE,LN1 2NU,53.270932,-0.670912,E07000142,E10000019,EMIS,EMIS
C83039,MOULTON MEDICAL CENTRE,PE12 6QB,52.79766,-0.062945,E07000140,E10000019,TPP,TPP
C83040,ST. PETERS HILL SURGERY,NG31 6QA,52.910094,-0.639819,E07000141,E10000019,TPP/EVERGREENLIFE,TPP
C83041,THE WOODLAND MEDICAL PRACTICE,LN6 0QQ,53.215771,-0.605375,E07000138,E10000019,TPP,TPP
C83042,MARSH MEDICAL PRACTICE,LN11 7QU,53.445095,0.143685,E07000137,E10000019,TPP,TPP
C83043,MARKET RASEN SURGERY,LN8 3BP,53.384411,-0.340806,E07000142,E10000019,TPP/EVERGREENLIFE,TPP
C83044,CASKGATE STREET SURGERY,DN21 2DJ,53.399191,-0.777679,E07000142,E10000019,TPP,TPP
C83045,HAWTHORN MEDICAL PRACTICE,PE25 3TD,53.141459,0.319271,E07000137,E10000019,TPP,TPP
C83046,THE HEATH SURGERY,LN4 2LA,53.196529,-0.535297,E07000139,E10000019,TPP,TPP
C83048,ST. JOHNS MEDICAL CENTRE,NG31 6HR,52.907054,-0.63813,E07000141,E10000019,TPP/EVERGREENLIFE,TPP
C83049,DR SINHA & PARTNERS,PE22 9LE,53.030164,0.100212,E07000136,E10000019,TPP,TPP
C83051,ABBEY MEDICAL PRACTICE,LN2 5HR,53.23059,-0.5309,E07000138,E10000019,TPP,TPP
C83052,THE INGHAM SURGERY,LN1 2XF,53.336616,-0.577108,E07000142,E10000019,TPP/EVERGREENLIFE,TPP
C83053,COLSTERWORTH SURGERY,NG33 5NJ,52.806408,-0.619346,E07000141,E10000019,TPP,TPP
C83054,BOURNE GALLETLY PRACTICE TEAM,PE10 9BT,52.77572,-0.376772,E07000141,E10000019,TPP,TPP
C83055,STICKNEY SURGERY,PE22 8AA,53.092095,0.005206,E07000137,E10000019,TPP,TPP
C83056,EAST LINDSEY MEDICAL GROUP,LN11 9EH,53.362241,0.002264,E07000137,E10000019,TPP,TPP
C83057,KIRTON MEDICAL CENTRE,PE20 1DS,52.930762,-0.058602,E07000136,E10000019,TPP,TPP
C83058,WASHINGBOROUGH SURGERY,LN4 1BN,53.221849,-0.473351,E07000139,E10000019,TPP,TPP
C83059,GREYFRIARS SURGERY,PE21 6JU,52.975126,-0.02279,E07000136,E10000019,TPP,TPP
C83060,THE SIDINGS MEDICAL PRACTICE,PE21 8EG,52.975942,-0.033522,E07000136,E10000019,TPP/EVERGREENLIFE,TPP
C83061,NORTH THORESBY SURGERY,DN36 5RT,53.46502,-0.056752,E07000137,E10000019,TPP,TPP
C83062,CHURCH WALK SURGERY,LN4 3HA,53.138372,-0.402188,E07000139,E10000019,TPP,TPP
C83063,LONG SUTTON MEDICAL CTR.,PE12 9HB,52.785597,0.117782,E07000140,E10000019,TPP/EMIS,TPP
C83064,MARISCO MEDICAL PRACTICE,LN12 1DP,53.338414,0.257346,E07000137,E10000019,TPP,TPP
C83065,LITTLEBURY MEDICAL CENTRE,PE12 7DE,52.801884,0.019102,E07000140,E10000019,TPP,TPP
C83067,LONG BENNINGTON MEDICAL CENTRE,NG23 5FR,52.997607,-0.759419,E07000141,E10000019,TPP,TPP
C83072,MINSTER MEDICAL PRACTICE,LN2 2JP,53.247611,-0.523873,E07000138,E10000019,TPP,TPP
C83073,CLIFF HOUSE MEDICAL PRACTICE,LN1 3LJ,53.238899,-0.545017,E07000138,E10000019,TPP,TPP
C83074,WILLINGHAM-BY-STOW SURGERY,DN21 5JZ,53.350895,-0.68569,E07000142,E10000019,TPP/EVERGREENLIFE,TPP
C83075,VINE STREET SURGERY,NG31 6RQ,52.913812,-0.642559,E07000141,E10000019,TPP/EVERGREENLIFE,TPP
C83078,BRANT ROAD & SPRINGCLIFFE SURGERY,LN5 9AB,53.189054,-0.55703,E07000138,E10000019,TPP/EVERGREENLIFE,TPP
C83079,GLEBE PARK SURGERY,LN2 4WA,53.241505,-0.507075,E07000138,E10000019,TPP/EVERGREENLIFE,TPP
C83080,THE HARROWBY LANE SURGERY,NG31 9NS,52.920137,-0.615781,E07000141,E10000019,TPP,TPP
C83082,BIRCHWOOD MEDICAL PRACTICE,LN6 0QQ,53.215771,-0.605375,E07000138,E10000019,TPP,TPP
C83083,THE NEW CONINGSBY SURGERY,LN4 4SG,53.104809,-0.173754,E07000137,E10000019,TPP/EVERGREENLIFE,TPP
C83085,JAMES STREET FAMILY PRACTICE,LN11 0JN,53.369194,-0.000627,E07000137,E10000019,TPP,TPP
C83611,THE BASSINGHAM SURGERY,LN5 9HF,53.126724,-0.63761,E07000139,E10000019,TPP,TPP
C83613,CAISTOR HEALTH CENTRE,LN7 6NX,53.494317,-0.315024,E07000142,E10000019,TPP,TPP
C83614,SUTTERTON SURGERY,PE20 2ET,52.901742,-0.097607,E07000136,E10000019,TPP,TPP
C83617,ABBEYVIEW SURGERY,PE6 0AL,52.67203,-0.163608,E07000140,E10000019,TPP,TPP
C83626,BRAYFORD MEDICAL PRACTICE,LN1 1XP,53.230242,-0.544291,E07000138,E10000019,TPP,TPP
C83634,TASBURGH LODGE SURGERY,LN10 6TX,53.151266,-0.213746,E07000137,E10000019,TPP,TPP
C83635,WOODHALL SPA NEW SURGERY,LN10 6SQ,53.153287,-0.207037,E07000137,E10000019,TPP/EVERGREENLIFE,TPP
C83641,TRENT VALLEY SURGERY,LN1 2NU,53.270932,-0.670912,E07000142,E10000019,TPP,TPP
C83643,BINBROOK SURGERY,LN8 6ED,53.427684,-0.178899,E07000137,E10000019,TPP,TPP
C83649,MARKET CROSS SURGERY,NG33 4BB,52.80999,-0.513997,E07000141,E10000019,TPP,TPP
C83650,THE WRAGBY SURGERY,LN8 5DA,53.287963,-0.301337,E07000137,E10000019,TPP,TPP
C84001,LARWOOD HEALTH PARTNERSHIP,S81 0HH,53.31904,-1.105879,E07000171,E10000024,TPP,TPP
C84004,ST ALBANS MEDICAL CENTRE,NG6 8AQ,53.007135,-1.193034,E06000018,E99999999,TPP/EVERGREENLIFE,TPP
C84005,VILLAGE HEALTH GROUP,LE12 6JG,52.83405,-1.177124,E07000176,E10000024,TPP,TPP
C84008,TUXFORD MEDICAL CENTRE,NG22 0HT,53.231345,-0.890882,E07000171,E10000024,EMIS,EMIS
C84009,BARNBY GATE SURGERY,NG24 1QD,53.074951,-0.804967,E07000175,E10000024,TPP,TPP
C84010,TRENTSIDE MEDICAL GROUP,NG4 2FN,52.962336,-1.078502,E07000173,E10000024,TPP,TPP
C84011,ELMSWOOD SURGERY,NG5 4AD,52.983771,-1.14159,E06000018,E99999999,EMIS,EMIS
C84012,WILLOWBROOK MEDICAL PRACTICE,NG17 1ES,53.122857,-1.267335,E07000170,E10000024,TPP,TPP
C84013,KINGFISHER FAMILY PRACTICE,DN22 7XF,53.325592,-0.950991,E07000171,E10000024,TPP,TPP
C84014,WOODLANDS MEDICAL PRACTICE,NG17 1JW,53.117767,-1.280166,E07000170,E10000024,TPP,TPP
C84016,OAKWOOD SURGERY,NG19 8BL,53.164033,-1.193088,E07000174,E10000024,TPP,TPP
C84017,BELVOIR HEALTH GROUP,NG12 3BU,52.912246,-0.980391,E07000176,E10000024,TPP,TPP
C84018,THE FAMILY MEDICAL CENTRE,NG3 2FW,52.957886,-1.128526,E06000018,E99999999,TPP,TPP
C84019,FOUNTAIN MEDICAL CENTRE,NG24 1QH,53.073093,-0.804302,E07000175,E10000024,TPP,TPP
C84020,CHURCHSIDE MEDICAL PRACTICE,NG18 1QB,53.146611,-1.203537,E07000174,E10000024,TPP,TPP
C84021,MIDDLETON LODGE PRACTICE,NG22 9SZ,53.20699,-1.006831,E07000175,E10000024,TPP,TPP
C84023,THE UNIV OF NOTTINGHAM HEALTH SERV,NG7 2QW,52.942198,-1.195938,E06000018,E99999999,EMIS,EMIS
C84024,NEWGATE MEDICAL GROUP,S80 1HP,53.301085,-1.123405,E07000171,E10000024,TPP,TPP
C84025,EAST BRIDGFORD MED CENTRE,NG13 8NY,52.978633,-0.957576,E07000176,E10000024,TPP,TPP
C84026,STENHOUSE MEDICAL CENTRE,NG5 7BP,53.005344,-1.130208,E07000173,E10000024,TPP,TPP
C84028,THE RUDDINGTON MED CENTRE,NG11 6HD,52.891609,-1.151362,E07000176,E10000024,TPP,TPP
C84029,LOMBARD MEDICAL CENTRE,NG24 4XG,53.073931,-0.811742,E07000175,E10000024,TPP,TPP
C84030,THE OAKS MEDICAL CENTRE,NG9 2NY,52.928123,-1.21527,E07000172,E10000024,TPP,TPP
C84032,"EASTWOOD PRIMARY CARE CENTRE, CHURCH STREET SITE",NG16 3BS,53.016082,-1.307751,E07000172,E10000024,TPP,TPP
C84033,WESTDALE LANE SURGERY,NG4 3JA,52.972436,-1.082591,E07000173,E10000024,TPP,TPP
C84034,CHURCHFIELDS MEDICAL PRACTICE,NG6 0HD,52.978885,-1.180394,E06000018,E99999999,TPP,TPP
C84035,CROWN HOUSE SURGERY,DN22 7XF,53.325592,-0.950991,E07000171,E10000024,TPP,TPP
C84036,FOREST MEDICAL,NG19 6AB,53.149709,-1.205752,E07000174,E10000024,TPP,TPP
C84037,ABBEY MEDICAL GROUP,NG21 0RB,53.100693,-1.119191,E07000175,E10000024,TPP,TPP
C84039,DERBY ROAD HEALTH CENTRE,NG7 2DW,52.950725,-1.177027,E06000018,E99999999,TPP,TPP
C84042,SAXON CROSS SURGERY,NG9 8DA,52.931118,-1.273638,E07000172,E10000024,TPP,TPP
C84043,LEEN VIEW SURGERY,NG6 8QJ,52.998071,-1.196586,E06000018,E99999999,EMIS,EMIS
C84044,DEER PARK FAMILY MEDICAL PRACTICE,NG8 2GR,52.948921,-1.229778,E06000018,E99999999,EMIS,EMIS
C84045,COLLINGHAM MEDICAL CENTRE,NG23 7LB,53.145808,-0.76015,E07000175,E10000024,TPP,TPP
C84046,CLIFTON MEDICAL PRACTICE,NG11 8EW,52.903884,-1.176249,E06000018,E99999999,TPP,TPP
C84047,THE CALVERTON PRACTICE,NG14 6FP,53.03719,-1.081963,E07000173,E10000024,TPP,TPP
C84049,SOUTHWELL MEDICAL CENTRE,NG25 0AL,53.081356,-0.955455,E07000175,E10000024,TPP,TPP
C84051,ORCHARD MEDICAL PRACTICE,NG18 5GG,53.14114,-1.206762,E07000174,E10000024,TPP,TPP
C84053,TORKARD HILL MEDICAL CTRE,NG15 6DY,53.02992,-1.207386,E07000170,E10000024,TPP,TPP
C84055,HIGHCROFT SURGERY,NG5 7BQ,53.004129,-1.128817,E07000173,E10000024,TPP,TPP
C84057,PLEASLEY SURGERY,NG19 7PE,53.175809,-1.250874,E07000033,E10000007,TPP,TPP
C84059,SHERWOOD MEDICAL PARTNERSHIP,NG19 0FW,53.157507,-1.137876,E07000174,E10000024,TPP,TPP
C84060,RIVERGREEN MEDICAL CENTRE,NG11 8AD,52.906028,-1.175658,E06000018,E99999999,TPP,TPP
C84061,KING'S MEDICAL CENTRE,NG17 1AT,53.123462,-1.263454,E07000170,E10000024,TPP,TPP
C84063,GREENDALE PRIMARY CARE CENTRE,NG3 7DQ,52.956572,-1.118564,E06000018,E99999999,TPP,TPP
C84064,PARKSIDE MEDICAL CENTRE,NG6 8QJ,52.998071,-1.196586,E06000018,E99999999,TPP,TPP
C84065,ABBEY MEDICAL CENTRE,NG9 2QP,52.933134,-1.219925,E07000172,E10000024,TPP,TPP
C84066,DAYBROOK MEDICAL PRACTICE,NG5 6HP,53.001533,-1.140135,E07000173,E10000024,TPP,TPP
C84067,ASHFIELD HOUSE (ANNESLEY),NG17 9JB,53.076529,-1.256045,E07000170,E10000024,TPP,TPP
C84069,ROUNDWOOD SURGERY,NG18 1QQ,53.147354,-1.200503,E07000174,E10000024,TPP,TPP
C84072,THE WELLSPRING SURGERY,NG3 3GG,52.962324,-1.136804,E06000018,E99999999,TPP,TPP
C84074,FAMILY MEDICAL CENTRE (KIRKBY),NG17 7BG,53.10008,-1.244631,E07000170,E10000024,TPP,TPP
C84076,KIRKBY HEALTH CENTRE,NG17 7LG,53.10035,-1.244582,E07000170,E10000024,TPP,TPP
C84077,BRIERLEY PARK MEDICAL GROUP,NG17 2NF,53.128813,-1.297946,E07000170,E10000024,TPP,TPP
C84078,HUCKNALL ROAD MEDICAL CENTRE,NG5 1NA,52.990092,-1.168398,E06000018,E99999999,TPP,TPP
C84080,THE MANOR SURGERY,NG9 1GA,52.925056,-1.216367,E07000172,E10000024,TPP,TPP
C84081,JOHN RYLE MEDICAL PRACTICE,NG11 8EW,52.903884,-1.176249,E06000018,E99999999,TPP,TPP
C84084,RADCLIFFE-ON-TRENT. HEALTH CENTRE,NG12 2GD,52.946159,-1.038217,E07000176,E10000024,TPP,TPP
C84085,VICTORIA AND MAPPERLEY PRACTICE,NG1 3LW,52.957323,-1.146416,E06000018,E99999999,EMIS,EMIS
C84086,ST GEORGES MED PRACTICE,NG2 7PG,52.930774,-1.132343,E07000176,E10000024,TPP,TPP
C84087,RAINWORTH HEALTH CENTRE,NG21 0AD,53.116754,-1.118804,E07000175,E10000024,TPP,TPP
C84090,MUSTERS MEDICAL PRACTICE,NG2 7SD,52.930497,-1.144905,E07000176,E10000024,TPP,TPP
C84091,ASPLEY MEDICAL CENTRE,NG8 5RU,52.971936,-1.204204,E06000018,E99999999,TPP,TPP
C84092,BRIDGEWAY PRACTICE,NG2 2JG,52.943594,-1.147341,E06000018,E99999999,TPP,TPP
C84094,RIVERSIDE HEALTH PARTNERSHIP,DN22 6FB,53.324356,-0.943319,E07000171,E10000024,TPP,TPP
C84095,OAKENHALL MEDICAL PRACT,NG15 7UA,53.036636,-1.199433,E07000170,E10000024,TPP,TPP
C84101,BAWTRY AND BLYTH MEDICAL,DN10 6RQ,53.431893,-1.019451,E08000017,E99999999,TPP,TPP
C84105,FAIRFIELDS PRACTICE,NG7 5HY,52.964515,-1.171942,E06000018,E99999999,EMIS,EMIS
C84106,MILLVIEW SURGERY,NG18 5PF,53.144141,-1.203956,E07000174,E10000024,TPP,TPP
C84107,THE LINDEN MEDICAL GROUP,NG9 8DA,52.931118,-1.273638,E07000172,E10000024,TPP,TPP
C84112,BRAMCOTE SURGERY,NG9 3HF,52.935624,-1.244981,E07000172,E10000024,TPP,TPP
C84113,MAJOR OAK MEDICAL PRACTICE,NG21 9QS,53.193988,-1.06422,E07000175,E10000024,TPP,TPP
C84115,PLAINS VIEW SURGERY,NG3 5LB,52.986051,-1.118918,E07000173,E10000024,TPP,TPP
C84116,MELBOURNE PARK MEDICAL CENTRE,NG8 5HL,52.975778,-1.19274,E06000018,E99999999,EMIS,EMIS
C84117,RADFORD MEDICAL PRACTICE (KAUR),NG7 3GW,52.956359,-1.167632,E06000018,E99999999,EMIS,EMIS
C84120,CHILWELL VALLEY AND MEADOWS PRACTICE,NG9 4ET,52.922038,-1.237497,E07000172,E10000024,TPP,TPP
C84122,WOLLATON PARK MEDICAL CENTRE,NG8 1FG,52.953491,-1.19503,E06000018,E99999999,TPP,TPP
C84123,BILSTHORPE SURGERY,NG22 8QB,53.141886,-1.032626,E07000175,E10000024,TPP,TPP
C84129,RISE PARK SURGERY,NG5 5EB,53.011496,-1.174948,E06000018,E99999999,TPP,TPP
C84131,NEWTHORPE MEDICAL PRACTICE,NG16 3HU,53.012137,-1.298677,E07000172,E10000024,TPP,TPP
C84136,ST. LUKE'S SURGERY,NG7 3GW,52.956359,-1.167632,E06000018,E99999999,EMIS,EMIS
C84140,LOWMOOR ROAD SURGERY,NG17 7BG,53.10008,-1.244631,E07000170,E10000024,TPP,TPP
C84142,SELSTON SURGERY,NG16 6BT,53.070215,-1.299869,E07000170,E10000024,TPP,TPP
C84144,THE MEADOWS HEALTH CENTRE,NG2 2JG,52.943594,-1.147341,E06000018,E99999999,TPP,TPP
C84150,UNITY SURGERY,NG3 6EU,52.980442,-1.103408,E07000173,E10000024,TPP,TPP
C84151,THE MEDICAL CENTRE - ZULU ROAD,NG7 7DS,52.977238,-1.172279,E06000018,E99999999,TPP,TPP
C84605,CASTLE HEALTHCARE PRACTICE,NG2 7SD,52.930497,-1.144905,E07000176,E10000024,TPP,TPP
C84613,JUBILEE PARK MEDICAL PARTNERSHIP,NG4 3DQ,52.967805,-1.084729,E07000173,E10000024,TPP,TPP
C84619,TUDOR HOUSE MEDICAL PRACTICE,NG5 3HU,52.990419,-1.149815,E06000018,E99999999,TPP,TPP
C84621,WEST BRIDGFORD MEDICAL CENTRE,NG2 7PX,52.92973,-1.13217,E07000176,E10000024,TPP,TPP
C84624,HAMA MEDICAL CENTRE,NG16 2NB,52.996156,-1.251855,E07000172,E10000024,TPP,TPP
C84628,SHERWOOD RISE MEDICAL CENTRE,NG7 7AD,52.97428,-1.162016,E06000018,E99999999,TPP,TPP
C84629,"HEALTH CARE COMPLEX, KIRKBY",NG17 7BG,53.10008,-1.244631,E07000170,E10000024,TPP,TPP
C84637,SANDY LANE SURGERY,NG18 2LT,53.147109,-1.182894,E07000174,E10000024,TPP,TPP
C84646,THE IVY MEDICAL GROUP,NG14 5BG,52.988147,-1.041307,E07000173,E10000024,TPP,TPP
C84654,JACKSDALE MEDICAL CENTRE,NG16 5JW,53.058892,-1.336564,E07000170,E10000024,TPP,TPP
C84656,HILL VIEW SURGERY,NG21 0JP,53.118999,-1.107641,E07000175,E10000024,TPP,TPP
C84658,MEDEN MEDICAL SERVICES,NG20 0BP,53.207243,-1.15263,E07000174,E10000024,TPP,TPP
C84660,HOUNSFIELD SURGERY,NG23 6PX,53.183723,-0.811031,E07000175,E10000024,TPP,TPP
C84664,WELBECK SURGERY,NG5 2JJ,52.979752,-1.147657,E06000018,E99999999,TPP,TPP
C84667,GILTBROOK SURGERY,NG16 2GE,53.007466,-1.284252,E07000172,E10000024,TPP,TPP
C84676,GREENFIELDS MEDICAL PRACTICE,NG7 6ER,52.966506,-1.168584,E06000018,E99999999,TPP,TPP
C84679,ACORN MEDICAL PRACTICE,NG18 1QA,53.146999,-1.202513,E07000174,E10000024,TPP,TPP
C84682,SHERRINGTON PARK MEDICAL PRACTICE,NG5 2EJ,52.9747,-1.150214,E06000018,E99999999,TPP,TPP
C84683,THE WINDMILL PRACTICE,NG2 4PJ,52.951971,-1.134748,E06000018,E99999999,TPP,TPP
C84691,HIGH GREEN MEDICAL PRACTICE,NG7 5HY,52.964515,-1.171942,E06000018,E99999999,TPP,TPP
C84692,NORTH LEVERTON SURGERY,DN22 0AB,53.332059,-0.822245,E07000171,E10000024,EMIS,EMIS
C84693,BAKERSFIELD MEDICAL CENTRE,NG3 7EJ,52.960219,-1.104957,E06000018,E99999999,EMIS,EMIS
C84694,LIME TREE SURGERY,NG8 6AB,52.982377,-1.196802,E06000018,E99999999,TPP,TPP
C84695,THE ALICE MEDICAL CENTRE,NG5 5HW,52.994912,-1.162242,E06000018,E99999999,TPP,TPP
C84696,WEST OAK SURGERY,NG3 6EW,52.981634,-1.107643,E07000173,E10000024,TPP,TPP
C84703,THE GAMSTON MEDICAL CTR.,NG2 6PS,52.924272,-1.100492,E07000176,E10000024,TPP,TPP
C84704,JRB HEALTHCARE BEECHDALE SURGERY,NG8 3LF,52.961486,-1.198112,E06000018,E99999999,TPP,TPP
C84705,HICKINGS LANE MEDICAL CTR,NG9 8PN,52.936258,-1.264431,E07000172,E10000024,TPP,TPP
C84714,SUNRISE MEDICAL PRACTICE,NG11 8NS,52.911636,-1.183151,E06000018,E99999999,EMIS,EMIS
C85001,GOLDTHORPE MEDICAL CENTRE,S63 9EH,53.52812,-1.310932,E08000038,E99999999,TPP,TPP
C85003,ASHVILLE MEDICAL CENTRE PMS PRACTICE,S70 3NE,53.543091,-1.456902,E08000038,E99999999,TPP,TPP
C85004,PENISTONE GROUP PMS PRACTICE,S36 6BR,53.523259,-1.630781,E08000038,E99999999,EMIS,EMIS
C85005,ROYSTON GROUP PRACTICE,S71 4QW,53.600022,-1.451021,E08000038,E99999999,TPP,TPP
C85006,WOODLAND DRIVE MEDICAL CENTRE,S70 6QW,53.5478,-1.506646,E08000038,E99999999,EMIS,EMIS
C85007,THE DOVE VALLEY PMS PRACTICE,S70 5NZ,53.529021,-1.46034,E08000038,E99999999,TPP,TPP
C85008,WALDERSLADE SURGERY,S74 9AF,53.499839,-1.437721,E08000038,E99999999,EMIS,EMIS
C85009,THE KAKOTY PRACTICE,S70 4NW,53.546418,-1.473445,E08000038,E99999999,TPP,TPP
C85010,HILL BROW SURGERY PMS PRACTICE,S75 6FH,53.58717,-1.509014,E08000038,E99999999,TPP,TPP
C85013,WOMBWELL GMS PRACTICE,S73 0AJ,53.522196,-1.39572,E08000038,E99999999,TPP,TPP
C85014,THE ROSE TREE PMS PRACTICE,S72 8SU,53.577865,-1.416845,E08000038,E99999999,EMIS,EMIS
C85016,GARLAND HOUSE SURGERY,S73 9JX,53.533842,-1.370691,E08000038,E99999999,EMIS,EMIS
C85017,BURLEIGH MEDICAL CENTRE,S70 1DR,53.549543,-1.476757,E08000038,E99999999,TPP,TPP
C85018,GRIMETHORPE SURGERY,S72 7NZ,53.57363,-1.378982,E08000038,E99999999,EMIS,EMIS
C85019,THE GROVE MEDICAL PRACTICE,S70 1QE,53.547102,-1.485978,E08000038,E99999999,EMIS,EMIS
C85020,HUDDERSFIELD ROAD SURGERY,S70 2LT,53.558183,-1.485633,E08000038,E99999999,EMIS,EMIS
C85022,HOYLAND MEDICAL PRACTICE,S74 9AF,53.499839,-1.437721,E08000038,E99999999,EMIS,EMIS
C85023,HOLLYGREEN PRACTICE,S63 9EH,53.52812,-1.310932,E08000038,E99999999,TPP,TPP
C85024,HIGH STREET PRACTICE,S71 4RF,53.597943,-1.458316,E08000038,E99999999,TPP,TPP
C85028,LUNDWOOD MEDICAL CENTRE PMS PRACTICE,S71 5PN,53.557729,-1.43854,E08000038,E99999999,EMIS,EMIS
C85030,WOMBWELL MEDICAL CENTRE PRACTICE,S73 0DD,53.521916,-1.398921,E08000038,E99999999,EMIS,EMIS
C85033,VICTORIA MEDICAL CENTRE PMS PRACTICE,S75 2AE,53.556722,-1.490828,E08000038,E99999999,EMIS,EMIS
C85614,DARTON HEALTH CENTRE PRACTICE,S75 5HQ,53.586094,-1.530009,E08000038,E99999999,EMIS,EMIS
C85619,ST GEORGE'S MEDICAL CENTRE PMS PRACTICE,S71 1RY,53.579078,-1.482827,E08000038,E99999999,TPP,TPP
C85622,MONK BRETTON HEALTH CENTRE PRACTICE,S71 2EQ,53.566626,-1.451891,E08000038,E99999999,EMIS,EMIS
C85623,KINGSWELL SURGERY PMS PRACTICE,S36 6DY,53.525795,-1.628195,E08000038,E99999999,TPP,TPP
C86001,GREAT NORTH MEDICAL GROUP,DN6 8AG,53.58337,-1.186052,E08000017,E99999999,TPP,TPP
C86002,THE RANSOME PRACTICE,DN5 0JX,53.551038,-1.14853,E08000017,E99999999,EMIS,EMIS
C86003,HATFIELD HEALTH CENTRE,DN7 6JH,53.574814,-1.00845,E08000017,E99999999,TPP,TPP
C86005,MEXBOROUGH HEALTH CENTRE,S64 0BY,53.494256,-1.279796,E08000017,E99999999,EMIS,EMIS
C86006,REGENT SQUARE GROUP PRACTICE,DN1 2DS,53.522211,-1.125985,E08000017,E99999999,EMIS,EMIS
C86007,THE BURNS PRACTICE,DN1 2EG,53.520689,-1.123015,E08000017,E99999999,TPP,TPP
C86009,THE MAYFLOWER MEDICAL PRACTICE,DN10 6RQ,53.431893,-1.019451,E08000017,E99999999,TPP,TPP
C86011,MOUNT GROUP PRACTICE,DN1 2JP,53.525915,-1.122349,E08000017,E99999999,TPP,TPP
C86012,THE OAKWOOD SURGERY,DN4 6BU,53.506629,-1.073939,E08000017,E99999999,TPP,TPP
C86013,THE TICKHILL & COLLIERY MEDICAL PRACTICE,DN11 9NA,53.433065,-1.110774,E08000017,E99999999,TPP,TPP
C86015,THE ROSSINGTON PRACTICE,DN11 0LP,53.475959,-1.075073,E08000017,E99999999,EMIS,EMIS
C86016,THE LAKESIDE PRACTICE,DN6 0HZ,53.615375,-1.149368,E08000017,E99999999,TPP,TPP
C86017,KINGTHORNE GROUP PRACTICE,DN1 2EU,53.525957,-1.123238,E08000017,E99999999,TPP,TPP
C86018,NORTHFIELD SURGERY,DN8 4BQ,53.613648,-0.966348,E08000017,E99999999,TPP,TPP
C86019,THE SCOTT PRACTICE,DN4 0TG,53.507078,-1.151432,E08000017,E99999999,EMIS,EMIS
C86020,ST. JOHNS GROUP PRACTICE,DN4 0TH,53.507072,-1.151945,E08000017,E99999999,EMIS,EMIS
C86021,WHITE HOUSE FARM MEDICAL CENTRE,DN3 3AH,53.53645,-1.058564,E08000017,E99999999,TPP,TPP
C86023,DON VALLEY HEALTHCARE,DN5 0AT,53.546118,-1.146818,E08000017,E99999999,TPP,TPP
C86024,CONISBROUGH GROUP PRACTICE,DN12 3JW,53.482255,-1.237534,E08000017,E99999999,TPP,TPP
C86025,FRANCES STREET MEDICAL CENTRE,DN1 1JS,53.524032,-1.130413,E08000017,E99999999,TPP,TPP
C86026,EDLINGTON HEALTH CENTRE PRACTICE,DN12 1JD,53.480846,-1.193951,E08000017,E99999999,EMIS,EMIS
C86029,ST VINCENT MEDICAL CENTRE,DN1 2ET,53.525496,-1.124032,E08000017,E99999999,TPP,TPP
C86032,SCAWSBY HEALTH CENTRE PRACTICE,DN5 8QE,53.536764,-1.167662,E08000017,E99999999,EMIS,EMIS
C86033,THE NAYAR PRACTICE,DN12 1JD,53.480846,-1.193951,E08000017,E99999999,EMIS,EMIS
C86034,THE NEW SURGERY,S64 0DB,53.494642,-1.281086,E08000017,E99999999,EMIS,EMIS
C86037,FIELD ROAD SURGERY,DN7 5AF,53.600285,-1.030052,E08000017,E99999999,TPP,TPP
C86038,PETERSGATE MEDICAL CENTRE,DN5 9PQ,53.543902,-1.165168,E08000017,E99999999,TPP,TPP
C86605,ASKERN MEDICAL PRACTICE,DN6 0HZ,53.615375,-1.149368,E08000017,E99999999,TPP,TPP
C86609,ASA MEDICAL GROUP,DN3 2DB,53.53973,-1.061827,E08000017,E99999999,TPP,TPP
C86611,DUNSVILLE MEDICAL CENTRE,DN7 4BY,53.562559,-1.027835,E08000017,E99999999,TPP,TPP
C86614,THORNE MOOR MEDICAL PRACTICE,DN8 4BQ,53.613648,-0.966348,E08000017,E99999999,TPP,TPP
C86616,DENABY MEDICAL PRACTICE,DN12 4AB,53.490631,-1.245749,E08000017,E99999999,TPP,TPP
C86621,WEST END CLINIC,DN11 0PQ,53.479539,-1.082409,E08000017,E99999999,TPP,TPP
C86625,CONISBROUGH MEDICAL PRACTICE,DN12 3JW,53.482255,-1.237534,E08000017,E99999999,TPP,TPP
C86626,PARK VIEW SURGERY,DN5 8DA,53.521594,-1.161564,E08000017,E99999999,EMIS,EMIS
C87002,DINNINGTON GROUP PRACTICE,S25 4DB,53.357222,-1.223599,E08000018,E99999999,TPP,TPP
C87003,WOODSTOCK BOWER GROUP PRACTICE,S61 1AH,53.431402,-1.378074,E08000018,E99999999,TPP,TPP
C87004,KIVETON PARK MEDICAL PRACTICE,S26 6QU,53.339305,-1.270122,E08000018,E99999999,EMIS,EMIS
C87005,ST ANN'S MEDICAL CENTRE,S65 1DA,53.430016,-1.352433,E08000018,E99999999,TPP,TPP
C87006,THE MAGNA GROUP PRACTICE,S64 5UP,53.476979,-1.307089,E08000018,E99999999,TPP,TPP
C87007,STAG MEDICAL CENTRE,S60 4JW,53.418227,-1.319133,E08000018,E99999999,TPP,TPP
C87008,SWALLOWNEST HEALTH CENTRE,S26 4WD,53.363014,-1.316887,E08000018,E99999999,TPP,TPP
C87009,BRINSWORTH MEDICAL CENTRE,S60 5ND,53.407855,-1.380688,E08000018,E99999999,TPP,TPP
C87010,YORK ROAD SURGERY,S65 1PW,53.435119,-1.348607,E08000018,E99999999,TPP,TPP
C87012,BROOM LANE MEDICAL CENTRE,S60 3EW,53.417402,-1.332311,E08000018,E99999999,TPP,TPP
C87013,PARKGATE MEDICAL CENTRE,S62 6AW,53.455473,-1.3428,E08000018,E99999999,TPP,TPP
C87014,TREETON MEDICAL CENTRE,S60 5PW,53.385013,-1.354708,E08000018,E99999999,TPP,TPP
C87015,WICKERSLEY HEALTH CENTRE,S66 2JQ,53.422328,-1.279671,E08000018,E99999999,TPP,TPP
C87016,MORTHEN ROAD SURGERY,S66 1EU,53.420708,-1.280737,E08000018,E99999999,TPP,TPP
C87017,CLIFTON MEDICAL CENTRE,S65 1DA,53.430016,-1.352433,E08000018,E99999999,TPP,TPP
C87018,HIGH STREET SURGERY,S62 6LW,53.459642,-1.344031,E08000018,E99999999,TPP,TPP
C87020,GREENSIDE SURGERY,S61 4PT,53.453248,-1.370181,E08000018,E99999999,TPP,TPP
C87022,VILLAGE SURGERY,S66 9LP,53.39423,-1.251934,E08000018,E99999999,TPP,TPP
C87024,RAWMARSH HEALTH CENTRE,S62 6AE,53.457255,-1.338239,E08000018,E99999999,TPP,TPP
C87029,MARKET SURGERY,S63 7RA,53.502744,-1.345959,E08000018,E99999999,TPP,TPP
C87030,CROWN STREET SURGERY,S64 8NB,53.487728,-1.314616,E08000018,E99999999,TPP,TPP
C87031,DR RAOLU'S PRACTICE,S66 8JE,53.423549,-1.204348,E08000018,E99999999,TPP,TPP
C87603,GREASBROUGH MEDICAL CENTRE,S61 4RB,53.452698,-1.37165,E08000018,E99999999,TPP,TPP
C87604,THORPE HESLEY SURGERY,S61 2QP,53.458647,-1.432602,E08000018,E99999999,TPP,TPP
C87608,SHAKESPEARE ROAD SURGERY,S65 1QY,53.439179,-1.3415,E08000018,E99999999,TPP,TPP
C87616,BLYTH ROAD MEDICAL CENTRE,S66 8JD,53.42225,-1.20365,E08000018,E99999999,TPP,TPP
C87620,MANOR FIELD SURGERY,S66 8JE,53.423549,-1.204348,E08000018,E99999999,TPP,TPP
C87622,GATEWAY PRIMARY CARE,S65 1DA,53.430016,-1.352433,E08000018,E99999999,TPP,TPP
C88005,WALKLEY HOUSE & STANNINGTON M.C,S6 3TN,53.392271,-1.502249,E08000039,E99999999,TPP,TPP
C88006,NORFOLK PARK HEALTH CENTRE,S2 3TA,53.363664,-1.447867,E08000039,E99999999,TPP,TPP
C88007,PORTER BROOK MEDICAL CENTRE,S11 8HN,53.370511,-1.483594,E08000039,E99999999,TPP,TPP
C88008,FORGE HEALTH GROUP,S3 9DL,53.399239,-1.46532,E08000039,E99999999,EMIS,EMIS
C88009,FOXHILL MEDICAL CENTRE,S6 1GA,53.429929,-1.501328,E08000039,E99999999,TPP,TPP
C88010,CHAPELGREEN PRACTICE,S35 1RN,53.459173,-1.479041,E08000039,E99999999,TPP,TPP
C88011,BUCHANAN ROAD SURGERY,S5 8AL,53.422895,-1.470998,E08000039,E99999999,TPP,TPP
C88014,NORWOOD MEDICAL CENTRE,S5 7HD,53.413102,-1.46987,E08000039,E99999999,EMIS,EMIS
C88015,MEADOWGREEN HEALTH CENTRE,S8 8DJ,53.323287,-1.463897,E08000039,E99999999,TPP,TPP
C88016,CARTERKNOWLE & DORE MEDICAL PRACTICE,S7 2DW,53.353454,-1.488728,E08000039,E99999999,TPP,TPP
C88018,TRAMWAYS MEDICAL CENTRE (O'CONNELL),S6 4JQ,53.402044,-1.503023,E08000039,E99999999,TPP,TPP
C88019,GLEADLESS MEDICAL CENTRE,S14 1PQ,53.356551,-1.451325,E08000039,E99999999,EMIS,EMIS
C88020,WHITE HOUSE SURGERY,S2 1SL,53.368507,-1.420858,E08000039,E99999999,TPP,TPP
C88021,FAR LANE MEDICAL CENTRE,S6 4FA,53.409335,-1.507692,E08000039,E99999999,TPP,TPP
C88022,STONECROFT MEDICAL CENTRE,S12 2LJ,53.345562,-1.425314,E08000039,E99999999,TPP,TPP
C88023,SOTHALL & BEIGHTON HEALTH CENTRES,S20 1HQ,53.337895,-1.340221,E08000039,E99999999,TPP,TPP
C88025,BIRLEY HEALTH CENTRE,S12 3BP,53.340317,-1.396985,E08000039,E99999999,TPP,TPP
C88026,SLOAN MEDICAL CENTRE,S8 0YH,53.358273,-1.47641,E08000039,E99999999,TPP,TPP
C88027,UPWELL STREET SURGERY,S4 8AN,53.406424,-1.43474,E08000039,E99999999,TPP,TPP
C88028,BROOMHILL SURGERY,S10 5BU,53.378235,-1.505584,E08000039,E99999999,TPP,TPP
C88030,DUKE MEDICAL CENTRE,S2 2TD,53.378532,-1.455868,E08000039,E99999999,EMIS,EMIS
C88031,UPPERTHORPE MEDICAL CENTRE,S6 3FT,53.389895,-1.486849,E08000039,E99999999,TPP,TPP
C88032,CHARNOCK HEALTH PRIMARY CARE CENTRE,S12 3GH,53.343014,-1.420738,E08000039,E99999999,EMIS,EMIS
C88034,NETHERGREEN SURGERY,S11 7EJ,53.368136,-1.52662,E08000039,E99999999,TPP,TPP
C88035,FIRTH PARK SURGERY,S5 6HH,53.417569,-1.445921,E08000039,E99999999,TPP,TPP
C88036,HANDSWORTH MEDICAL PRACTICE,S13 9BZ,53.371708,-1.383406,E08000039,E99999999,TPP,TPP
C88037,STEEL CITY GENERAL PRACTICE,S17 4DR,53.316325,-1.531066,E08000039,E99999999,TPP,TPP
C88038,THE MATHEWS PRACTICE BELGRAVE,S2 4UJ,53.366612,-1.471814,E08000039,E99999999,TPP,TPP
C88039,ECCLESFIELD GROUP PRACT,S35 9XQ,53.444839,-1.465501,E08000039,E99999999,TPP,TPP
C88040,OUGHTIBRIDGE SURGERY,S35 0FW,53.435165,-1.543083,E08000039,E99999999,TPP,TPP
C88041,WOODSEATS MEDICAL CENTRE,S8 0SH,53.339926,-1.480299,E08000039,E99999999,TPP,TPP
C88043,TRAMWAYS AND MIDDLEWOOD MEDICAL CENTRES,S6 1TT,53.419002,-1.515194,E08000039,E99999999,TPP,TPP
C88044,MANCHESTER ROAD SURGERY,S10 5PN,53.38059,-1.521086,E08000039,E99999999,TPP,TPP
C88045,DYKES HALL MEDICAL CENTRE,S6 4GQ,53.405158,-1.506025,E08000039,E99999999,TPP,TPP
C88046,BEAUCHIEF MEDICAL PRACTICE,S8 0BJ,53.339102,-1.483118,E08000039,E99999999,TPP,TPP
C88047,WINCOBANK MEDICAL CENTRE,S9 1DJ,53.419468,-1.41633,E08000039,E99999999,TPP,TPP
C88048,BURNGREAVE SURGERY,S3 9LB,53.390867,-1.460493,E08000039,E99999999,TPP,TPP
C88049,ELM LANE SURGERY,S5 7TW,53.421627,-1.46069,E08000039,E99999999,TPP,TPP
C88050,JAUNTY SPRINGS HEALTH CENTRE,S12 3DZ,53.347684,-1.417896,E08000039,E99999999,TPP,TPP
C88051,PAGE HALL MEDICAL CENTRE,S4 8GB,53.40731,-1.447348,E08000039,E99999999,TPP,TPP
C88052,HOLLIES MEDICAL CENTRE,S11 9AL,53.363188,-1.494818,E08000039,E99999999,TPP,TPP
C88053,FALKLAND HOUSE SURGERY,S11 7PL,53.359746,-1.514422,E08000039,E99999999,TPP,TPP
C88054,GRENOSIDE SURGERY,S35 8NX,53.438313,-1.496578,E08000039,E99999999,EMIS,EMIS
C88059,HAROLD STREET MEDICAL CENTRE,S6 3QW,53.393121,-1.492871,E08000039,E99999999,TPP,TPP
C88060,SHARROW LANE MEDICAL CENTRE,S11 8AN,53.367116,-1.482298,E08000039,E99999999,TPP,TPP
C88062,RUSTLINGS ROAD MEDICAL CENTRE,S11 7AB,53.367762,-1.511866,E08000039,E99999999,TPP,TPP
C88069,CLOVER GROUP PRACTICE,S9 4QH,53.384852,-1.40885,E08000039,E99999999,TPP,TPP
C88070,SHIREGREEN MEDICAL CENTRE,S5 0RG,53.430083,-1.440597,E08000039,E99999999,EMIS,EMIS
C88072,WOODHOUSE MEDICAL CENTRE,S13 7LY,53.357671,-1.372039,E08000039,E99999999,TPP,TPP
C88073,HEELEY GREEN SURGERY,S2 3AJ,53.358494,-1.461517,E08000039,E99999999,TPP,TPP
C88074,DEEPCAR MEDICAL CENTRE,S36 2RA,53.48021,-1.578341,E08000039,E99999999,TPP,TPP
C88076,DEVONSHIRE GREEN MEDICAL CENTRE,S3 7SF,53.379527,-1.477593,E08000039,E99999999,TPP,TPP
C88077,GREEN CROSS GROUP PRACTICE,S5 8GS,53.421719,-1.487866,E08000039,E99999999,TPP,TPP
C88078,MOSBOROUGH HEALTH CENTRE,S20 5BQ,53.325238,-1.364873,E08000039,E99999999,TPP,TPP
C88079,CROOKES PRACTICE,S10 1GN,53.383668,-1.502229,E08000039,E99999999,TPP,TPP
C88082,CARRFIELD MEDICAL CENTRE,S8 9SG,53.358636,-1.465061,E08000039,E99999999,EMIS,EMIS
C88083,SELBORNE ROAD MEDICAL CENTRE,S10 5ND,53.378856,-1.518955,E08000039,E99999999,TPP,TPP
C88084,CLOVER NORTH DARNALL HEALTH CENTRE,S9 5DH,53.388221,-1.410397,E08000039,E99999999,TPP,TPP
C88085,RICHMOND MEDICAL CENTRE,S13 8NA,53.360977,-1.408504,E08000039,E99999999,TPP,TPP
C88086,SOUTHEY GREEN MEDICAL CTR,S5 7QB,53.419051,-1.477666,E08000039,E99999999,TPP,TPP
C88087,DOVERCOURT GROUP PRACTICE,S2 5FX,53.374952,-1.441799,E08000039,E99999999,TPP,TPP
C88088,EAST BANK MEDICAL CENTRE,S2 2AG,53.358385,-1.439581,E08000039,E99999999,TPP,TPP
C88090,MANOR AND PARK GROUP PRACTICE,S2 1QU,53.373705,-1.427161,E08000039,E99999999,TPP,TPP
C88091,BARNSLEY ROAD SURGERY,S5 0QJ,53.425106,-1.456929,E08000039,E99999999,EMIS,EMIS
C88092,VALLEY MEDICAL CENTRE,S36 1BX,53.482334,-1.594911,E08000039,E99999999,TPP,TPP
C88095,MILL ROAD SURGERY,S35 9XQ,53.444839,-1.465501,E08000039,E99999999,TPP,TPP
C88622,SHEFFIELD MEDICAL CENTRE,S3 9LB,53.390867,-1.460493,E08000039,E99999999,TPP,TPP
C88627,UNIVERSITY HEALTH SERVICE HEALTH CENTRE,S3 7QP,53.380323,-1.482709,E08000039,E99999999,EMIS,EMIS
C88631,VERITAS HEALTH CENTRE,S8 0RT,53.354257,-1.481026,E08000039,E99999999,TPP,TPP
C88647,THE THORPE PRACTICE,S20 6PD,53.33818,-1.37647,E08000039,E99999999,TPP,TPP
C88648,CRYSTAL PEAKS MEDICAL CENTRE,S20 7HZ,53.342917,-1.354427,E08000039,E99999999,TPP,TPP
C88652,GREYSTONES MEDICAL CENTRE,S11 7BJ,53.363853,-1.510002,E08000039,E99999999,TPP,TPP
C88655,THE MEDICAL CENTRE DR OKORIE,S9 1WZ,53.411077,-1.397219,E08000039,E99999999,EMIS,EMIS
D81001,LENSFIELD MEDICAL PRACTICE,CB2 1EH,52.198378,0.124477,E07000008,E10000003,TPP,TPP
D81002,HUNTINGDON ROAD SURGERY,CB3 0DB,52.214048,0.110118,E07000008,E10000003,TPP,TPP
D81003,YORK STREET MEDICAL PRACTICE,CB1 2PY,52.205514,0.141605,E07000008,E10000003,TPP,TPP
D81004,ALCONBURY SURGERY,PE28 4EQ,52.371714,-0.256777,E07000011,E10000003,EMIS,EMIS
D81005,NEWNHAM WALK SURGERY,CB3 9HS,52.199294,0.110531,E07000008,E10000003,TPP,TPP
D81008,NORTH BRINK PRACTICE,PE13 1JU,52.6652,0.156398,E07000010,E10000003,TPP,TPP
D81010,PRIORY FIELDS SURGERY,PE29 3RL,52.332287,-0.179835,E07000011,E10000003,TPP/EVERGREENLIFE,TPP
D81011,CLARKSON SURGERY,PE13 3AN,52.66908,0.162062,E07000010,E10000003,TPP,TPP
D81012,CORNFORD HOUSE SURGERY,CB1 8BA,52.186014,0.156672,E07000008,E10000003,TPP,TPP
D81013,TRUMPINGTON STREET MEDICAL PRACTICE,CB2 1RG,52.202458,0.11813,E07000008,E10000003,TPP,TPP
D81014,STAPLOE MEDICAL CENTRE,CB7 5JD,52.335206,0.341974,E07000009,E10000003,TPP/EVERGREENLIFE,TPP
D81015,PARSON DROVE SURGERY,PE13 4LF,52.660966,0.050475,E07000010,E10000003,TPP,TPP
D81016,ARBURY ROAD SURGERY,CB4 2JG,52.225873,0.128088,E07000008,E10000003,TPP,TPP
D81017,MILL ROAD SURGERY,CB1 3DG,52.197176,0.150613,E07000008,E10000003,TPP,TPP
D81018,"ORCHARD SURGERY,MELBOURN",SG8 6BX,52.080662,0.02012,E07000012,E10000003,TPP,TPP
D81021,ST. GEORGE'S MEDICAL CENTRE,CB6 1JU,52.458072,0.299,E07000009,E10000003,TPP/EVERGREENLIFE,TPP
D81022,JENNER HEALTHCARE,PE6 0SD,52.62202,-0.103562,E06000031,E99999999,TPP,TPP
D81025,CHERRY HINTON MEDICAL CENTRE,CB1 9HR,52.187501,0.177548,E07000008,E10000003,TPP,TPP
D81026,BOROUGHBURY MEDICAL CENTRE,PE1 2EJ,52.577877,-0.245472,E06000031,E99999999,TPP,TPP
D81027,WELLSIDE SURGERY,PE28 5SU,52.440341,-0.284761,E07000011,E10000003,EMIS,EMIS
D81028,FIRS HOUSE SURGERY,CB24 9NP,52.245342,0.110006,E07000012,E10000003,TPP,TPP
D81029,OLD FLETTON SURGERY,PE2 8AY,52.558343,-0.234184,E06000031,E99999999,TPP,TPP
D81030,GROVE MEDICAL PRACTICE,PE27 5JD,52.32427,-0.070118,E07000011,E10000003,TPP,TPP
D81031,YAXLEY GROUP PRACTICE,PE7 3JL,52.516884,-0.251083,E07000011,E10000003,TPP,TPP
D81033,OVER SURGERY,CB24 5NZ,52.314825,0.012044,E07000012,E10000003,TPP,TPP
D81034,ST MARY'S SURGERY,CB7 4HF,52.39838,0.258132,E07000009,E10000003,TPP/EVERGREENLIFE,TPP
D81035,COMBERTON SURGERY,CB23 7DY,52.189823,0.018642,E07000012,E10000003,TPP,TPP
D81036,PRIORS FIELD SURGERY,CB6 2RB,52.388967,0.124194,E07000009,E10000003,TPP/EVERGREENLIFE,TPP
D81037,BRIDGE STREET MEDICAL CENTRE,CB2 3LS,52.207794,0.118896,E07000008,E10000003,TPP,TPP
D81038,KIMBOLTON MEDICAL CENTRE,PE28 0JF,52.30258,-0.389148,E07000011,E10000003,TPP,TPP
D81041,BOURN SURGERY,CB23 2SH,52.193168,-0.063378,E07000012,E10000003,TPP,TPP
D81042,WATERBEACH AND COTTENHAM SURGERIES,CB25 9LQ,52.270899,0.194751,E07000012,E10000003,TPP,TPP
D81043,GRANTA MEDICAL PRACTICES,CB22 3HU,52.115169,0.169201,E07000012,E10000003,TPP,TPP
D81044,NUFFIELD ROAD MEDICAL CENTRE,CB4 1GL,52.225208,0.152861,E07000008,E10000003,TPP,TPP
D81045,BUCKDEN SURGERY,PE19 5SZ,52.291778,-0.254153,E07000011,E10000003,EMIS,EMIS
D81046,NEW QUEEN STREET SURGERY,PE7 1AT,52.558072,-0.127666,E07000010,E10000003,TPP,TPP
D81047,ASHWELL SURGERY,SG7 5PY,52.042407,-0.156298,E07000099,E10000015,TPP,TPP
D81049,SPINNEY SURGERY,PE27 3TP,52.335346,-0.077739,E07000011,E10000003,TPP,TPP
D81050,THE HICKS GROUP PRACTICE,PE29 3EZ,52.33425,-0.188253,E07000011,E10000003,TPP,TPP
D81051,BURWELL SURGERY,CB25 0AE,52.273342,0.331868,E07000009,E10000003,TPP/EVERGREENLIFE,TPP
D81052,CORNERSTONE PRACTICE,PE15 9BF,52.548875,0.091341,E07000010,E10000003,TPP,TPP
D81054,RED HOUSE SURGERY,CB4 1ER,52.21492,0.12919,E07000008,E10000003,TPP,TPP
D81055,BOTTISHAM MEDICAL PRACTICE,CB25 9DU,52.22469,0.259958,E07000009,E10000003,TPP,TPP
D81056,PETERSFIELD MEDICAL PRACTICE,CB1 2AB,52.201555,0.133819,E07000008,E10000003,EMIS,EMIS
D81057,LAKESIDE HEALTHCARE ST NEOTS,PE19 1BQ,52.229406,-0.265254,E07000011,E10000003,TPP,TPP
D81058,HARSTON SURGERY,CB22 7NP,52.138376,0.073834,E07000012,E10000003,EMIS,EMIS
D81059,RAMSEY HEALTH CENTRE,PE26 1BP,52.448482,-0.108107,E07000011,E10000003,TPP,TPP
D81060,MOAT HOUSE SURGERY,PE28 2RQ,52.40093,-0.084357,E07000011,E10000003,TPP,TPP
D81061,GEORGE CLARE SURGERY,PE16 6EX,52.45744,0.051873,E07000010,E10000003,TPP,TPP
D81062,HADDENHAM SURGERY,CB6 3TA,52.358134,0.147109,E07000009,E10000003,TPP/EVERGREENLIFE,TPP
D81064,MERCHEFORD HOUSE,PE15 9BY,52.54843,0.092116,E07000010,E10000003,TPP,TPP
D81065,NIGHTINGALE MEDICAL CENTRE,PE1 4FS,52.598112,-0.231316,E06000031,E99999999,TPP,TPP
D81066,QUEEN EDITH MEDICAL PRACTICE,CB1 8PJ,52.179781,0.150373,E07000008,E10000003,TPP,TPP
D81070,WOODLANDS SURGERY,CB2 1LR,52.195288,0.12828,E07000008,E10000003,TPP,TPP
D81073,WESTWOOD CLINIC,PE3 7JW,52.591414,-0.269039,E06000031,E99999999,TPP,TPP
D81078,MAPLE SURGERY BAR HILL HEALTH CENTRE,CB23 8EH,52.252951,0.018385,E07000012,E10000003,TPP,TPP
D81081,GREAT STAUGHTON SURGERY,PE19 5DA,52.267702,-0.342284,E07000011,E10000003,TPP,TPP
D81082,ALMOND ROAD SURGERY,PE19 1DZ,52.232524,-0.262072,E07000011,E10000003,TPP,TPP
D81084,WILLINGHAM MEDICAL PRACTICE,CB24 5LB,52.313112,0.061305,E07000012,E10000003,TPP,TPP
D81085,PAPWORTH SURGERY,CB23 3QQ,52.252085,-0.117469,E07000012,E10000003,TPP,TPP
D81086,EAST BARNWELL HEALTH CENTRE,CB5 8SP,52.213966,0.167248,E07000008,E10000003,TPP,TPP
D81603,RIVERSIDE PRACTICE,PE15 8BG,52.55154,0.082514,E07000010,E10000003,TPP,TPP
D81606,RIVERPORT MEDICAL PRACTICE,PE27 3ER,52.343259,-0.075561,E07000011,E10000003,TPP,TPP
D81607,SWAVESEY SURGERY,CB24 4RA,52.287744,-0.004007,E07000012,E10000003,TPP,TPP
D81611,FENLAND GROUP PRACTICE,PE15 0GN,52.482394,0.179381,E07000010,E10000003,TPP,TPP
D81612,MILTON SURGERY,CB24 6BL,52.241937,0.162474,E07000012,E10000003,TPP,TPP
D81615,THORPE ROAD,PE3 6AP,52.573258,-0.258436,E06000031,E99999999,TPP,TPP
D81618,AILSWORTH MEDICAL CENTRE,PE5 7AF,52.577453,-0.352458,E06000031,E99999999,TPP,TPP
D81622,TRINITY SURGERY,PE13 3UZ,52.665719,0.163922,E07000010,E10000003,TPP,TPP
D81625,THISTLEMOOR MEDICAL CENTRE,PE1 3HP,52.595274,-0.254566,E06000031,E99999999,TPP,TPP
D81629,WILLOW TREE SURGERY,PE2 5RQ,52.54464,-0.303073,E06000031,E99999999,TPP,TPP
D81630,HAMPTON MEDICAL CENTRE,PE7 8DR,52.539042,-0.263608,E06000031,E99999999,TPP,TPP
D81631,CENTRAL MEDICAL CENTRE,PE1 3BF,52.587019,-0.245963,E06000031,E99999999,TPP,TPP
D81633,ACORN SURGERY,PE29 7HN,52.345413,-0.175714,E07000011,E10000003,TPP,TPP
D81637,MONKFIELD MEDICAL PRACTICE,CB23 6HL,52.218792,-0.065953,E07000012,E10000003,TPP,TPP
D81645,THE GRANGE MEDICAL CENTRE,PE3 6HA,52.578409,-0.262025,E06000031,E99999999,TPP,TPP
D82001,HOLT MEDICAL PRACTICE,NR25 6QA,52.914504,1.116059,E07000147,E10000020,EMIS,EMIS
D82002,GROVE SURGERY,IP24 2HY,52.415459,0.751502,E07000143,E10000020,TPP,TPP
D82003,BEACHES MEDICAL CENTRE,NR31 6QB,52.577149,1.727757,E07000145,E10000020,TPP,TPP
D82004,CROMER GROUP PRACTICE,NR27 0BG,52.924486,1.307907,E07000147,E10000020,TPP,TPP
D82005,SHERINGHAM MEDICAL PRACTICE,NR26 8RT,52.939688,1.214777,E07000147,E10000020,TPP,TPP
D82006,CHET VALLEY MEDICAL PRACTICE,NR14 6QH,52.534624,1.47395,E07000149,E10000020,TPP,TPP
D82007,EAST NORFOLK MEDICAL PRACTICE,NR30 1QP,52.619153,1.725551,E07000145,E10000020,TPP,TPP
D82008,ST STEPHENS GATE MEDICAL PARTNERSHIP,NR2 2TJ,52.623992,1.286858,E07000148,E10000020,TPP,TPP
D82009,STALHAM STAITHE SURGERY,NR12 9BU,52.770065,1.517546,E07000147,E10000020,TPP,TPP
D82010,GRIMSTON MEDICAL CENTRE,PE32 1DW,52.77355,0.548435,E07000146,E10000020,TPP,TPP
D82011,CASTLE PARTNERSHIP,NR3 1SE,52.633997,1.298326,E07000148,E10000020,TPP,TPP
D82012,MAGDALEN MEDICAL PRACTICE,NR3 4LF,52.643297,1.298966,E07000148,E10000020,TPP,TPP
D82013,OLD CATTON MEDICAL PRACTICE,NR6 7HQ,52.667915,1.300201,E07000144,E10000020,TPP,TPP
D82015,BRIDGE STREET SURGERY,PE38 9DP,52.602929,0.375663,E07000146,E10000020,TPP,TPP
D82016,MARKET SURGERY,NR11 6BW,52.791437,1.252891,E07000144,E10000020,TPP,TPP
D82017,TRINITY & BOWTHORPE MEDICAL PRACTICE,NR5 9HA,52.637216,1.217303,E07000148,E10000020,TPP,TPP
D82018,HELLESDON MEDICAL PRACTICE,NR6 5QJ,52.67014,1.253914,E07000144,E10000020,TPP,TPP
D82019,THE MILLWOOD PARTNERSHIP,NR31 8HS,52.584751,1.698455,E07000145,E10000020,TPP,TPP
D82020,ORCHARD SURGERY,NR19 1AE,52.678333,0.9442,E07000143,E10000020,TPP,TPP
D82022,LAWNS PRACTICE,IP22 4WG,52.378909,1.10912,E07000149,E10000020,TPP,TPP
D82023,ROUNDWELL MEDICAL CENTRE,NR5 0GB,52.648869,1.203816,E07000149,E10000020,TPP,TPP
D82024,MARRIOTT'S MEDICAL PRACTICES,NR8 6JR,52.681514,1.196204,E07000144,E10000020,TPP,TPP
D82025,HOVETON & WROXHAM MEDICAL CENTRE,NR12 8DU,52.71676,1.420684,E07000147,E10000020,TPP,TPP
D82026,LAKENHAM SURGERY,NR1 3JJ,52.618325,1.2966,E07000148,E10000020,TPP,TPP
D82027,HEACHAM GROUP PRACTICE,PE31 7EX,52.909904,0.491196,E07000146,E10000020,TPP,TPP
D82028,LUDHAM AND STALHAM GREEN SURGERIES,NR29 5AB,52.709131,1.534423,E07000147,E10000020,EMIS,EMIS
D82029,DRAYTON MEDICAL PRACTICE,NR8 6EE,52.679274,1.226108,E07000144,E10000020,EMIS,EMIS
D82030,REEPHAM & AYLSHAM MEDICAL PRACTICE,NR10 4QT,52.764233,1.108045,E07000144,E10000020,TPP,TPP
D82031,PARISH FIELDS PRACTICE,IP22 4WG,52.378909,1.10912,E07000149,E10000020,TPP,TPP
D82032,BRUNDALL MEDICAL PARTNERSHIP,NR13 5RP,52.622666,1.437102,E07000144,E10000020,TPP,TPP
D82034,ATTLEBOROUGH SURGERY,NR17 2AS,52.514861,1.020755,E07000143,E10000020,TPP,TPP
D82035,UPWELL HEALTH CENTRE,PE14 9BT,52.599783,0.224643,E07000146,E10000020,TPP,TPP
D82036,OLD MILL AND MILLGATES MEDICAL PRACTICE,NR14 7FA,52.57634,1.337413,E07000149,E10000020,TPP,TPP
D82037,LONG STRATTON MEDICAL PARTNERSHIP,NR15 2UY,52.491027,1.229088,E07000149,E10000020,TPP,TPP
D82038,WELLS HEALTH CENTRE,NR23 1JP,52.954975,0.853232,E07000147,E10000020,TPP,TPP
D82039,MATTISHALL AND LENWADE SURGERIES,NR20 3QA,52.659058,1.0334,E07000143,E10000020,TPP,TPP
D82040,WENSUM VALLEY MEDICAL PRACTICE,NR5 8AD,52.631817,1.240837,E07000148,E10000020,TPP,TPP
D82041,SCHOOL LANE SURGERY,IP24 2AG,52.412463,0.749272,E07000143,E10000020,TPP,TPP
D82042,E HARLING & KENNINGHALL MEDICAL PRACTICE,NR16 2AD,52.43909,0.932279,E07000143,E10000020,TPP,TPP
D82043,WATLINGTON MEDICAL CENTRE,PE33 0TU,52.666819,0.391181,E07000146,E10000020,TPP,TPP
D82044,VIDA HEALTHCARE,PE30 4DY,52.757314,0.423463,E07000146,E10000020,TPP,TPP
D82045,WYMONDHAM MEDICAL PARTNERSHIP,NR18 0RF,52.5722,1.121687,E07000149,E10000020,TPP,TPP
D82046,CHURCH HILL SURGERY,IP21 4TX,52.428549,1.229035,E07000149,E10000020,TPP,TPP
D82047,OAK STREET MEDICAL PRACT.,NR3 3DL,52.634273,1.289728,E07000148,E10000020,TPP,TPP
D82048,THORPEWOOD MEDICAL GROUP,NR7 9QL,52.641981,1.341094,E07000148,E10000020,TPP,TPP
D82049,LITCHAM HEALTH CENTRE,PE32 2NW,52.72233,0.790138,E07000143,E10000020,EMIS,EMIS
D82050,THEATRE ROYAL SURGERY,NR19 2EN,52.683791,0.942406,E07000143,E10000020,TPP,TPP
D82051,ST JAMES MEDICAL PRACTICE,PE30 2FQ,52.774094,0.427731,E07000146,E10000020,TPP,TPP
D82053,MUNDESLEY MEDICAL CENTRE,NR11 8AR,52.87544,1.431265,E07000147,E10000020,TPP,TPP
D82054,FAKENHAM MEDICAL PRACTICE,NR21 8SY,52.839354,0.86761,E07000147,E10000020,TPP,TPP
D82056,ELMHAM SURGERY,NR20 5JS,52.752311,0.943019,E07000143,E10000020,TPP,TPP
D82057,CAMPINGLAND SURGERY,PE37 7RD,52.64602,0.690999,E07000143,E10000020,EMIS,EMIS
D82058,COASTAL VILLAGES PRACTICE,NR29 3RW,52.674686,1.685649,E07000145,E10000020,TPP,TPP
D82059,BIRCHWOOD MEDICAL PRACTICE,NR28 0BQ,52.820065,1.38334,E07000147,E10000020,TPP,TPP
D82062,COLTISHALL MEDICAL PRACTICE,NR12 7HA,52.730788,1.363277,E07000144,E10000020,EMIS,EMIS
D82063,WATTON MEDICAL PRACTICE,IP25 6FA,52.570498,0.826891,E07000143,E10000020,TPP,TPP
D82064,HUMBLEYARD PRACTICE,NR4 6TA,52.602588,1.236551,E07000149,E10000020,TPP,TPP
D82065,MANOR FARM MEDICAL CENTRE,PE37 7QN,52.648566,0.690534,E07000143,E10000020,EMIS,EMIS
D82066,PASTON SURGERY,NR28 0BQ,52.820065,1.38334,E07000147,E10000020,TPP,TPP
D82067,THE PARK SURGERY,NR30 2HW,52.606244,1.7293,E07000145,E10000020,TPP,TPP
D82068,HOWDALE SURGERY,PE38 9AF,52.601044,0.382192,E07000146,E10000020,TPP,TPP
D82070,GREAT MASSINGHAM SURGERY,PE32 2JQ,52.778675,0.662308,E07000146,E10000020,EMIS,EMIS
D82071,EAST NORWICH MEDICAL PARTNERSHIP,NR7 0AJ,52.636797,1.337712,E07000144,E10000020,TPP,TPP
D82072,BURNHAM SURGERY,PE31 8EN,52.94409,0.730613,E07000146,E10000020,TPP,TPP
D82073,THE LIONWOOD MEDICAL PRACTICE,NR1 4NU,52.63243,1.319981,E07000148,E10000020,TPP,TPP
D82076,LAWSON ROAD SURGERY,NR3 4LE,52.643625,1.299479,E07000148,E10000020,TPP,TPP
D82078,HEATHGATE MEDICAL PRACTICE,NR14 7JT,52.572541,1.343575,E07000149,E10000020,TPP,TPP
D82079,FELTWELL SURGERY,IP26 4AY,52.48268,0.527056,E07000146,E10000020,TPP,TPP
D82080,BLOFIELD SURGERY,NR13 4PL,52.637519,1.45178,E07000144,E10000020,TPP,TPP
D82084,HARLESTON MEDICAL PRACTICE,IP20 9AT,52.403148,1.299717,E07000149,E10000020,TPP,TPP
D82085,HINGHAM SURGERY,NR9 4JB,52.581483,0.987452,E07000149,E10000020,TPP,TPP
D82087,PROSPECT MEDICAL PRACTICE,NR3 2HW,52.643945,1.285679,E07000148,E10000020,TPP,TPP
D82088,UEA MEDICAL CENTRE,NR4 7TJ,52.622394,1.241412,E07000148,E10000020,TPP,TPP
D82096,WOODCOCK RD SURGERY,NR3 3UA,52.652556,1.281016,E07000148,E10000020,TPP,TPP
D82099,SOUTHGATES SURGICAL & MEDICAL CENTRE,PE30 5QX,52.747563,0.406015,E07000146,E10000020,TPP,TPP
D82100,SHIPDHAM SURGERY,IP25 7LA,52.628874,0.894483,E07000143,E10000020,TPP,TPP
D82104,ACLE MEDICAL PARTNERSHIP,NR13 3RA,52.640937,1.548804,E07000144,E10000020,EMIS,EMIS
D82105,ST CLEMENTS SURGERY,PE34 4LZ,52.759989,0.297153,E07000146,E10000020,TPP,TPP
D82106,WEST POTTERGATE MED PRAC,NR2 4BX,52.631053,1.280662,E07000148,E10000020,TPP,TPP
D82600,FLEGGBURGH SURGERY,NR29 3AW,52.672821,1.613683,E07000145,E10000020,TPP,TPP
D82604,BOUGHTON SURGERY,PE33 9AG,52.589053,0.509135,E07000146,E10000020,TPP,TPP
D82618,THE WOOTTONS SURGERY,PE30 3PT,52.790365,0.437151,E07000146,E10000020,TPP,TPP
D82621,PLOWRIGHT MEDICAL CENTRE,PE37 7HJ,52.655081,0.686793,E07000143,E10000020,TPP,TPP
D82624,WINDMILL SURGERY,NR18 0AF,52.567899,1.113928,E07000149,E10000020,TPP,TPP
D82628,ALDBOROUGH SURGERY,NR11 7NN,52.8622,1.24591,E07000147,E10000020,TPP,TPP
D83001,CONSTABLE COUNTRY RURAL MEDICAL PRACTICE,CO7 6RT,51.977308,1.026258,E07000200,E10000029,TPP,TPP
D83002,ALEXANDRA & CRESTVIEW SURGERIES,NR32 1PL,52.480258,1.752746,E07000244,E10000029,TPP,TPP
D83003,WICKHAMBROOK SURGERY,CB8 8XU,52.171305,0.547518,E07000245,E10000029,TPP,TPP
D83004,FELIXSTOWE ROAD MEDICAL PRACTICE,IP3 9BN,52.047633,1.185105,E07000202,E10000029,TPP,TPP
D83005,ANGEL HILL SURGERY,IP33 1LU,52.244217,0.71577,E07000245,E10000029,TPP,TPP
D83006,BILDESTON HEALTH CENTRE,IP7 7EX,52.104308,0.909575,E07000200,E10000029,TPP,TPP
D83007,IXWORTH SURGERY,IP31 2HD,52.303284,0.831316,E07000245,E10000029,TPP,TPP
D83008,BURLINGTON PRIMARY CARE,IP1 2EU,52.059037,1.14429,E07000202,E10000029,TPP,TPP
D83009,BECCLES MEDICAL CENTRE,NR34 9NX,52.453311,1.562913,E07000244,E10000029,TPP,TPP
D83010,LONGSHORE SURGERIES,NR33 7QA,52.420797,1.717867,E07000244,E10000029,TPP,TPP
D83011,BRIDGE ROAD SURGERY,NR32 3LJ,52.478098,1.715202,E07000244,E10000029,TPP,TPP
D83012,UNITY HEALTHCARE,CB9 8LU,52.076384,0.427047,E07000245,E10000029,TPP,TPP
D83013,THE GUILDHALL AND BARROW SURGERY,IP33 1ET,52.245411,0.715052,E07000245,E10000029,TPP,TPP
D83015,HOWARD HOUSE SURGERY,IP11 7DD,51.961504,1.349656,E07000244,E10000029,TPP/EVERGREENLIFE,TPP
D83016,VICTORIA ROAD SURGERY,NR33 9LU,52.471062,1.716406,E07000244,E10000029,TPP,TPP
D83017,NEEDHAM MARKET COUNTRY PRACTICE,IP6 8EZ,52.14621,1.053522,E07000203,E10000029,TPP,TPP
D83018,MARKET CROSS SURGERY,IP28 7EG,52.343523,0.510173,E07000245,E10000029,TPP,TPP
D83019,MENDLESHAM MEDICAL GROUP,IP14 5SQ,52.251697,1.081881,E07000203,E10000029,TPP,TPP
D83020,THE HOLBROOK AND SHOTLEY PRACTICE,IP9 2QS,51.983829,1.158345,E07000200,E10000029,TPP,TPP
D83021,HAVERHILL FAMILY PRACTICE,CB9 8HF,52.082534,0.434037,E07000245,E10000029,TPP,TPP
D83022,SOLE BAY H/C,IP18 6GY,52.336367,1.666489,E07000244,E10000029,TPP,TPP
D83023,HIGH STREET SURGERY,NR32 1JE,52.482123,1.756043,E07000244,E10000029,TPP,TPP
D83024,IVRY STREET MEDICAL PRACTICE,IP1 3QW,52.064021,1.148624,E07000202,E10000029,TPP,TPP
D83026,FRAMLINGHAM SURGERY,IP13 9HA,52.227196,1.334264,E07000244,E10000029,TPP,TPP
D83027,ORCHARD HOUSE SURGERY,CB8 8NU,52.24604,0.405882,E07000245,E10000029,TPP,TPP
D83028,LEISTON SURGERY,IP16 4ES,52.207729,1.575984,E07000244,E10000029,TPP,TPP
D83029,THE ROOKERY MEDICAL CENTRE,CB8 8NW,52.245174,0.405601,E07000245,E10000029,TPP,TPP
D83030,KIRKLEY MILL HEALTH CENTRE,NR33 0HF,52.467768,1.743538,E07000244,E10000029,TPP,TPP
D83033,BOTESDALE HEALTH CENTRE,IP22 1DW,52.344317,1.006061,E07000203,E10000029,EMIS,EMIS
D83034,BUNGAY MEDICAL CENTRE,NR35 1LP,52.449733,1.443001,E07000244,E10000029,TPP,TPP
D83035,CUTLERS HILL SURGERY,IP19 8SG,52.347634,1.50792,E07000244,E10000029,TPP,TPP
D83037,HADLEIGH HEALTH CENTRE,IP7 5DN,52.043018,0.952888,E07000200,E10000029,TPP,TPP
D83038,MOUNT FARM SURGERY,IP32 7EW,52.245213,0.742641,E07000245,E10000029,TPP,TPP
D83040,VICTORIA SURGERY,IP33 3BB,52.246159,0.704036,E07000245,E10000029,TPP,TPP
D83041,DEBENHAM GROUP PRACTICE,IP14 6QU,52.221975,1.18104,E07000203,E10000029,TPP/EVERGREENLIFE,TPP
D83043,EYE HEALTH CENTRE,IP23 7DD,52.322516,1.139787,E07000203,E10000029,TPP,TPP
D83044,STOWHEALTH,IP14 1NL,52.194685,0.990419,E07000203,E10000029,TPP/EVERGREENLIFE,TPP
D83045,LAKENHEATH SURGERY,IP27 9EP,52.411943,0.523423,E07000245,E10000029,TPP,TPP
D83046,TWO RIVERS MEDICAL CENTRE,IP4 5PB,52.060266,1.195518,E07000202,E10000029,TPP,TPP
D83047,ROSEDALE SURGERY,NR33 8LG,52.457212,1.706022,E07000244,E10000029,TPP,TPP
D83048,GROVE MEDICAL CENTRE,IP11 9GA,51.971789,1.350452,E07000244,E10000029,TPP,TPP
D83049,LITTLE ST JOHN STREET SURGERY,IP12 1EE,52.094049,1.319396,E07000244,E10000029,TPP,TPP
D83050,CARDINAL MEDICAL PRACTICE,IP1 5EN,52.071918,1.131038,E07000202,E10000029,TPP/EVERGREENLIFE,TPP
D83051,THE DERBY ROAD PRACTICE,IP3 8DN,52.049141,1.181551,E07000202,E10000029,TPP/EVERGREENLIFE,TPP
D83053,SAXMUNDHAM HEALTH CENTRE,IP17 1DY,52.218262,1.491924,E07000244,E10000029,TPP,TPP
D83054,THE PENINSULA PRACTICE,IP12 3DA,52.024215,1.416907,E07000244,E10000029,TPP,TPP
D83055,WOOLPIT HEALTH CENTRE,IP30 9QU,52.223544,0.892752,E07000203,E10000029,EMIS,EMIS
D83056,HAWTHORN DRIVE SURGERY,IP2 0QQ,52.046409,1.12199,E07000202,E10000029,TPP,TPP
D83057,FRAMFIELD HOUSE SURGERY,IP12 4FD,52.090208,1.308204,E07000244,E10000029,TPP,TPP
D83059,BARRACK LANE MEDICAL CENTRE,IP1 3NQ,52.060394,1.146341,E07000202,E10000029,TPP,TPP
D83060,HARDWICKE HOUSE GROUP PRACTICE,CO10 2AY,52.038231,0.725824,E07000200,E10000029,EMIS,EMIS
D83061,WICKHAM MARKET MEDICAL CENTRE,IP13 0SB,52.151859,1.363704,E07000244,E10000029,TPP,TPP
D83062,FOREST SURGERY,IP27 0BU,52.445945,0.624128,E07000245,E10000029,TPP,TPP
D83067,OAKFIELD SURGERY,CB8 7JG,52.250908,0.400021,E07000245,E10000029,TPP/EVERGREENLIFE,TPP
D83069,FRESSINGFIELD MEDICAL CENTRE,IP21 5PJ,52.347139,1.311066,E07000203,E10000029,TPP,TPP
D83070,STANTON SURGERY,IP31 2XA,52.325284,0.882844,E07000245,E10000029,TPP,TPP
D83073,DR SOLWAY AND DR ROY PRACTICE,IP4 2PZ,52.057356,1.16238,E07000202,E10000029,TPP,TPP
D83074,ORCHARD MEDICAL PRACTICE,IP4 2PZ,52.057356,1.16238,E07000202,E10000029,TPP,TPP
D83075,SIAM SURGERY,CO10 2DZ,52.04873,0.748896,E07000200,E10000029,TPP,TPP
D83076,CLARE GUILDHALL SURGERY,CO10 8NY,52.078259,0.580469,E07000245,E10000029,TPP,TPP
D83078,THE REYNARD SURGERY,IP28 8JZ,52.305725,0.487805,E07000245,E10000029,TPP,TPP
D83079,COMBS FORD SURGERY,IP14 2SY,52.18026,0.996034,E07000203,E10000029,TPP/EVERGREENLIFE,TPP
D83080,MARTLESHAM SURGERY,IP5 3SL,52.061329,1.272097,E07000244,E10000029,TPP,TPP
D83081,HAVEN HEALTH,IP11 2XD,51.965374,1.327069,E07000244,E10000029,TPP/EVERGREENLIFE,TPP
D83084,EMBRACE MEDICAL CENTRE,IP5 1JF,52.062208,1.236033,E07000244,E10000029,TPP,TPP
D83608,ANDAMAN SURGERY,NR33 9DF,52.456941,1.715511,E07000244,E10000029,TPP,TPP
D83610,SWAN SURGERY,IP33 1AE,52.248776,0.717308,E07000245,E10000029,TPP,TPP
E81002,GREENSAND SURGERY (AMPTHILL),MK45 2SB,52.026203,-0.493253,E06000056,E99999999,TPP,TPP
E81003,DR JL HENDERSON & PARTNERS,LU7 1AR,51.918503,-0.664602,E06000056,E99999999,TPP,TPP
E81004,SALISBURY HOUSE SURGERY,LU7 1RS,51.916304,-0.660203,E06000056,E99999999,TPP,TPP
E81005,BELL HOUSE MEDICAL CENTRE,LU1 1BW,51.884263,-0.427402,E06000032,E99999999,TPP,TPP
E81006,STOPSLEY VILLAGE PRACTICE,LU2 9AU,51.90114,-0.394123,E06000032,E99999999,TPP,TPP
E81007,HARROLD MEDICAL PRACTICE,MK43 7DX,52.202561,-0.605217,E06000055,E99999999,TPP,TPP
E81008,WHEATFIELD SURGERY,LU4 0SY,51.903347,-0.498644,E06000032,E99999999,TPP,TPP
E81009,WEST STREET SURGERY,LU6 1SF,51.884646,-0.525828,E06000056,E99999999,TPP,TPP
E81010,DR WHM MATTA'S PRACTICE,LU4 9QZ,51.902027,-0.457712,E06000032,E99999999,TPP,TPP
E81012,GREENSANDS (POTTON),SG19 2QS,52.127358,-0.212695,E06000056,E99999999,TPP,TPP
E81013,CASTLE MEDICAL GROUP PRACTICE,LU1 3AG,51.875445,-0.415594,E06000032,E99999999,TPP,TPP
E81014,PRIORY GARDENS SURGERY,LU5 4JD,51.892056,-0.522302,E06000056,E99999999,TPP,TPP
E81015,FLITWICK SURGERY,MK45 1DW,52.005174,-0.492749,E06000056,E99999999,TPP,TPP
E81016,LISTER HOUSE SURGERY,LU4 8DG,51.891939,-0.451577,E06000032,E99999999,TPP,TPP
E81018,WOODLAND AVENUE PRACTICE,LU3 1RW,51.89502,-0.436443,E06000032,E99999999,TPP,TPP
E81019,LONDON ROAD HEALTH CENTRE,MK42 0NT,52.126706,-0.459569,E06000055,E99999999,TPP,TPP
E81021,QUEENS PARK HEALTH CENTRE,MK40 4HR,52.133163,-0.493054,E06000055,E99999999,TPP,TPP
E81022,LARKSFIELD AND ARLESEY MEDICAL PRACTICE,SG5 4HB,52.017142,-0.235087,E06000056,E99999999,TPP,TPP
E81024,SHARNBROOK SURGERY,MK44 1PZ,52.227187,-0.530302,E06000055,E99999999,TPP,TPP
E81025,THE OAKLEY SURGERY,LU4 9FJ,51.899506,-0.466462,E06000032,E99999999,TPP,TPP
E81026,LARKSIDE PRACTICE,LU2 9SB,51.892339,-0.36944,E06000032,E99999999,TPP,TPP
E81027,HOUGHTON REGIS MEDICAL CENTRE,LU5 5EZ,51.905797,-0.518842,E06000056,E99999999,TPP,TPP
E81028,THE BLENHEIM MEDICAL CENTRE,LU3 1HA,51.892422,-0.427713,E06000032,E99999999,TPP,TPP
E81029,PUTNOE MEDICAL CENTRE PARTNERSHIP,MK41 9JE,52.147951,-0.438272,E06000055,E99999999,TPP,TPP
E81030,CAULDWELL MEDICAL CENTRE,MK42 9DJ,52.128277,-0.472474,E06000055,E99999999,TPP,TPP
E81031,GREAT BARFORD SURGERY,MK44 3HX,52.156183,-0.351428,E06000055,E99999999,TPP,TPP
E81032,LEA VALE MEDICAL PRACTICE,LU1 1HH,51.881632,-0.423004,E06000032,E99999999,TPP,TPP
E81033,SHEFFORD HEALTH CENTRE,SG17 5FS,52.034798,-0.321619,E06000056,E99999999,TPP,TPP
E81034,TODDINGTON MEDICAL CENTRE,LU5 6DE,51.945783,-0.530373,E06000056,E99999999,TPP,TPP
E81035,SANDY HEALTH CENTRE,SG19 1JQ,52.130019,-0.287174,E06000056,E99999999,TPP,TPP
E81036,IVEL MEDICAL CENTRE,SG18 0RA,52.088595,-0.259537,E06000056,E99999999,TPP,TPP
E81037,THE DE PARYS GROUP,MK40 2NT,52.141696,-0.459652,E06000055,E99999999,TPP,TPP
E81038,KING STREET SURGERY,MK42 8QD,52.11869,-0.495441,E06000055,E99999999,TPP,TPP
E81040,SUNDON MEDICAL CENTRE,LU3 3AH,51.914918,-0.469222,E06000032,E99999999,TPP,TPP
E81041,GARDENIA PRACTICE,LU3 2NS,51.900877,-0.446196,E06000032,E99999999,TPP,TPP
E81043,MARSTON FOREST HEALTHCARE,MK43 0LA,52.063868,-0.547641,E06000056,E99999999,TPP,TPP
E81044,LEIGHTON ROAD SURGERY,LU7 1LB,51.915789,-0.667925,E06000056,E99999999,TPP,TPP
E81045,KINGSBURY COURT SURGERY,LU5 4RS,51.886851,-0.518099,E06000056,E99999999,TPP,TPP
E81046,DR A SULAKSHANA & PARTNERS,MK45 4TA,51.964178,-0.424489,E06000056,E99999999,TPP,TPP
E81047,GOLDINGTON AVENUE SURGERY,MK40 3DB,52.143524,-0.455774,E06000055,E99999999,TPP,TPP
E81048,BUTE HOUSE MEDICAL CENTRE,LU1 1RW,51.88017,-0.423941,E06000032,E99999999,TPP,TPP
E81049,PRIORY MEDICAL CENTRE,MK41 6GA,52.167193,-0.505622,E06000055,E99999999,TPP,TPP
E81050,ASPLANDS MEDICAL CENTRE,MK17 8QP,52.012627,-0.649798,E06000042,E99999999,TPP,TPP
E81052,KIRBY ROAD SURGERY,LU6 3JH,51.883236,-0.526615,E06000056,E99999999,TPP,TPP
E81057,SAFFRON HEALTH PARTNERSHIP,SG18 8DJ,52.084136,-0.264512,E06000056,E99999999,TPP,TPP
E81060,LINDEN ROAD SURGERY,MK40 2DQ,52.143631,-0.479197,E06000055,E99999999,TPP,TPP
E81061,DR CARRAGHER AND NEAL AND AKHTAR,SG16 6JJ,52.006612,-0.311745,E06000056,E99999999,TPP,TPP
E81063,CONWAY MEDICAL CENTRE,LU4 8BY,51.88973,-0.441597,E06000032,E99999999,TPP,TPP
E81069,CADDINGTON SURGERY,LU1 4EE,51.86451,-0.458155,E06000056,E99999999,TPP,TPP
E81073,THE MEDICI MEDICAL PRACTICE,LU1 3UA,51.874502,-0.418358,E06000032,E99999999,TPP,TPP
E81074,HOUGHTON CLOSE SURGERY,MK45 2TG,52.025926,-0.492679,E06000056,E99999999,TPP,TPP
E81076,DR DV SHAH'S PRACTICE,LU4 0PF,51.901415,-0.486775,E06000032,E99999999,TPP,TPP
E81612,DRS MIRZA SUKHANI & PARTNERS,LU4 9NN,51.904901,-0.47199,E06000032,E99999999,TPP,TPP
E81615,ASHBURNHAM ROAD SURGERY,MK40 1DS,52.13602,-0.47817,E06000055,E99999999,TPP,TPP
E81617,DR PS BATH'S PRACTICE,LU2 9AU,51.90114,-0.394123,E06000032,E99999999,TPP,TPP
E81631,MALZEARD ROAD PRACTICE,LU3 1BD,51.887976,-0.424671,E06000032,E99999999,TPP,TPP
E81632,BARTON HILLS MEDICAL GROUP,LU3 4AD,51.920011,-0.438045,E06000032,E99999999,TPP,TPP
E81633,NEVILLE ROAD SURGERY,LU3 2JG,51.906428,-0.44301,E06000032,E99999999,TPP,TPP
E81635,EASTGATE SURGERY,LU5 4RU,51.886118,-0.519881,E06000056,E99999999,TPP,TPP
E82001,ROTHSCHILD HOUSE GROUP,HP23 6PU,51.790817,-0.668927,E07000096,E10000015,EMIS,EMIS
E82002,WRAFTON HOUSE SURGERY,AL10 0BS,51.766269,-0.227021,E07000241,E10000015,EMIS,EMIS
E82004,HATFIELD ROAD SURGERY,AL1 3FY,51.747468,-0.326496,E07000240,E10000015,EMIS,EMIS
E82005,STANMORE MEDICAL GROUP,SG1 3QA,51.913281,-0.204589,E07000243,E10000015,TPP,TPP
E82006,THE LIMES SURGERY,EN11 8EP,51.759392,-0.010859,E07000095,E10000015,TPP,TPP
E82007,HANSCOMBE HOUSE SURGERY,SG14 1JA,51.796729,-0.082307,E07000242,E10000015,TPP,TPP
E82008,THE NEVELLS ROAD SURGERY,SG6 4TS,51.980882,-0.22942,E07000099,E10000015,TPP,TPP
E82009,LINCOLN HOUSE SURGERY,HP3 9SQ,51.737436,-0.469105,E07000096,E10000015,EMIS,EMIS
E82012,FAIRBROOK MEDICAL CENTRE,WD6 1PR,51.659781,-0.272155,E07000098,E10000015,EMIS,EMIS
E82013,BRIDGEWATER SURGERIES,WD18 7QR,51.651312,-0.422368,E07000103,E10000015,TPP,TPP
E82014,"LODGE,HIGHFIELD & REDBOURN",AL3 5NP,51.759812,-0.341544,E07000240,E10000015,EMIS,EMIS
E82015,SUTHERGREY HOUSE MEDICAL CENTRE,WD17 1LS,51.66076,-0.400221,E07000103,E10000015,EMIS,EMIS
E82017,GARSTON MEDICAL CENTRE,WD25 9GP,51.682357,-0.39091,E07000103,E10000015,EMIS,EMIS
E82018,LISTER HOUSE SURGERY,AL10 0NL,51.76458,-0.227102,E07000241,E10000015,TPP,TPP
E82019,BRIDGE COTTAGE SURGERY,AL6 9EF,51.830009,-0.215971,E07000241,E10000015,TPP,TPP
E82020,CONSULTING ROOMS,WD19 7RU,51.62575,-0.390185,E07000102,E10000015,EMIS,EMIS
E82021,MUCH HADHAM HEALTH CENTRE,SG10 6DE,51.848734,0.070828,E07000242,E10000015,EMIS,EMIS
E82022,FERNVILLE SURGERY,HP2 5BL,51.754646,-0.471811,E07000096,E10000015,EMIS,EMIS
E82023,BURVILL HOUSE SURGERY,AL10 8HP,51.761308,-0.227187,E07000241,E10000015,EMIS,EMIS
E82024,LEA WHARF MEDICAL,SG14 1BN,51.797453,-0.077099,E07000242,E10000015,TPP,TPP
E82027,PARKFIELD MEDICAL CENTRE,EN6 1QH,51.695133,-0.179564,E07000098,E10000015,EMIS,EMIS
E82031,MALTINGS SURGERY,AL1 3JB,51.751856,-0.337895,E07000240,E10000015,EMIS,EMIS
E82032,BENNETTS END SURGERY,HP3 9LY,51.740935,-0.449954,E07000096,E10000015,EMIS,EMIS
E82035,KNEBWORTH & MARYMEAD PRACTICE,SG3 6ER,51.865785,-0.18054,E07000099,E10000015,TPP,TPP
E82037,VILLAGE SURGERY,AL5 2BT,51.814184,-0.357349,E07000240,E10000015,EMIS,EMIS
E82038,THE BUNTINGFORD & PUCKERIDGE MED PRAC.,SG11 1TF,51.888296,0.019374,E07000242,E10000015,TPP,TPP
E82040,PEARTREE LANE SURGERY,AL7 3UJ,51.797048,-0.197955,E07000241,E10000015,TPP,TPP
E82041,THE GARDEN CITY PRACTICE,AL8 6EH,51.797158,-0.209262,E07000241,E10000015,TPP,TPP
E82042,ABBEY ROAD SURGERY,EN8 7LJ,51.68442,-0.030076,E07000095,E10000015,TPP,TPP
E82043,SCHOPWICK SURGERY,WD6 3BJ,51.645366,-0.299269,E07000098,E10000015,EMIS,EMIS
E82044,THE PORTMILL SURGERY,SG4 9TH,51.948822,-0.274688,E07000099,E10000015,TPP,TPP
E82045,WATFORD HEALTH CENTRE,WD18 0JP,51.656689,-0.401058,E07000103,E10000015,EMIS,EMIS
E82046,VINE HOUSE HEALTH CENTRE,WD5 0AL,51.704845,-0.418581,E07000102,E10000015,EMIS,EMIS
E82050,GROVE HILL MEDICAL CENTRE,HP2 6AD,51.772315,-0.457358,E07000096,E10000015,EMIS,EMIS
E82051,EVEREST HOUSE SURGERY,HP2 4HY,51.755442,-0.448849,E07000096,E10000015,EMIS,EMIS
E82053,BANCROFT MEDICAL CENTRE,SG5 1LH,51.951536,-0.277014,E07000099,E10000015,TPP,TPP
E82055,MIDWAY SURGERY,AL2 3JX,51.733858,-0.355398,E07000240,E10000015,EMIS,EMIS
E82056,SHEPHALL HEALTH CENTRE,SG2 9QZ,51.890799,-0.167642,E07000243,E10000015,TPP,TPP
E82058,POTTERELLS MEDICAL CENTRE,AL9 7SN,51.726926,-0.20858,E07000241,E10000015,TPP,TPP
E82059,GRANGE STREET SURGERY,AL3 5NF,51.757304,-0.335855,E07000240,E10000015,EMIS,EMIS
E82060,PARKBURY HOUSE SURGERY,AL1 3HD,51.756605,-0.334142,E07000240,E10000015,EMIS,EMIS
E82061,AMWELL SURGERY,EN11 8FG,51.75991,-0.013286,E07000095,E10000015,TPP,TPP
E82062,HALL GROVE GROUP PRACTICE,AL7 4PL,51.789327,-0.181775,E07000241,E10000015,EMIS,EMIS
E82063,THE MAPLES,EN10 6FD,51.723263,-0.030299,E07000095,E10000015,TPP,TPP
E82066,HAVERFIELD SURGERY,WD4 9HA,51.712515,-0.452345,E07000096,E10000015,EMIS,EMIS
E82067,CHURCH STREET PARTNERSHIP,CM23 2LY,51.870231,0.158597,E07000242,E10000015,TPP,TPP
E82068,GADE AND CHORLEYWOOD HEALTH CENTRES,WD3 7DJ,51.636739,-0.481385,E07000102,E10000015,EMIS,EMIS
E82069,THE ELMS SURGERY,WD17 4NT,51.661642,-0.404224,E07000103,E10000015,EMIS,EMIS
E82070,WOODHALL FARM MEDICAL CTR,HP2 7RJ,51.780757,-0.437485,E07000096,E10000015,EMIS,EMIS
E82071,ELMS MEDICAL PRACTICE,AL5 4QA,51.818902,-0.351983,E07000240,E10000015,EMIS,EMIS
E82073,MANOR VIEW PRACTICE,WD23 2NN,51.645993,-0.374565,E07000098,E10000015,EMIS,EMIS
E82074,SOUTH STREET SURGERY,CM23 3AP,51.866769,0.161031,E07000242,E10000015,TPP,TPP
E82075,REGAL CHAMBERS SURGERY,SG5 1LL,51.952833,-0.275902,E07000099,E10000015,TPP,TPP
E82077,DAVENPORT HOUSE SURGERY,AL5 4HX,51.816177,-0.354549,E07000240,E10000015,EMIS,EMIS
E82078,HIGHVIEW MEDICAL CENTRE,EN6 5DA,51.69853,-0.174232,E07000098,E10000015,EMIS,EMIS
E82079,CROMWELL MEDICAL CENTRE,EN7 5DL,51.701956,-0.050052,E07000095,E10000015,TPP,TPP
E82081,CUFFLEY AND GOFFS OAK MEDICAL PRACTICE,EN6 4JA,51.708174,-0.113082,E07000241,E10000015,TPP,TPP
E82082,THE BIRCHWOOD AND SOLLERSHOTT SURGERIES,SG6 4UB,51.982498,-0.225089,E07000099,E10000015,TPP,TPP
E82083,THE COLNE PRACTICE,WD3 7DJ,51.636739,-0.481385,E07000102,E10000015,EMIS,EMIS
E82084,HARVEY GROUP PRACTICE,AL3 5HB,51.754154,-0.340129,E07000240,E10000015,EMIS,EMIS
E82085,THE RED HOUSE GROUP,WD7 7JQ,51.682735,-0.317123,E07000098,E10000015,EMIS,EMIS
E82086,KING GEORGE & MANOR HOUSE SURGERIES,SG1 3HT,51.907423,-0.206073,E07000243,E10000015,TPP,TPP
E82088,HAILEY VIEW SURGERY,EN11 9FF,51.77685,-0.015831,E07000095,E10000015,TPP,TPP
E82090,PARK LANE SURGERY,EN10 7NQ,51.746519,-0.021219,E07000095,E10000015,TPP,TPP
E82091,PARKWOOD SURGERY,HP1 2LD,51.755992,-0.495947,E07000096,E10000015,EMIS,EMIS
E82092,DOLPHIN HOUSE SURGERY,SG12 9HJ,51.810798,-0.029863,E07000242,E10000015,TPP,TPP
E82093,BEDWELL MEDICAL CENTRE,SG1 1LQ,51.904203,-0.183087,E07000243,E10000015,TPP,TPP
E82094,THE MANOR STREET SURGERY,HP4 2DL,51.759775,-0.558924,E07000096,E10000015,EMIS,EMIS
E82096,SHEEPCOT MEDICAL CENTRE,WD25 7NL,51.695192,-0.412898,E07000102,E10000015,EMIS,EMIS
E82098,ANNANDALE MEDICAL CENTRE,EN6 5DA,51.69853,-0.174232,E07000098,E10000015,EMIS,EMIS
E82099,THE BALDOCK SURGERY,SG7 6BP,51.985442,-0.184051,E07000099,E10000015,TPP,TPP
E82100,CENTRAL SURGERY,CM21 9AQ,51.812553,0.147773,E07000242,E10000015,TPP,TPP
E82102,NEW RIVER HEALTH,SG12 9EF,51.812561,-0.033631,E07000242,E10000015,TPP,TPP
E82105,ABBOTSWOOD MEDICAL CENTRE,WD5 0BT,51.700932,-0.403841,E07000102,E10000015,EMIS,EMIS
E82106,NEW ROAD SURGERY,WD3 3HD,51.648036,-0.447126,E07000102,E10000015,EMIS,EMIS
E82107,SUMMERFIELD HEALTH CENTRE,AL2 1PU,51.722849,-0.299636,E07000240,E10000015,EMIS,EMIS
E82111,THE SYMONDS GREEN HEALTH CENTRE,SG1 2JW,51.913063,-0.221638,E07000243,E10000015,TPP,TPP
E82113,VERULAM MEDICAL GROUP,AL2 1ES,51.724891,-0.302195,E07000240,E10000015,EMIS,EMIS
E82115,STOCKWELL LODGE MED.CTR.,EN7 6HL,51.713796,-0.055262,E07000095,E10000015,TPP,TPP
E82117,THE GROVE MEDICAL CENTRE,WD6 4PR,51.65656,-0.27754,E07000098,E10000015,EMIS,EMIS
E82121,WATTON PLACE CLINIC,SG14 3SY,51.859307,-0.115752,E07000242,E10000015,TPP,TPP
E82123,WARDEN LODGE MEDICAL PRACTICE,EN8 8NW,51.7001,-0.035805,E07000095,E10000015,TPP,TPP
E82124,ATTENBOROUGH SURGERY,WD23 2NN,51.645993,-0.374565,E07000098,E10000015,EMIS,EMIS
E82129,KINGS LANGLEY SURGERY,WD4 8ET,51.713236,-0.448354,E07000096,E10000015,EMIS,EMIS
E82132,ROYSIA SURGERY,SG8 5PT,52.058519,-0.021504,E07000099,E10000015,TPP,TPP
E82133,HIGH STREET SURGERY,EN8 0BX,51.708553,-0.037379,E07000095,E10000015,TPP,TPP
E82626,WHITWELL SURGERY,SG4 8AG,51.875845,-0.279009,E07000099,E10000015,TPP,TPP
E82638,STANHOPE SURGERY,EN8 7DJ,51.688005,-0.032047,E07000095,E10000015,TPP,TPP
E82643,ARCHWAY SURGERY,HP3 0HJ,51.722756,-0.532145,E07000096,E10000015,EMIS,EMIS
E82652,GOSSOMS END SURGERY,HP4 1DL,51.764102,-0.577581,E07000096,E10000015,EMIS,EMIS
E82654,HELIX MEDICAL CENTRE,CM23 5JH,51.865489,0.174347,E07000242,E10000015,TPP,TPP
E82655,SOUTH OXHEY SURGERY,WD19 7SF,51.62575,-0.390185,E07000102,E10000015,EMIS,EMIS
E82657,LITTLE BUSHEY SURGERY,WD23 1EZ,51.634683,-0.343887,E07000098,E10000015,EMIS,EMIS
E82661,THE GARDEN CITY SURGERY,SG6 3BJ,51.980416,-0.225317,E07000099,E10000015,TPP,TPP
E83003,OAKLEIGH ROAD HEALTH CENTRE,N20 0DH,51.625218,-0.158841,E09000003,E99999999,EMIS,EMIS
E83005,LICHFIELD GROVE SURGERY,N3 2JP,51.599567,-0.193219,E09000003,E99999999,EMIS,EMIS
E83006,GREENFIELD MEDICAL CENTRE,NW2 1HS,51.561018,-0.205699,E09000003,E99999999,EMIS,EMIS
E83007,SQUIRES LANE MEDICAL PRACTICE,N3 2AU,51.602494,-0.174952,E09000003,E99999999,EMIS,EMIS
E83008,HEATHFIELDE MEDICAL CENTRE,N2 0EQ,51.58524,-0.179772,E09000003,E99999999,EMIS,EMIS
E83009,PHGH DOCTORS,NW11 7TE,51.581104,-0.197821,E09000003,E99999999,EMIS,EMIS
E83010,THE SPEEDWELL PRACTICE,N12 9SS,51.617033,-0.175438,E09000003,E99999999,EMIS,EMIS
E83011,THE EVERGLADE MEDICAL PRACTICE,NW9 5XT,51.601581,-0.244185,E09000003,E99999999,EMIS,EMIS
E83012,THE OLD COURT HOUSE SURGERY,EN5 4BB,51.652902,-0.201566,E09000003,E99999999,EMIS,EMIS
E83013,CORNWALL HOUSE SURGERY,N12 9SS,51.617033,-0.175438,E09000003,E99999999,EMIS,EMIS
E83016,MILLWAY MEDICAL PRACTICE,NW7 2HX,51.614988,-0.243567,E09000003,E99999999,EMIS,EMIS
E83017,LONGROVE SURGERY,EN5 2ED,51.648831,-0.194702,E09000003,E99999999,EMIS,EMIS
E83018,WATLING MEDICAL CENTRE,HA8 0NR,51.603293,-0.261997,E09000003,E99999999,EMIS,EMIS
E83020,ST. GEORGES MEDICAL CENTRE,NW4 4QR,51.592732,-0.226161,E09000003,E99999999,EMIS,EMIS
E83021,TORRINGTON PARK GROUP PRACTICE,N12 9SS,51.617033,-0.175438,E09000003,E99999999,EMIS,EMIS
E83024,ST ANDREWS MEDICAL PRACTICE.,N20 9EX,51.630141,-0.172354,E09000003,E99999999,EMIS,EMIS
E83025,PENNINE DRIVE PRACTICE,NW2 1PA,51.568512,-0.208795,E09000003,E99999999,EMIS,EMIS
E83026,SUPREME MEDICAL CENTRE,N3 2JX,51.599456,-0.195361,E09000003,E99999999,EMIS,EMIS
E83027,THE PRACTICE AT 188,NW11 9AY,51.576425,-0.204644,E09000003,E99999999,EMIS,EMIS
E83028,PARKVIEW SURGERY,HA8 0RW,51.606967,-0.257495,E09000003,E99999999,EMIS,EMIS
E83030,PENSHURST GARDENS SURGERY,HA8 9TN,51.616131,-0.272789,E09000003,E99999999,EMIS,EMIS
E83031,THE VILLAGE SURGERY,EN4 8RF,51.64806,-0.168135,E09000003,E99999999,EMIS,EMIS
E83032,OAK LODGE MEDICAL CENTRE,HA8 0AP,51.603656,-0.27072,E09000003,E99999999,EMIS,EMIS
E83034,COLNEY HATCH LANE SURGERY,N10 1ET,51.600571,-0.147478,E09000003,E99999999,EMIS,EMIS
E83035,WENTWORTH GROUP PRACTICE - FINCHLEY,N3 1YL,51.607748,-0.187898,E09000003,E99999999,EMIS,EMIS
E83038,JAI MEDICAL CENTRE,HA8 8NB,51.622046,-0.277519,E09000003,E99999999,EMIS,EMIS
E83039,RAVENSCROFT MEDICAL CENTRE,NW11 8BB,51.575317,-0.202769,E09000003,E99999999,EMIS,EMIS
E83041,WAKEMANS HILL SURGERY,NW9 0TA,51.58709,-0.254184,E09000005,E99999999,EMIS,EMIS
E83044,ADDINGTON MEDICAL CENTRE,EN5 1QH,51.649661,-0.176816,E09000003,E99999999,EMIS,EMIS
E83045,FRIERN BARNET MEDICAL CENTRE,N11 3BU,51.613266,-0.155902,E09000003,E99999999,EMIS,EMIS
E83046,MULBERRY MEDICAL PRACTICE,NW7 3QB,51.614864,-0.26001,E09000003,E99999999,EMIS,EMIS
E83050,EAST FINCHLEY MEDICAL CENTRE,N2 9QD,51.588124,-0.162853,E09000003,E99999999,EMIS,EMIS
E83053,LANE END MEDICAL GROUP,HA8 9GJ,51.615289,-0.274843,E09000003,E99999999,EMIS,EMIS
E83600,DRS ADLER AND ROSENBERG,NW11 7NP,51.575077,-0.195938,E09000003,E99999999,EMIS,EMIS
E83613,EAST BARNET HEALTH CENTRE,EN4 8QZ,51.646387,-0.166425,E09000003,E99999999,EMIS,EMIS
E83621,BRUNSWICK PARK MEDICAL PRACTICE,N11 1EY,51.629302,-0.149212,E09000003,E99999999,EMIS,EMIS
E83622,TEMPLE FORTUNE MEDICAL GROUP,NW11 7TE,51.581104,-0.197821,E09000003,E99999999,EMIS,EMIS
E83637,COLINDALE MEDICAL CENTRE LP,NW9 6DJ,51.591302,-0.249547,E09000003,E99999999,EMIS,EMIS
E83638,THE MOUNTFIELD SURGERY,N3 3NR,51.595004,-0.194195,E09000003,E99999999,EMIS,EMIS
E83639,ROSEMARY SURGERY,N3 2QN,51.596899,-0.184128,E09000003,E99999999,EMIS,EMIS
E83649,THE HODFORD ROAD PRACTICE,NW11 8NH,51.569041,-0.199293,E09000003,E99999999,EMIS,EMIS
E83653,THE PHOENIX PRACTICE,NW4 4AE,51.587321,-0.22337,E09000003,E99999999,EMIS,EMIS
E83668,DR SP TALPAHEWA,HA8 9NT,51.61618,-0.260263,E09000003,E99999999,EMIS,EMIS
E84002,FORTY WILLOWS SURGERY,HA9 9HA,51.565788,-0.270656,E09000005,E99999999,EMIS,EMIS
E84003,PREMIER MEDICAL CENTRE,HA0 4UZ,51.549714,-0.306762,E09000005,E99999999,EMIS,EMIS
E84004,THE CIRCLE PRACTICE,HA3 7LT,51.601115,-0.32059,E09000015,E99999999,EMIS,EMIS
E84005,KINGS ROAD SURGERY,HA2 9JJ,51.568984,-0.377372,E09000015,E99999999,EMIS,EMIS
E84006,THE LAW MEDICAL GROUP PRACTICE,NW10 5UY,51.533872,-0.234291,E09000005,E99999999,EMIS,EMIS
E84007,UXENDON CRESCENT SURGERY,HA9 8NL,51.566899,-0.294322,E09000005,E99999999,EMIS,EMIS
E84008,SIMPSON HOUSE MEDICAL CENTRE,HA2 8RS,51.561658,-0.372411,E09000015,E99999999,EMIS,EMIS
E84009,ENDERLEY ROAD MEDICAL CENTRE,HA3 5HF,51.601875,-0.340446,E09000015,E99999999,EMIS,EMIS
E84011,ST ANDREWS MEDICAL CENTRE,NW10 9AR,51.538404,-0.253511,E09000005,E99999999,EMIS,EMIS
E84012,MAPESBURY MEDICAL GROUP,NW2 3PS,51.551499,-0.209448,E09000005,E99999999,EMIS,EMIS
E84013,CHURCH END MEDICAL CENTRE,NW10 9HP,51.547572,-0.253218,E09000005,E99999999,EMIS,EMIS
E84014,BACON LANE SURGERY,HA8 5AT,51.60508,-0.275879,E09000015,E99999999,EMIS,EMIS
E84015,WILLOW TREE FAMILY DOCTORS,NW9 9AD,51.58934,-0.2652,E09000005,E99999999,EMIS,EMIS
E84017,SUDBURY & ALPERTON MEDICAL CENTRE,HA0 1EZ,51.536917,-0.298023,E09000005,E99999999,EMIS,EMIS
E84018,STREATFIELD HEALTH CENTRE,HA3 9BP,51.593814,-0.308097,E09000015,E99999999,EMIS,EMIS
E84020,JAI MEDICAL CENTRE (BRENT),HA8 5LP,51.59817,-0.270697,E09000005,E99999999,EMIS,EMIS
E84021,THE WILLESDEN MEDICAL CENTRE,NW10 2PT,51.547534,-0.233849,E09000005,E99999999,EMIS,EMIS
E84022,ROXBOURNE MEDICAL CENTRE,HA2 0UE,51.56732,-0.363104,E09000015,E99999999,EMIS,EMIS
E84024,THE PINN MEDICAL CENTRE,HA5 3EE,51.595209,-0.382155,E09000015,E99999999,EMIS,EMIS
E84025,THE LONSDALE MEDICAL CENTRE,NW6 6RR,51.536899,-0.204456,E09000005,E99999999,EMIS,EMIS
E84028,THE STONEBRIDGE PRACTICE,NW10 8RY,51.542474,-0.26358,E09000005,E99999999,EMIS,EMIS
E84030,PRESTON HILL SURGERY,HA3 9SN,51.580102,-0.288949,E09000005,E99999999,EMIS,EMIS
E84031,BRENTFIELD MEDICAL CENTRE,NW10 8TF,51.550634,-0.260211,E09000005,E99999999,EMIS,EMIS
E84032,ELLIS PRACTICE,HA9 9FX,51.563896,-0.276528,E09000005,E99999999,EMIS,EMIS
E84033,CHALKHILL FAMILY PRACTICE,HA9 9FX,51.563896,-0.276528,E09000005,E99999999,EMIS,EMIS
E84036,GLADSTONE MEDICAL CENTRE,NW2 6JH,51.558733,-0.246096,E09000005,E99999999,EMIS,EMIS
E84039,HONEYPOT MEDICAL CENTRE,HA7 1JP,51.59699,-0.294522,E09000015,E99999999,EMIS,EMIS
E84040,THE PINNER ROAD SURGERY,HA1 4JS,51.582726,-0.352937,E09000015,E99999999,EMIS,EMIS
E84042,KILBURN PARK MEDICAL CENTRE,NW6 5HB,51.53263,-0.199347,E09000005,E99999999,EMIS,EMIS
E84044,THE NORTHWICK SURGERY,HA1 2NU,51.581048,-0.326541,E09000015,E99999999,EMIS,EMIS
E84048,THE FRYENT WAY SURGERY,NW9 9SB,51.582965,-0.280541,E09000005,E99999999,EMIS,EMIS
E84049,BRAMPTON HEALTH CENTRE,NW9 9BY,51.586101,-0.277362,E09000005,E99999999,EMIS,EMIS
E84051,STANLEY CORNER MEDICAL CENTRE,HA0 4JF,51.544253,-0.296596,E09000005,E99999999,EMIS,EMIS
E84053,HATCH END MEDICAL CENTRE,HA5 4RD,51.606245,-0.377055,E09000015,E99999999,EMIS,EMIS
E84057,THE STANMORE MEDICAL CENTRE,HA7 1HS,51.601542,-0.303997,E09000015,E99999999,EMIS,EMIS
E84058,GP DIRECT,HA2 0RQ,51.575263,-0.358777,E09000015,E99999999,EMIS,EMIS
E84059,THE ALLENDALE ROAD SURGERY,UB6 0RA,51.551188,-0.319805,E09000009,E99999999,TPP,TPP
E84061,ELLIOTT HALL MEDICAL CTR.,HA5 4EA,51.608479,-0.362504,E09000015,E99999999,EMIS,EMIS
E84062,THE SHAFTESBURY MEDICAL CENTRE,HA2 0AH,51.571707,-0.353985,E09000015,E99999999,EMIS,EMIS
E84063,LANCELOT MEDICAL CENTRE,HA0 2AL,51.552864,-0.299476,E09000005,E99999999,EMIS,EMIS
E84066,GP PATHFINDER CLINICS,HA9 6PW,51.547594,-0.275371,E09000005,E99999999,EMIS,EMIS
E84067,CHURCH LANE SURGERY,NW9 8LU,51.574934,-0.262141,E09000005,E99999999,EMIS,EMIS
E84068,THE RIDGEWAY SURGERY,HA2 7DU,51.581007,-0.36508,E09000015,E99999999,EMIS,EMIS
E84069,BELMONT HEALTH CENTRE,HA3 7LT,51.601115,-0.32059,E09000015,E99999999,EMIS,EMIS
E84070,PINNER VIEW MEDICAL CENTRE,HA1 4QG,51.585872,-0.350282,E09000015,E99999999,EMIS,EMIS
E84074,FREUCHEN MEDICAL CENTRE,NW10 4ST,51.534533,-0.242975,E09000005,E99999999,EMIS,EMIS
E84075,MOLLISON WAY SURGERY,HA8 5QL,51.597639,-0.278615,E09000015,E99999999,EMIS/EVERGREENLIFE,EMIS
E84076,OXGATE GARDENS SURGERY,NW2 6EA,51.564483,-0.227767,E09000005,E99999999,EMIS,EMIS
E84078,KINGSBURY HEALTH AND WELLBEING,NW9 0EF,51.591736,-0.265484,E09000005,E99999999,EMIS,EMIS
E84080,STAVERTON SURGERY,NW2 5HA,51.544184,-0.225816,E09000005,E99999999,EMIS,EMIS
E84083,LANFRANC MEDICAL CENTRE,HA1 3QE,51.561587,-0.332724,E09000015,E99999999,EMIS,EMIS
E84086,WALM LANE SURGERY,NW2 4RT,51.550348,-0.219532,E09000005,E99999999,EMIS,EMIS
E84601,KENTON BRIDGE MEDICAL CENTRE DR GOLDEN,HA3 0YX,51.582137,-0.316484,E09000005,E99999999,EMIS,EMIS
E84617,THE CIVIC MEDICAL CENTRE,HA1 1SE,51.587157,-0.337475,E09000015,E99999999,EMIS,EMIS
E84620,PRESTON ROAD SURGERY,HA9 8LB,51.564911,-0.292419,E09000005,E99999999,EMIS,EMIS
E84626,THE SUNFLOWER MEDICAL CENTRE,HA0 4UZ,51.549714,-0.306762,E09000005,E99999999,EMIS,EMIS
E84635,THE SURGERY,HA9 6QL,51.550604,-0.281964,E09000005,E99999999,EMIS,EMIS
E84637,HILLTOP MEDICAL PRACTICE,NW10 8RY,51.542474,-0.26358,E09000005,E99999999,EMIS,EMIS
E84638,ALPERTON MEDICAL CENTRE,HA0 4JB,51.542878,-0.294196,E09000005,E99999999,EMIS,EMIS
E84645,PARK ROYAL MEDICAL PRACTICE,NW10 7NS,51.530938,-0.269138,E09000005,E99999999,EMIS,EMIS
E84646,THE STREATFIELD MEDICAL CENTRE,HA3 9BN,51.595639,-0.298717,E09000015,E99999999,EMIS,EMIS
E84647,KENTON CLINIC,HA3 0UQ,51.58597,-0.292395,E09000005,E99999999,EMIS,EMIS
E84653,ZAIN MEDICAL CENTRE,HA8 0AD,51.606478,-0.271248,E09000003,E99999999,EMIS,EMIS
E84656,ROUNDWOOD PARK MEDICAL CENTRE,NW10 3RY,51.542838,-0.235502,E09000005,E99999999,EMIS,EMIS
E84658,ASPRI MEDICAL CENTRE,HA3 5LE,51.604473,-0.34298,E09000015,E99999999,EMIS,EMIS
E84663,KENTON BRIDGE MEDICAL CENTRE - DR RAJA,HA3 0YX,51.582137,-0.316484,E09000005,E99999999,EMIS,EMIS
E84665,NEASDEN MEDICAL CENTRE,NW2 7SA,51.559617,-0.247476,E09000005,E99999999,EMIS,EMIS
E84674,CHICHELE ROAD SURGERY,NW2 3AN,51.55483,-0.216242,E09000005,E99999999,EMIS,EMIS
E84676,HEADSTONE LANE MEDICAL CENTRE,HA2 6LY,51.59902,-0.356751,E09000015,E99999999,EMIS,EMIS
E84678,PRESTON MEDICAL CENTRE,HA9 8JZ,51.564337,-0.292556,E09000005,E99999999,EMIS,EMIS
E84680,HEADSTONE ROAD SURGERY,HA1 1PG,51.58377,-0.34089,E09000015,E99999999,EMIS,EMIS
E84684,THE TUDOR HOUSE MEDICAL CENTRE,HA9 9DS,51.564497,-0.266665,E09000005,E99999999,EMIS,EMIS
E84685,SUDBURY SURGERY,HA0 3HG,51.558198,-0.316373,E09000005,E99999999,EMIS,EMIS
E84693,ST. PETER'S MEDICAL CENTRE,HA1 4BS,51.576534,-0.350678,E09000015,E99999999,EMIS,EMIS
E84699,KINGS EDGE MEDICAL CENTRE,NW9 0QP,51.594986,-0.268767,E09000005,E99999999,EMIS,EMIS
E84701,PEARL MEDICAL PRACTICE,HA0 4UZ,51.549714,-0.306762,E09000005,E99999999,EMIS,EMIS
E84702,WILLESDEN GREEN SURGERY,NW2 3UY,51.55376,-0.216211,E09000005,E99999999,EMIS,EMIS
E84704,ST. GEORGES MEDICAL CENTRE,NW2 6JH,51.558733,-0.246096,E09000005,E99999999,EMIS,EMIS
E84709,WEMBLEY PARK MEDICAL CENTRE,HA9 0GL,51.560274,-0.282177,E09000005,E99999999,EMIS,EMIS
E85001,THORNBURY ROAD CENTRE FOR HEALTH,TW7 4HQ,51.474432,-0.345422,E09000018,E99999999,TPP,TPP
E85003,NORTH END MEDICAL CENTRE,W14 9PR,51.487802,-0.204053,E09000013,E99999999,TPP,TPP
E85004,ALBANY PRACTICE,TW8 8DS,51.48676,-0.310033,E09000018,E99999999,TPP,TPP
E85005,THE WESTWAY SURGERY,W12 0PT,51.514207,-0.247606,E09000013,E99999999,TPP,TPP
E85006,WATERSIDE MEDICAL CENTRE,UB2 4XQ,51.502165,-0.363984,E09000009,E99999999,TPP,TPP
E85007,ST. MARGARETS PRACTICE,TW1 1NE,51.459402,-0.323034,E09000027,E99999999,TPP,TPP
E85008,NORTH FULHAM SURGERY,SW6 1TN,51.486399,-0.199326,E09000013,E99999999,TPP,TPP
E85012,KS MEDICAL CENTRE,UB1 3HY,51.513733,-0.364261,E09000009,E99999999,TPP,TPP
E85013,WESTSEVEN GP,W7 1DR,51.510264,-0.334353,E09000009,E99999999,TPP,TPP
E85014,NORTHFIELDS SURGERY,W13 9QP,51.505053,-0.318967,E09000009,E99999999,TPP,TPP
E85015,HOUNSLOW MEDICAL CENTRE,TW3 3ET,51.469395,-0.376819,E09000018,E99999999,TPP,TPP
E85016,RICHFORD GATE MEDICAL CENTRE,W6 7HY,51.500438,-0.226551,E09000013,E99999999,TPP,TPP
E85019,CROWN STREET SURGERY,W3 8SA,51.507392,-0.273777,E09000009,E99999999,TPP,TPP
E85020,BROOK GREEN MEDICAL CENTRE,W6 7EG,51.495164,-0.220921,E09000013,E99999999,TPP,TPP
E85021,YEADING MEDICAL CENTRE,UB5 6LD,51.533635,-0.396999,E09000009,E99999999,TPP,TPP
E85023,CHEPSTOW GARDENS MEDICAL CENTRE,UB1 2RL,51.517625,-0.375119,E09000009,E99999999,TPP,TPP
E85024,CARLTON SURGERY,TW14 0AX,51.453337,-0.404576,E09000018,E99999999,TPP,TPP
E85025,CASSIDY ROAD MEDICAL CENTRE,SW6 5PX,51.479155,-0.198992,E09000013,E99999999,TPP,TPP
E85026,GORDON HOUSE SURGERY,W13 9NZ,51.509945,-0.315198,E09000009,E99999999,TPP,TPP
E85028,HILLCREST SURGERY,W3 9LA,51.508183,-0.27196,E09000009,E99999999,TPP,TPP
E85029,"THE MEDICAL CENTRE, DR JEFFERIES & PARTN",SW6 6BQ,51.481206,-0.212607,E09000013,E99999999,TPP,TPP
E85030,CHISWICK HEALTH PRACTICE,W4 1RX,51.493563,-0.259879,E09000018,E99999999,TPP,TPP
E85032,ASHCHURCH SURGERY,W12 9BP,51.501853,-0.242317,E09000013,E99999999,TPP,TPP
E85033,HAMMERSMITH SURGERY,W6 9DU,51.490967,-0.227048,E09000013,E99999999,TPP,TPP
E85034,GROSVENOR HOUSE SURGERY,W13 9BE,51.509418,-0.327395,E09000009,E99999999,TPP,TPP
E85035,MOUNT MEDICAL CENTRE,TW13 6AJ,51.4406,-0.387768,E09000018,E99999999,TPP,TPP
E85038,PALACE SURGERY,SW6 6JD,51.476282,-0.215809,E09000013,E99999999,TPP,TPP
E85040,WEST4 GPS,W4 1RX,51.493563,-0.259879,E09000018,E99999999,TPP,TPP
E85041,HANWELL HEALTH CENTRE (NAISH),W7 1DR,51.510264,-0.334353,E09000009,E99999999,TPP,TPP
E85042,THE NEW SURGERY,W12 9RD,51.506059,-0.235555,E09000013,E99999999,TPP,TPP
E85045,TWICKENHAM PARK MEDICAL CENTRE,TW13 6HD,51.436668,-0.375274,E09000027,E99999999,TPP,TPP
E85046,EASTMEAD AVENUE SURGERY,UB6 9RB,51.531444,-0.362718,E09000009,E99999999,TPP,TPP
E85048,"DR CANISIUS & DR HASAN, PARKVIEW CFH&W",W12 7FG,51.510846,-0.235197,E09000013,E99999999,TPP,TPP
E85049,BELMONT MEDICAL CENTRE,UB2 5DU,51.500849,-0.385182,E09000009,E99999999,TPP,TPP
E85050,GREENFORD ROAD MED.CTR.,UB6 8QH,51.537698,-0.34568,E09000009,E99999999,TPP,TPP
E85051,GREENFORD AVENUE FHP,W7 3AH,51.521731,-0.340248,E09000009,E99999999,TPP,TPP
E85052,CRANFORD MEDICAL CENTRE,TW5 9RG,51.481887,-0.412409,E09000018,E99999999,TPP,TPP
E85053,THE MEDICAL CENTRE,UB5 4AT,51.552657,-0.37504,E09000009,E99999999,TPP,TPP
E85054,HILLVIEW SURGERY,UB6 7HQ,51.540537,-0.318308,E09000009,E99999999,TPP,TPP
E85055,THE BUSH DOCTORS,W12 8PP,51.503863,-0.21881,E09000013,E99999999,TPP,TPP
E85056,ST DAVIDS PRACTICE,TW13 4GU,51.446367,-0.411065,E09000018,E99999999,TPP,TPP
E85057,QUEENS WALK PRACTICE,W5 1TP,51.524804,-0.312963,E09000009,E99999999,TPP,TPP
E85058,BLUE WING FAMILY DOCTOR UNIT,TW3 3LN,51.468263,-0.371733,E09000018,E99999999,TPP,TPP
E85059,CHESTNUT PRACTICE,TW3 3LN,51.468263,-0.371733,E09000018,E99999999,TPP,TPP
E85060,KINGFISHER PRACTICE,TW3 2DY,51.461125,-0.359593,E09000018,E99999999,TPP,TPP
E85061,WELCOME PRACTICE,UB2 4EY,51.49867,-0.379799,E09000009,E99999999,TPP,TPP
E85062,HIYOS,TW3 1NL,51.470856,-0.361663,E09000018,E99999999,TPP,TPP
E85064,WEST END SURGERY,UB5 6QN,51.534275,-0.397784,E09000009,E99999999,TPP,TPP
E85066,THE BEDFORD PARK SURGERY,W4 5LH,51.495981,-0.26228,E09000009,E99999999,TPP,TPP
E85069,OLDFIELD FAMILY PRACTICE,UB6 8RA,51.530436,-0.351047,E09000009,E99999999,TPP,TPP
E85071,CLIFFORD HOUSE MEDICAL CENTRE,TW13 5AD,51.447323,-0.406657,E09000018,E99999999,TPP,TPP
E85074,WEST KENSINGTON GP SURGERY,W14 0LJ,51.49982,-0.216648,E09000013,E99999999,TPP,TPP
E85075,GP SURGERY @ ACTON GARDENS,W3 8TF,51.501729,-0.272752,E09000009,E99999999,TPP,TPP
E85077,SHEPHERDS BUSH MEDICAL CENTRE,W12 7LS,51.506615,-0.233069,E09000013,E99999999,TPP,TPP
E85083,DR SIVANESAN & PARTNER,UB1 2TJ,51.521097,-0.36874,E09000009,E99999999,TPP,TPP
E85088,ELMBANK SURGERY,W7 3DD,51.52555,-0.341925,E09000009,E99999999,TPP,TPP
E85090,HAMMOND ROAD SURGERY,UB2 4EH,51.499657,-0.379591,E09000009,E99999999,TPP,TPP
E85091,BRUNSWICK SURGERY,W5 1AQ,51.529635,-0.302476,E09000009,E99999999,TPP,TPP
E85096,MEDICAL CENTRE,TW3 1NU,51.471263,-0.356652,E09000018,E99999999,TPP,TPP
E85098,ISLIP MANOR MEDICAL CENTRE,UB5 5RG,51.547315,-0.372995,E09000009,E99999999,TPP,TPP
E85099,THE AVENUE SURGERY,W13 8LA,51.51839,-0.319009,E09000009,E99999999,TPP,TPP
E85103,LADY MARGARET ROAD MEDICAL CENTRE,UB1 2PH,51.513227,-0.375766,E09000009,E99999999,TPP,TPP
E85107,THE MILL HILL SURGERY,W3 8QH,51.505171,-0.274423,E09000009,E99999999,TPP,TPP
E85108,MANDEVILLE MEDICAL CENTRE,UB5 5HB,51.544849,-0.372246,E09000009,E99999999,TPP,TPP
E85109,THE ACTON HEALTH CENTRE,W3 8QE,51.506215,-0.270176,E09000009,E99999999,TPP,TPP
E85111,PERIVALE MEDICAL CLINIC,UB6 8HX,51.535112,-0.333907,E09000009,E99999999,TPP,TPP
E85112,ELMTREES SURGERY,UB6 0PA,51.550788,-0.335945,E09000009,E99999999,TPP,TPP
E85113,REDWOOD PRACTICE,TW3 2DY,51.461125,-0.359593,E09000018,E99999999,TPP,TPP
E85114,CROSSLANDS SURGERY,UB2 5QY,51.491314,-0.373246,E09000018,E99999999,TPP,TPP
E85115,PENTELOW PRACTICE,TW14 9EF,51.45662,-0.416553,E09000018,E99999999,TPP,TPP
E85116,THE CUCKOO LANE PRACTICE,W7 1DR,51.510264,-0.334353,E09000009,E99999999,TPP,TPP
E85118,THE FULHAM MEDICAL CENTRE,SW6 1BG,51.480737,-0.193096,E09000013,E99999999,TPP,TPP
E85119,THE MWH PRACTICE,UB1 1LA,51.511248,-0.379583,E09000009,E99999999,TPP,TPP
E85120,THE ARGYLE SURGERY,W13 8ER,51.520338,-0.322569,E09000009,E99999999,TPP,TPP
E85121,GURU NANAK MEDICAL CENTRE,UB1 1EQ,51.511775,-0.387131,E09000009,E99999999,TPP,TPP
E85122,THE FLORENCE ROAD SURGERY,W5 3TX,51.512502,-0.298603,E09000009,E99999999,TPP/EVERGREENLIFE,TPP
E85123,THE CORFTON ROAD SURGERY,W13 8AG,51.513853,-0.319291,E09000009,E99999999,TPP,TPP
E85124,GP AT HAND,SW6 7SX,51.484824,-0.203363,E09000013,E99999999,TPP,TPP
E85125,STERNDALE SURGERY,W14 0LJ,51.49982,-0.216648,E09000013,E99999999,TPP,TPP
E85126,GREEN PRACTICE,TW3 3LN,51.468263,-0.371733,E09000018,E99999999,TPP,TPP
E85127,THE BARNABAS MEDICAL CTRE,UB5 4SQ,51.550631,-0.35349,E09000009,E99999999,TPP,TPP
E85128,SANDS END HEALTH CLINIC,SW6 2FE,51.473129,-0.191367,E09000013,E99999999,TPP,TPP
E85129,THE MANSELL ROAD PRACTICE,UB6 9EN,51.525654,-0.358947,E09000009,E99999999,TPP,TPP
E85130,CHISWICK FAMILY PRACTICE,W3 8TF,51.501729,-0.272752,E09000009,E99999999,TPP,TPP
E85600,WILLOW PRACTICE,TW3 2DY,51.461125,-0.359593,E09000018,E99999999,TPP,TPP
E85605,BRENTFORD GROUP PRACTICE,TW8 8DS,51.48676,-0.310033,E09000018,E99999999,TPP,TPP
E85623,SOMERSET MEDICAL CENTRE,UB5 6WL,51.531515,-0.376239,E09000009,E99999999,TPP,TPP
E85624,"DR UPPAL & PARTN, PARKVIEW CTR FOR H&W",W12 7FG,51.510846,-0.235197,E09000013,E99999999,TPP,TPP
E85628,ELTHORNE PARK SURGERY,W7 2JJ,51.503746,-0.326277,E09000009,E99999999,TPP,TPP
E85633,THE SOUTHALL MEDICAL CTR.,UB1 2PT,51.518961,-0.375518,E09000009,E99999999,TPP,TPP
E85635,THE VALE SURGERY,W3 7RG,51.506455,-0.251794,E09000009,E99999999,TPP,TPP
E85636,PARK MEDICAL CENTRE,W6 0QG,51.49697,-0.242908,E09000013,E99999999,TPP,TPP
E85640,THE CHURCHFIELD ROAD SURGERY,W3 6DL,51.50877,-0.266592,E09000009,E99999999,TPP,TPP
E85643,MEADOW VIEW,UB5 4LZ,51.550862,-0.360997,E09000009,E99999999,TPP,TPP
E85649,FULHAM CROSS MEDICAL CENTRE,SW6 7PP,51.482775,-0.214044,E09000013,E99999999,TPP,TPP
E85656,SUNRISE MEDICAL CENTRE,UB1 1HS,51.510871,-0.382234,E09000009,E99999999,TPP,TPP
E85657,EALING PARK HEALTH CENTRE,W5 4RH,51.497421,-0.305345,E09000009,E99999999,TPP,TPP
E85658,HOLLY ROAD MEDICAL CENTRE,W4 1NU,51.492787,-0.260356,E09000018,E99999999,TPP,TPP
E85659,"DR RK KUKAR, PARKVIEW CTR FOR H&W",W12 7FG,51.510846,-0.235197,E09000013,E99999999,TPP,TPP
E85663,THE SALUJA CLINIC,UB1 2AY,51.512743,-0.380409,E09000009,E99999999,TPP,TPP
E85677,THE HORN LANE SURGERY,W3 6PH,51.514663,-0.268631,E09000009,E99999999,TPP,TPP
E85680,CLOISTER ROAD SURGERY,W3 0DF,51.521353,-0.265566,E09000009,E99999999,TPP,TPP
E85681,JERSEY PRACTICE,TW5 9ER,51.483967,-0.382365,E09000018,E99999999,TPP,TPP
E85682,DORMERS WELLS MEDICAL CENTRE,UB1 2LU,51.514998,-0.36534,E09000009,E99999999,EMIS,EMIS
E85683,GLEBE STREET SURGERY,W4 2BD,51.491386,-0.256836,E09000018,E99999999,TPP,TPP
E85685,THE LILYVILLE SURGERY,SW6 4UL,51.47377,-0.199131,E09000013,E99999999,TPP,TPP
E85687,ACTON LANE MEDICAL CENTRE,W4 5DG,51.501811,-0.265487,E09000009,E99999999,TPP,TPP
E85693,CHISWICK MEDICAL PRACTICE,W4 3ET,51.481588,-0.264958,E09000018,E99999999,TPP,TPP
E85694,THE BOILEAU ROAD SURGERY,W5 3AJ,51.519426,-0.286813,E09000009,E99999999,TPP,TPP
E85696,CLIFFORD ROAD SURGERY,TW4 7LR,51.470621,-0.394672,E09000018,E99999999,TPP,TPP
E85697,GREENBROOK BEDFONT,TW14 8AG,51.451684,-0.429302,E09000018,E99999999,TPP,TPP
E85699,GROVE VILLAGE MEDICAL CENTRE,TW14 8SN,51.449161,-0.430929,E09000018,E99999999,TPP,TPP
E85707,SKYWAYS MEDICAL CENTRE,TW5 9BJ,51.477415,-0.39308,E09000018,E99999999,TPP,TPP
E85708,GILL MEDICAL PRACTICE,TW14 0AB,51.451481,-0.4049,E09000018,E99999999,TPP,TPP
E85712,GOODCARE PRACTICE,UB5 6WL,51.531515,-0.376239,E09000009,E99999999,TPP,TPP
E85713,HOUNSLOW FAMILY PRACTICE,TW3 4JX,51.471773,-0.366799,E09000018,E99999999,TPP/EVERGREENLIFE,TPP
E85715,BROADMEAD SURGERY,UB5 6WL,51.531515,-0.376239,E09000009,E99999999,TPP,TPP
E85716,BATH ROAD SURGERY,TW3 3ET,51.469395,-0.376819,E09000018,E99999999,TPP,TPP
E85718,HATTON MEDICAL PRACTICE,TW14 9PY,51.457544,-0.433751,E09000018,E99999999,TPP,TPP
E85719,ASHVILLE SURGERY,SW6 4HS,51.47622,-0.201109,E09000013,E99999999,TPP,TPP
E85721,THE TOWN SURGERY,UB1 1PZ,51.512513,-0.378083,E09000009,E99999999,TPP,TPP
E85725,THE GROVE MEDICAL PRACTICE,UB5 4NY,51.555342,-0.362466,E09000009,E99999999,TPP,TPP
E85726,MATTOCK LANE HEALTH CENTRE,W13 9NZ,51.509945,-0.315198,E09000009,E99999999,TPP,TPP
E85734,QUEENS PARK MEDICAL PRACTICE,TW13 4GU,51.446367,-0.411065,E09000018,E99999999,TPP,TPP
E85735,BRENTFORD FAMILY PRACTICE,TW8 8DS,51.48676,-0.310033,E09000018,E99999999,TPP,TPP
E85736,LITTLE PARK SURGERY,TW13 5JG,51.442595,-0.387698,E09000018,E99999999,TPP,TPP
E85739,HMC HEALTH HESTON GREAT WEST,TW5 9ER,51.483967,-0.382365,E09000018,E99999999,TPP,TPP
E85743,ST. GEORGES MEDICAL CTR.,UB1 2RX,51.5216,-0.374531,E09000009,E99999999,TPP,TPP
E85744,ARGYLE HEALTH-ISLEWORTH PRACTICE,TW7 7DJ,51.467811,-0.32873,E09000018,E99999999,TPP,TPP
E85745,JUBILEE GARDENS MEDICAL CENTRE,UB1 2TJ,51.521097,-0.36874,E09000009,E99999999,TPP,TPP
E85746,GROVE PARK TERRACE SURGERY,W4 3JL,51.48467,-0.27331,E09000018,E99999999,TPP,TPP
E85748,"THE MEDICAL CENTRE, DR KUKAR",W12 0NF,51.507127,-0.243843,E09000013,E99999999,TPP,TPP
E85750,SPRING GROVE MEDICAL PRACTICE,TW7 4HG,51.474357,-0.345828,E09000018,E99999999,EMIS,EMIS
E86001,MOUNTWOOD SURGERY,HA6 2RG,51.616066,-0.444318,E09000017,E99999999,EMIS,EMIS
E86004,THE MEDICAL CENTRE,UB7 7PJ,51.504421,-0.476048,E09000017,E99999999,EMIS,EMIS
E86005,THE OAKLAND MEDICAL CENTRE,UB10 9JX,51.546055,-0.451294,E09000017,E99999999,EMIS,EMIS
E86006,THE DEVONSHIRE LODGE PRACTICE,HA5 1TG,51.579268,-0.397385,E09000017,E99999999,EMIS,EMIS
E86007,HAREFIELD PRACTICE,UB9 6JY,51.608519,-0.479092,E09000017,E99999999,EMIS,EMIS
E86009,BELMONT MEDICAL CENTRE,UB8 1SD,51.548266,-0.478015,E09000017,E99999999,EMIS,EMIS
E86010,YIEWSLEY FAMILY PRACTICE,UB7 7DP,51.511901,-0.472426,E09000017,E99999999,EMIS,EMIS
E86011,OXFORD DRIVE MEDICAL CENTRE,HA4 9EY,51.567742,-0.392986,E09000017,E99999999,EMIS,EMIS
E86012,WOOD LANE MEDICAL CENTRE,HA4 6ER,51.571218,-0.425143,E09000017,E99999999,EMIS,EMIS
E86014,CEDARS MEDICAL CENTRE,HA4 9LZ,51.570577,-0.405007,E09000017,E99999999,EMIS,EMIS
E86015,CENTRAL UXBRIDGE SURGERY,UB8 1UB,51.546222,-0.475718,E09000017,E99999999,EMIS,EMIS
E86016,THE PINE MEDICAL CENTRE,UB4 8RB,51.527592,-0.416817,E09000017,E99999999,EMIS,EMIS
E86017,HAYES MEDICAL CENTRE,UB3 4NA,51.501076,-0.422967,E09000017,E99999999,EMIS,EMIS
E86018,TOWNFIELD DOCTORS SURGERY,UB3 3DZ,51.515844,-0.4112,E09000017,E99999999,EMIS,EMIS
E86019,THE WARREN PRACTICE,UB4 0SG,51.51996,-0.409039,E09000017,E99999999,EMIS,EMIS
E86020,YEADING COURT SURGERY,UB4 9AJ,51.5283,-0.400069,E09000017,E99999999,EMIS,EMIS
E86022,THE ABBOTSBURY PRACTICE,HA5 1TG,51.579268,-0.397385,E09000017,E99999999,EMIS,EMIS
E86024,KING EDWARDS MEDICAL CENTRE,HA4 7AE,51.574559,-0.428217,E09000017,E99999999,EMIS,EMIS
E86026,PARKVIEW SURGERY,UB8 3LA,51.526,-0.440255,E09000017,E99999999,EMIS,EMIS
E86027,OTTERFIELD MEDICAL CENTRE,UB7 8PE,51.514659,-0.470201,E09000017,E99999999,EMIS,EMIS
E86028,EASTBURY SURGERY,HA6 3BG,51.611631,-0.423889,E09000017,E99999999,EMIS,EMIS
E86029,CEDAR BROOK PRACTICE,UB4 8DD,51.534093,-0.414112,E09000017,E99999999,EMIS,EMIS
E86030,BRUNEL MEDICAL CENTRE,UB8 3PH,51.53284,-0.472836,E09000017,E99999999,EMIS,EMIS
E86033,ST MARTINS MEDICAL CENTRE,HA4 8BE,51.577648,-0.424545,E09000017,E99999999,EMIS,EMIS
E86034,CHURCH ROAD SURGERY,UB8 3NA,51.528536,-0.475185,E09000017,E99999999,EMIS,EMIS
E86036,HILLINGDON HEALTH CENTRE,UB10 9QF,51.551623,-0.448032,E09000017,E99999999,EMIS,EMIS
E86038,GLENDALE MEDICAL CENTRE,UB3 5DA,51.49035,-0.434514,E09000017,E99999999,EMIS,EMIS
E86041,ACRE SURGERY,HA6 1TQ,51.604468,-0.41153,E09000017,E99999999,EMIS,EMIS
E86042,THE HIGH STREET PRACTICE,UB7 7DP,51.511901,-0.472426,E09000017,E99999999,EMIS,EMIS
E86605,LADYGATE LANE MEDICAL PRACTICE,HA4 7QU,51.580514,-0.43644,E09000017,E99999999,EMIS,EMIS
E86609,NORTH HYDE ROAD SURGERY,UB3 4NS,51.497849,-0.413757,E09000017,E99999999,EMIS,EMIS
E86610,WILLOW TREE SURGERY,UB4 9BG,51.525088,-0.386819,E09000017,E99999999,EMIS,EMIS
E86612,SHAKESPEARE HEALTH CENTRE,UB3 1NY,51.498422,-0.437018,E09000017,E99999999,EMIS,EMIS
E86615,ACREFIELD SURGERY,HA4 0QR,51.562227,-0.382288,E09000017,E99999999,EMIS,EMIS
E86618,CAREPOINT PRACTICE,HA6 1TQ,51.604468,-0.41153,E09000017,E99999999,EMIS,EMIS
E86619,WALLASEY MEDICAL CENTRE,UB10 8SA,51.566917,-0.451984,E09000017,E99999999,EMIS,EMIS
E86620,WEST LONDON MEDICAL CENTRE,UB8 3NG,51.525732,-0.45468,E09000017,E99999999,EMIS,EMIS
E86625,KINCORA DOCTORS SURGERY,UB3 3HG,51.511667,-0.412196,E09000017,E99999999,EMIS,EMIS
E86626,QUEENS WALK MEDICAL CENTRE,HA4 0NT,51.562717,-0.393134,E09000017,E99999999,EMIS,EMIS
E86629,DR MLR SIDDIQUI'S PRACTICE,HA4 6TA,51.552012,-0.399396,E09000017,E99999999,EMIS,EMIS
E86632,ACORN MEDICAL CENTRE,UB10 9JN,51.542328,-0.451665,E09000017,E99999999,EMIS,EMIS
E86637,HEATHROW MEDICAL CENTRE,UB3 5AB,51.493021,-0.433904,E09000017,E99999999,EMIS,EMIS
E86640,SOUTHCOTE CLINIC,HA4 7LJ,51.57645,-0.434501,E09000017,E99999999,EMIS,EMIS
E87002,VICTORIA MEDICAL CENTRE,SW1V 1SN,51.492911,-0.138954,E09000033,E99999999,TPP,TPP
E87003,NORTH KENSINGTON MEDICAL CENTRE,W10 6NX,51.5192,-0.220301,E09000020,E99999999,TPP,TPP
E87004,HEALTH PARTNERS AT VIOLET MELCHETT,SW3 5RR,51.486806,-0.166987,E09000020,E99999999,TPP,TPP
E87005,BELGRAVIA SURGERY,SW1W 9PY,51.495005,-0.148535,E09000033,E99999999,TPP,TPP
E87006,LITTLE VENICE MEDICAL CENTRE,W2 1ND,51.523765,-0.176733,E09000033,E99999999,TPP,TPP
E87008,PADDINGTON GREEN HEALTH CENTRE,W2 1LQ,51.520941,-0.173227,E09000033,E99999999,TPP,TPP
E87009,THE GARWAY MEDICAL PRACTICE,W2 6HF,51.515394,-0.18547,E09000033,E99999999,TPP,TPP
E87010,MAIDA VALE MEDICAL CENTRE,W9 1HT,51.528421,-0.188772,E09000033,E99999999,TPP,TPP
E87011,LISSON GROVE HEALTH CENTRE,NW8 8EG,51.524737,-0.169298,E09000033,E99999999,TPP,TPP
E87013,STANHOPE MEWS SURGERY,SW7 5RB,51.494475,-0.181907,E09000020,E99999999,TPP,TPP
E87016,HOLLAND PARK SURGERY,W8 7RX,51.501413,-0.194411,E09000020,E99999999,TPP,TPP
E87021,SHIRLAND MEDICAL,W10 4LD,51.530581,-0.207617,E09000033,E99999999,TPP,TPP
E87024,THE GOLBORNE MEDICAL CENTRE,W10 5PG,51.523949,-0.206738,E09000020,E99999999,TPP,TPP
E87026,MEANWHILE GARDEN MEDICAL CENTRE,W10 5NT,51.52223,-0.203101,E09000020,E99999999,TPP,TPP
E87029,PORTLAND ROAD PRACTICE,W11 4LA,51.507368,-0.207995,E09000020,E99999999,TPP,TPP
E87034,PIMLICO HEALTH AT THE MARVEN SURGERY,SW1V 3EB,51.48845,-0.137752,E09000033,E99999999,TPP,TPP
E87037,CONNAUGHT SQUARE PRACTICE,W2 2HL,51.513975,-0.164239,E09000033,E99999999,TPP,TPP
E87038,ELGIN CLINIC,W9 3QT,51.52482,-0.198444,E09000033,E99999999,TPP,TPP
E87043,EMPEROR'S GATE SURGERY,SW7 4HJ,51.496306,-0.1863,E09000020,E99999999,TPP,TPP
E87045,COVENT GARDEN MEDICAL CENTRE,WC2H 9AA,51.514796,-0.125147,E09000007,E99999999,TPP,TPP
E87046,THE RANDOLPH SURGERY,W9 1NH,51.529821,-0.186828,E09000033,E99999999,TPP/EVERGREENLIFE,TPP
E87047,EARLS COURT MEDICAL CENTRE,SW5 9AD,51.491764,-0.192675,E09000020,E99999999,TPP,TPP
E87048,ROSARY GARDEN SURGERY,SW7 4NQ,51.492101,-0.183024,E09000020,E99999999,TPP,TPP
E87052,CROMPTON MEDICAL CENTRE,W2 1ND,51.523765,-0.176733,E09000033,E99999999,TPP,TPP
E87061,THE PEMBRIDGE VILLAS SURGERY,W11 3EP,51.512991,-0.197052,E09000020,E99999999,TPP,TPP
E87063,KINGS ROAD MEDICAL CENTRE,SW10 0UD,51.480356,-0.184744,E09000020,E99999999,TPP,TPP
E87065,THE NOTTING HILL MEDICAL CENTRE,W11 2EH,51.514855,-0.207182,E09000020,E99999999,TPP,TPP
E87066,FITZROVIA MEDICAL CENTRE,W1T 6EU,51.52236,-0.139929,E09000007,E99999999,TPP,TPP
E87067,COLVILLE HEALTH CENTRE,W11 1PA,51.515838,-0.206207,E09000020,E99999999,TPP,TPP
E87069,SOHO CENTRE FOR HEALTH AND CARE,W1D 3QS,51.514525,-0.131889,E09000033,E99999999,TPP,TPP
E87070,CRAWFORD STREET SURGERY,W1H 2HJ,51.519323,-0.161199,E09000033,E99999999,TPP,TPP
E87609,ST JOHNS WOOD MEDICAL PRACTICE,NW8 9NH,51.533475,-0.175436,E09000033,E99999999,TPP,TPP
E87637,GRAND UNION HEALTH CENTRE,W2 5EH,51.520065,-0.190978,E09000033,E99999999,TPP,TPP
E87648,MAYFAIR MEDICAL CENTRE,W1K 5LS,51.513538,-0.150147,E09000033,E99999999,TPP,TPP
E87663,THIRD FLOOR LANARK ROAD MEDICAL CENTRE,W9 1NZ,51.530503,-0.18559,E09000033,E99999999,TPP,TPP
E87665,THE CHELSEA PRACTICE,SW3 5DD,51.486806,-0.166987,E09000020,E99999999,TPP,TPP
E87677,IMPERIAL COLLEGE HEALTH CENTRE,SW7 1LY,51.498656,-0.171987,E09000033,E99999999,TPP,TPP
E87681,NEWTON MEDICAL CENTRE,W2 5LT,51.516275,-0.191906,E09000033,E99999999,TPP,TPP
E87701,THE ABINGDON HEALTH CENTRE,W8 6EG,51.496086,-0.197114,E09000020,E99999999,TPP,TPP
E87702,THE SURGERY,SW7 4QS,51.497627,-0.184519,E09000020,E99999999,TPP,TPP
E87706,THE FORELAND MEDICAL CENTRE,W11 4EP,51.512991,-0.212891,E09000020,E99999999,TPP,TPP
E87711,ROYAL HOSPITAL CHELSEA,SW3 4SR,51.487401,-0.157313,E09000020,E99999999,TPP,TPP
E87714,SOHO SQUARE GENERAL PRACTICE,W1D 3HZ,51.514525,-0.131889,E09000033,E99999999,TPP,TPP
E87715,SCARSDALE MEDICAL CENTRE,W8 5SX,51.49934,-0.19177,E09000020,E99999999,TPP,TPP
E87720,KENSINGTON PARK MEDICAL CENTRE,W14 8HW,51.497326,-0.208764,E09000020,E99999999,TPP,TPP
E87722,LANCASTER GATE MEDICAL CENTRE,W2 3ET,51.511754,-0.183337,E09000033,E99999999,TPP,TPP
E87733,THE EXMOOR SURGERY,W10 6DZ,51.522364,-0.217194,E09000020,E99999999,TPP,TPP
E87737,MARYLEBONE HEALTH CENTRE,NW1 5LT,51.52284,-0.151514,E09000033,E99999999,TPP,TPP
E87738,KNIGHTSBRIDGE MEDICAL CENTRE,SW1X 0ET,51.498071,-0.159893,E09000020,E99999999,TPP,TPP
E87739,MILLBANK MEDICAL CENTRE,SW1P 4EN,51.494031,-0.130207,E09000033,E99999999,TPP,TPP
E87740,THE DR HICKEY SURGERY FOR THE HOMELESS,SW1P 2BG,51.495751,-0.131476,E09000033,E99999999,TPP,TPP
E87741,WOODFIELD ROAD MEDICAL CENTRE,W9 3XZ,51.52272,-0.197561,E09000033,E99999999,TPP,TPP
E87742,GOLBORNE CANALSIDE HEALTH CENTRE,W10 5PE,51.524023,-0.206303,E09000020,E99999999,TPP,TPP
E87745,CAVENDISH HEALTH CENTRE,NW1 5JD,51.52284,-0.151514,E09000033,E99999999,TPP,TPP
E87746,BROMPTON MEDICAL CENTRE,SW5 0EA,51.489436,-0.189843,E09000020,E99999999,TPP,TPP
E87750,EARLS COURT SURGERY,SW5 9JA,51.488721,-0.191873,E09000020,E99999999,TPP,TPP
E87751,SRIKRISHNAMURTHY HARROW ROAD SURGERY,W10 4NJ,51.526565,-0.206679,E09000033,E99999999,TPP,TPP
E87753,BELGRAVE MEDICAL CENTRE,SW1W 8NA,51.490652,-0.151333,E09000033,E99999999,TPP,TPP
E87754,WELLINGTON HEALTH CENTRE,NW8 9SP,51.532277,-0.171259,E09000033,E99999999,TPP,TPP
E87755,QUEENS PARK HEALTH CENTRE,W10 4LD,51.530581,-0.207617,E09000033,E99999999,TPP,TPP
E87762,THE GOOD PRACTICE,SW10 0LR,51.482653,-0.178042,E09000020,E99999999,TPP,TPP
E87768,KINGS COLLEGE HEALTH CENTRE,WC2B 4PJ,51.512285,-0.117742,E09000033,E99999999,TPP,TPP
E87772,GREAT CHAPEL STREET MEDICAL CENTRE,W1D 3HZ,51.514525,-0.131889,E09000033,E99999999,TPP,TPP
F81001,DR KHAN & PARTNERS,SS7 4EA,51.570737,0.548194,E07000069,E10000012,TPP,TPP
F81003,DR F KHAN CARNAVON ROAD SURGERY,SS0 7AF,51.544993,0.7019,E06000033,E99999999,TPP,TPP
F81004,THE EDEN SURGERIES,CM22 7EH,51.815214,0.205588,E07000077,E10000012,TPP,TPP
F81006,CLAYHILL MEDICAL PRACTICE,SS16 4HD,51.566281,0.481626,E07000066,E10000012,TPP,TPP
F81007,"DR PUZEY,DR KOTHARI AND DR NANDA",SS4 1AY,51.581898,0.706081,E07000075,E10000012,TPP,TPP
F81009,THE GOLD STREET SURGERY,CB10 1EJ,52.021726,0.240498,E07000077,E10000012,EMIS,EMIS
F81010,AVELEY MEDICAL CENTRE,RM15 4AD,51.49852,0.257535,E06000034,E99999999,TPP,TPP
F81011,KELVEDON & FEERING HEALTH CENTRE,CO5 9AG,51.834359,0.697794,E07000067,E10000012,TPP,TPP
F81012,WEST MERSEA SURGERY,CO5 8RA,51.778305,0.919338,E07000071,E10000012,EMIS,EMIS
F81013,WESTERN ROAD SURGERY,CM12 9DX,51.627393,0.416873,E07000066,E10000012,TPP,TPP
F81014,CHURCH LANE SURGERY,CM7 5SN,51.891364,0.557054,E07000067,E10000012,TPP/EVERGREENLIFE,TPP
F81015,CROCUS MEDICAL PRACTICE,CB11 3HY,52.0236,0.256305,E07000077,E10000012,TPP,TPP
F81017,WALTON MEDICAL CENTRE,CO14 8PA,51.849973,1.271329,E07000076,E10000012,TPP,TPP
F81019,MAYFLOWER MEDICAL CENTRE,CO12 4EX,51.93345,1.260684,E07000076,E10000012,EMIS/EVERGREENLIFE,EMIS
F81020,THE FRESHFORD PRACTICE,CM7 4BQ,51.968657,0.454444,E07000067,E10000012,TPP,TPP
F81021,GREAT BENTLEY SURGERY,CO7 8PJ,51.855115,1.063814,E07000076,E10000012,EMIS/EVERGREENLIFE,EMIS
F81022,LONGFIELD MEDICAL CENTRE,CM9 5DF,51.729342,0.678863,E07000074,E10000012,TPP,TPP
F81023,BEECHWOOD SURGERY,CM14 5WF,51.608569,0.292758,E07000068,E10000012,TPP,TPP
F81025,DR GC CHAJED'S PRACTICE,SS16 5AD,51.564013,0.464635,E07000066,E10000012,TPP,TPP
F81026,CARADOC SURGERY,CO13 9JT,51.837605,1.244095,E07000076,E10000012,TPP/EVERGREENLIFE,TPP
F81027,LISTER MEDICAL CENTRE,CM18 6YJ,51.754515,0.090365,E07000073,E10000012,TPP,TPP
F81028,WIVENHOE SURGERY,CO7 9BA,51.85607,0.961263,E07000071,E10000012,EMIS,EMIS
F81029,THE KNARES MEDICAL PRACTICE,SS16 5SB,51.564043,0.442575,E07000066,E10000012,TPP,TPP
F81030,FERN HOUSE SURGERY,CM8 1BH,51.797485,0.637573,E07000067,E10000012,TPP,TPP
F81031,MURREE MEDICAL GROUP,SS13 1AJ,51.578113,0.51056,E07000066,E10000012,TPP,TPP
F81032,GRACE HOUSE SURGERY,SS7 3PR,51.569784,0.582299,E07000069,E10000012,TPP,TPP
F81034,NEWPORT SURGERY,CB11 3PY,51.982825,0.209021,E07000077,E10000012,EMIS,EMIS
F81036,ROBERT FREW MEDICAL CENTRE,SS12 9NR,51.602013,0.535865,E07000066,E10000012,TPP,TPP
F81037,EAST LYNNE MEDICAL CENTRE,CO15 3PP,51.791445,1.151261,E07000076,E10000012,TPP,TPP
F81038,TILE HOUSE SURGERY,CM15 8AQ,51.622555,0.307795,E07000068,E10000012,TPP,TPP
F81040,STOCK SURGERY,CM4 9NF,51.665331,0.448768,E07000070,E10000012,TPP,TPP
F81041,LONDON ROAD SURGERY,SS12 0AA,51.612907,0.519428,E07000066,E10000012,TPP,TPP
F81042,COLCHESTER MEDICAL PRACTICE,CO1 2QS,51.89004,0.909355,E07000071,E10000012,EMIS,EMIS
F81043,THE LIMES MEDICAL CENTRE,CM16 6TL,51.706176,0.124117,E07000072,E10000012,TPP,TPP
F81044,THE ARDLEIGH SURGERY,CO7 7LD,51.927084,0.985127,E07000076,E10000012,EMIS,EMIS
F81045,THE NEW SURGERY,CM12 0AH,51.630345,0.421105,E07000066,E10000012,TPP,TPP
F81046,DR KRISHNAN & PTNR - KENT ELMS HC,SS9 5UU,51.563836,0.664142,E06000033,E99999999,TPP,TPP
F81047,THE HAMILTON PRACTICE,CM18 6LY,51.757005,0.114548,E07000073,E10000012,TPP,TPP
F81048,LOUGHTON HEALTH CENTRE,IG10 1HW,51.648863,0.054941,E07000072,E10000012,EMIS,EMIS
F81049,ONGAR HEALTH CENTRE,CM5 0AL,51.716943,0.246305,E07000072,E10000012,TPP,TPP
F81051,THIRD AVENUE HEALTH CENTRE,SS8 9SU,51.525227,0.566846,E07000069,E10000012,TPP,TPP
F81052,ST. JAMES SURGERY,CO15 1DA,51.787337,1.147465,E07000076,E10000012,EMIS/EVERGREENLIFE,EMIS
F81053,PEACOCK SURGERY,CM24 8XG,51.902094,0.200188,E07000077,E10000012,EMIS,EMIS
F81055,MOUNT AVENUE SURGERY,CM13 2NL,51.630891,0.331483,E07000068,E10000012,TPP,TPP
F81056,OLD HARLOW HEALTH CENTRE,CM17 0AX,51.784044,0.134066,E07000073,E10000012,TPP,TPP
F81057,WHITLEY HOUSE SURGERY,CM1 3RW,51.726484,0.455749,E07000070,E10000012,TPP,TPP
F81060,AEGIS MEDICAL CENTRE,SS14 2ER,51.575671,0.467964,E07000066,E10000012,TPP,TPP
F81061,CONNER & PARTNERS,SS5 6JH,51.623978,0.612859,E07000075,E10000012,TPP,TPP
F81062,CHIGWELL MEDICAL CENTRE,IG6 2TA,51.605511,0.083903,E09000026,E99999999,TPP,TPP
F81065,WILLIAM HARVEY SURGERY,SS6 9HR,51.593353,0.597989,E07000075,E10000012,TPP,TPP
F81066,THE GREENSWARD SURGERY,SS5 5HQ,51.60717,0.668382,E07000075,E10000012,TPP,TPP
F81067,AMBROSE AVENUE GROUP PRACTICE,CO3 4LN,51.880642,0.862825,E07000071,E10000012,TPP,TPP
F81068,THE ELIZABETH COURTAULD SURGERY,CO9 1EX,51.941436,0.638158,E07000067,E10000012,TPP,TPP
F81069,WINSTREE MEDICAL PRACTICE,CO3 0PZ,51.884038,0.841809,E07000071,E10000012,TPP,TPP
F81071,RIVERMEAD GATE MED.CTR.,CM1 1TR,51.740855,0.472912,E07000070,E10000012,TPP,TPP
F81072,"HIGH STREET SURGERY, EPPING",CM16 4DA,51.700812,0.113402,E07000072,E10000012,TPP,TPP
F81075,THE HOLLIES,SS7 2NA,51.555326,0.610581,E07000069,E10000012,TPP,TPP
F81076,THE TOLLESBURY PRACTICE,CM9 8RG,51.758668,0.831636,E07000074,E10000012,TPP,TPP
F81078,CHURCH LANGLEY MEDICAL PRACTICE,CM17 9TG,51.767476,0.132734,E07000073,E10000012,TPP,TPP
F81080,THE BILLERICAY MEDICAL PRACTICE,CM12 0BJ,51.631233,0.42254,E07000066,E10000012,TPP,TPP
F81081,THE QUEENSWAY SURGERY,SS1 2AB,51.541789,0.714042,E06000033,E99999999,TPP,TPP
F81082,THE RIGG-MILNER MEDICAL CENTRE,RM18 8SD,51.480071,0.415674,E06000034,E99999999,TPP,TPP
F81083,BEAUCHAMP HOUSE,CM2 0DB,51.729972,0.476807,E07000070,E10000012,TPP,TPP
F81085,"DR A NAEEM & PARTNERS,THE NEW SURGERY",CM15 8AB,51.621757,0.307263,E07000068,E10000012,TPP,TPP
F81086,CENTRAL SURGERY - SOUTHCHURCH BLVD,SS2 4UB,51.542194,0.739566,E06000033,E99999999,TPP,TPP
F81087,MOUNT CHAMBERS MEDICAL PRACTICE,CM7 9BY,51.879954,0.554024,E07000067,E10000012,TPP,TPP
F81088,SOUTHEND ROAD SURGERY,SS17 7QQ,51.524148,0.458085,E06000034,E99999999,TPP,TPP
F81089,WAKERING MEDICAL CTR.,SS3 0HX,51.553877,0.79336,E07000075,E10000012,TPP,TPP
F81090,ANGEL LANE SURGERY,CM6 1AQ,51.871967,0.362573,E07000077,E10000012,EMIS,EMIS
F81091,EAST HILL SURGERY,CO1 2RW,51.89004,0.909355,E07000071,E10000012,EMIS,EMIS
F81092,DR SOORIAKUMARAN,SS2 6RL,51.557792,0.698763,E06000033,E99999999,TPP,TPP
F81095,ABBEY FIELD MEDICAL CENTRE,CO2 7UW,51.877499,0.898604,E07000071,E10000012,TPP,TPP
F81096,OAKLANDS SURGERY,SS8 0JA,51.520226,0.591014,E07000069,E10000012,TPP,TPP
F81097,THE VALKYRIE SURGERY,SS0 8BU,51.539381,0.690923,E06000033,E99999999,TPP,TPP
F81098,THE WRITTLE SURGERY,CM1 3EH,51.732486,0.426574,E07000070,E10000012,TPP,TPP
F81099,BLACKWATER MEDICAL CENTRE,CM9 5GP,51.728386,0.680979,E07000074,E10000012,TPP,TPP
F81100,BEACON HEALTH GROUP-DANBURY MEDICAL CTR,CM3 4QL,51.716675,0.587593,E07000070,E10000012,TPP,TPP
F81101,ESSEX WAY SURGERY,SS7 1LT,51.545285,0.565537,E07000069,E10000012,TPP,TPP
F81102,ROCKLEIGH COURT SURGERY,CM15 8NN,51.630263,0.326899,E07000068,E10000012,TPP,TPP
F81104,CHAPEL STREET SURGERY,CM12 9LR,51.623209,0.418732,E07000066,E10000012,TPP,TPP
F81105,LITTLE WALTHAM & GT NOTLEY SURGERY,CM3 3LL,51.787586,0.477501,E07000070,E10000012,TPP,TPP
F81106,THE ROSS PRACTICE,CM18 6LY,51.757005,0.114548,E07000073,E10000012,TPP,TPP
F81108,LAINDON MEDICAL GROUP,SS15 5TR,51.573333,0.423517,E07000066,E10000012,TPP,TPP
F81110,TILBURY HEALTH CENTRE,RM18 8EB,51.460989,0.36625,E06000034,E99999999,TPP,TPP
F81112,HIGHLANDS SURGERY,SS9 2SQ,51.548009,0.637368,E06000033,E99999999,TPP,TPP
F81113,CHAFFORD HUNDRED MEDICAL CENTRE,RM16 6RS,51.490115,0.304025,E06000034,E99999999,TPP,TPP
F81114,BADDOW VILLAGE SURGERY,CM2 7EZ,51.719269,0.503587,E07000070,E10000012,TPP,TPP
F81115,CREFFIELD MEDICAL GROUP,CO2 7GH,51.88183,0.892547,E07000071,E10000012,TPP,TPP
F81116,COLNE MEDICAL CENTRE,CO7 0DT,51.809863,1.021508,E07000076,E10000012,EMIS,EMIS
F81117,SUTHERLAND LODGE SURGERY,CM2 7PY,51.725668,0.482596,E07000070,E10000012,TPP/EVERGREENLIFE,TPP
F81118,JOHN TASKER HOUSE SURGERY,CM6 1BH,51.870145,0.363291,E07000077,E10000012,TPP,TPP
F81119,THE PUMP HOUSE SURGERY,CO6 2SW,51.926636,0.695241,E07000067,E10000012,TPP,TPP
F81120,NUFFIELD HOUSE HEALTH CENTRE,CM20 3AX,51.774445,0.112855,E07000073,E10000012,TPP,TPP
F81121,SOUTHEND COASTAL SURGERIES - THORPE BAY,SS1 3HD,51.534603,0.758016,E06000033,E99999999,TPP,TPP
F81122,CHELMER MEDICAL PARTNERSHIP,CM1 4HW,51.74932,0.459539,E07000070,E10000012,TPP,TPP
F81123,AUDLEY MILLS SURGERY,SS6 7JF,51.584983,0.607155,E07000075,E10000012,TPP,TPP
F81125,CHURCH VIEW SURGERY,SS5 4PZ,51.600376,0.656272,E07000075,E10000012,TPP,TPP
F81126,BURNHAM SURGERY,CM0 8SJ,51.632148,0.814542,E07000074,E10000012,TPP,TPP
F81128,EASTWOOD GROUP PRACTICE,SS9 5UU,51.563836,0.664142,E06000033,E99999999,TPP,TPP
F81130,WILLIAM FISHER MED.CTR.,CM0 7AY,51.662835,0.826913,E07000074,E10000012,TPP,TPP
F81131,THAXTED SURGERY,CM6 2QN,51.955198,0.343485,E07000077,E10000012,EMIS,EMIS
F81132,BLANDFORD MEDICAL CENTRE,CM7 2AE,51.878904,0.541061,E07000067,E10000012,TPP,TPP
F81133,TIPTREE MEDICAL CENTRE,CO5 0HB,51.810249,0.751269,E07000071,E10000012,TPP,TPP
F81134,PEARTREE SURGERY & WEST HORNDON SURGERY,RM15 6PR,51.524058,0.296584,E06000034,E99999999,TPP,TPP
F81136,THE LOUGHTON SURGERY,IG10 1SZ,51.648839,0.060404,E07000072,E10000012,TPP,TPP
F81137,ORSETT SURGERY,RM16 3ET,51.511086,0.366423,E06000034,E99999999,TPP,TPP
F81141,ROWHEDGE SURGERY,CO5 7HP,51.857681,0.945087,E07000071,E10000012,TPP,TPP
F81142,ST GEORGES MEDICAL PRACTICE,SS7 4EA,51.570737,0.548194,E07000069,E10000012,TPP,TPP
F81144,THE PALL MALL SURGERY,SS9 3NG,51.547312,0.663407,E06000033,E99999999,TPP,TPP
F81147,DR NAVIN KUMAR,SS0 7AF,51.544993,0.7019,E06000033,E99999999,TPP,TPP
F81149,THE LAURELS SURGERY,CM3 3DX,51.758525,0.544191,E07000070,E10000012,TPP,TPP
F81150,BALLARDS WALK SURGERY,SS15 5HL,51.573232,0.441841,E07000066,E10000012,TPP,TPP
F81152,FOREST PRACTICE,IG10 2NH,51.654792,0.075262,E07000072,E10000012,TPP,TPP
F81153,HASSENGATE MEDICAL CENTRE,SS17 0PH,51.519318,0.427438,E06000034,E99999999,TPP,TPP
F81155,BALFOUR MEDICAL CENTRE,RM17 5NS,51.486276,0.338057,E06000034,E99999999,TPP,TPP
F81156,RANWORTH SURGERY,CO15 1NJ,51.791701,1.149742,E07000076,E10000012,TPP/EVERGREENLIFE,TPP
F81158,DR NASAH & PARTNERS,SS13 3HQ,51.567734,0.505558,E07000066,E10000012,TPP,TPP
F81159,SOUTHEND MEDICAL CENTRE,SS1 1NX,51.540073,0.708545,E06000033,E99999999,TPP,TPP
F81163,THE NEW FOLLY SURGERY,CM4 0FA,51.669624,0.384799,E07000068,E10000012,TPP,TPP
F81164,WEST ROAD SURGERY,SS0 7AF,51.544993,0.7019,E06000033,E99999999,TPP,TPP
F81165,PALMERSTON ROAD SURGERY,IG9 5LT,51.626872,0.044845,E07000072,E10000012,TPP,TPP
F81169,KINGS MEDICAL CENTRE,IG9 5LP,51.626231,0.042952,E07000072,E10000012,TPP,TPP
F81170,KINGSWAY SURGERY,CM3 5QP,51.653143,0.605168,E07000070,E10000012,TPP,TPP
F81173,DOUGLAS GROVE SURGERY,CM8 1TE,51.802296,0.622753,E07000067,E10000012,TPP,TPP
F81176,NORTH AVENUE SURGERY,SS2 4EQ,51.546622,0.735216,E06000033,E99999999,TPP,TPP
F81177,NEERA MEDICAL CENTRE,SS17 0BY,51.513649,0.427165,E06000034,E99999999,TPP,TPP
F81181,ADDISON HOUSE - HAQUE PRACTICE,CM20 1DS,51.770896,0.089006,E07000073,E10000012,TPP,TPP
F81183,THE DENGIE MEDICAL PARTNERSHIP,CM0 7TH,51.69335,0.882461,E07000074,E10000012,TPP,TPP
F81184,ABRIDGE SURGERY,RM4 1UD,51.652544,0.122534,E07000072,E10000012,TPP,TPP
F81186,FELMORES MEDICAL CENTRE,SS13 1PN,51.579053,0.507364,E07000066,E10000012,TPP,TPP
F81192,STIFFORD CLAYS MEDICAL CENTRE,RM16 2AP,51.497622,0.3292,E06000034,E99999999,TPP,TPP
F81193,WITHAM HEALTH CENTRE,CM8 2UX,51.800567,0.642902,E07000067,E10000012,TPP,TPP
F81197,SANCTA MARIA MEDICAL CENTRE,RM15 5SZ,51.507882,0.284011,E06000034,E99999999,TPP,TPP
F81198,HORNDON-ON-THE-HILL SURGERY,SS17 8LB,51.523749,0.405745,E06000034,E99999999,TPP,TPP
F81205,GHAURI PRACTICE,SS8 0EX,51.517983,0.571167,E07000069,E10000012,TPP,TPP
F81206,COMMONWEALTH HEALTH CENTRE,RM18 7RB,51.463166,0.36308,E06000034,E99999999,TPP,TPP
F81207,WESTCLIFF MEDICAL CENTRE,SS0 8BU,51.539381,0.690923,E06000033,E99999999,TPP,TPP
F81211,DR YADAVA N PRACTICE,RM17 6SP,51.476821,0.333253,E06000034,E99999999,TPP,TPP
F81212,OLD ROAD SURGERY,CO15 3AU,51.795477,1.148453,E07000076,E10000012,TPP,TPP
F81213,THORPE SURGERY,CO16 0EA,51.857976,1.161633,E07000076,E10000012,EMIS,EMIS
F81215,DEAL TREE HEALTH CENTRE,CM15 0HU,51.672339,0.291378,E07000068,E10000012,TPP,TPP
F81216,THE RIVER SURGERY,IG9 6BN,51.628795,0.051621,E07000072,E10000012,TPP,TPP
F81219,DELL MEDICAL CENTRE,RM17 5HB,51.480259,0.328142,E06000034,E99999999,TPP,TPP
F81221,FRONKS RD FAMILY SURGERY,CO12 3RS,51.932322,1.27278,E07000076,E10000012,EMIS,EMIS
F81222,QUEENS PARK SURGERY,CM12 0UA,51.63734,0.413774,E07000066,E10000012,TPP,TPP
F81223,DR MALIK - KENT ELMS HC,SS9 5UU,51.563836,0.664142,E06000033,E99999999,TPP,TPP
F81606,HAREWOOD SURGERY,CO12 5AD,51.905906,1.192933,E07000076,E10000012,EMIS,EMIS
F81613,DR KUMAR & PTNR - SHOEBURY HC,SS3 9BX,51.529885,0.787522,E06000033,E99999999,TPP,TPP
F81618,HIGH ROAD FAMILY DOCTORS,SS7 5LN,51.549292,0.562834,E07000069,E10000012,TPP,TPP
F81619,SYDENHAM HOUSE SURGERY,CM20 3NT,51.769232,0.112221,E07000073,E10000012,TPP,TPP
F81623,KADIM PRIMECARE MEDICAL CENTRE,RM17 6DB,51.479903,0.33063,E06000034,E99999999,TPP,TPP
F81632,DR YASIN SA PRACTICE,RM15 5LP,51.508245,0.28289,E06000034,E99999999,TPP,TPP
F81633,LAWFORD SURGERY,CO11 2HD,51.940655,1.049706,E07000076,E10000012,EMIS,EMIS
F81635,COLLINGWOOD ROAD SURGERY,CM8 2DZ,51.803127,0.638265,E07000067,E10000012,TPP,TPP
F81636,MILL ROAD SURGERY,CO4 5LE,51.912447,0.896088,E07000071,E10000012,TPP,TPP
F81640,ARYAN MEDICAL CENTRE,SS13 1PN,51.579053,0.507364,E07000066,E10000012,TPP,TPP
F81641,MILTON ROAD AND THE GRAYS SURGERY,RM17 6HU,51.475089,0.322594,E06000034,E99999999,TPP,TPP
F81645,ROSE VILLA SURGERY,SS13 3DW,51.566235,0.506644,E07000066,E10000012,TPP,TPP
F81649,SHOEBURY PRACTICE,SS3 9BX,51.529885,0.787522,E06000033,E99999999,TPP,TPP
F81652,MEDIC HOUSE,RM18 7RJ,51.462933,0.362161,E06000034,E99999999,TPP,TPP
F81656,WARRIOR SQUARE SURGERY,SS1 2JJ,51.539537,0.716532,E06000033,E99999999,TPP,TPP
F81665,CHELMER VILLAGE SURGERY,CM2 6ST,51.735103,0.505447,E07000070,E10000012,TPP,TPP
F81666,DR SHARMA & PARTNERS,SS15 4EZ,51.588184,0.447623,E07000066,E10000012,TPP,TPP
F81669,DERRY COURT MEDICAL PRACTICE,RM15 5GN,51.509311,0.281272,E06000034,E99999999,TPP,TPP
F81674,GREENWOOD AND WYNCROFT SURGERY,CM3 4EY,51.693182,0.581549,E07000070,E10000012,TPP,TPP
F81675,THE PRACTICE LEECON WAY,SS4 1TU,51.588074,0.697597,E07000075,E10000012,TPP/EVERGREENLIFE,TPP
F81679,HIGHWOODS SURGERY,CO4 9SR,51.911098,0.918264,E07000071,E10000012,TPP,TPP
F81681,CLACTON COMMUNITY PRACTICES,CO15 2NB,51.780632,1.117925,E07000076,E10000012,TPP/EVERGREENLIFE,TPP
F81683,BLYTH'S MEADOW SURGERY,CM7 3JN,51.877142,0.560097,E07000067,E10000012,TPP,TPP
F81690,ASHINGDON MEDICAL CENTRE,SS4 3BW,51.600753,0.690247,E07000075,E10000012,TPP,TPP
F81696,THE LEIGH SURGERY,SS9 4JQ,51.555508,0.656182,E06000033,E99999999,TPP,TPP
F81697,DR DEVARAJA VC PRACTICE,SS17 7DZ,51.520016,0.44362,E06000034,E99999999,TPP,TPP
F81700,CANVEY VILLAGE SURGERY,SS8 0JH,51.5195,0.565933,E07000069,E10000012,TPP,TPP
F81704,DOWNHALL PARK SURGERY,SS6 9QD,51.602854,0.603861,E07000075,E10000012,TPP,TPP
F81707,FRYERNS MEDICAL CENTRE,SS14 3SS,51.578502,0.489768,E07000066,E10000012,TPP,TPP
F81708,SAI MEDICAL CENTRE,RM18 7QA,51.46174,0.357521,E06000034,E99999999,TPP,TPP
F81711,KNIGHTS SURGERY,SS14 3GR,51.578804,0.448476,E07000066,E10000012,TPP,TPP
F81713,BENFLEET SURGERY,SS7 1ED,51.555028,0.561266,E07000069,E10000012,TPP,TPP
F81716,TOLLGATE HEALTH CENTRE,CO3 8NZ,51.88593,0.830112,E07000071,E10000012,TPP,TPP
F81725,MAYNARD COURT SURGERY,EN9 3DU,51.685608,0.020192,E07000072,E10000012,TPP,TPP
F81729,MATCHING GREEN SURGERY,SS14 2PB,51.582854,0.481273,E07000066,E10000012,TPP,TPP
F81730,THE COGGESHALL SURGERY,CO6 1UH,51.872947,0.68498,E07000067,E10000012,TPP,TPP
F81732,SWANWOOD PARTNERSHIP,SS12 0AG,51.613493,0.520211,E07000066,E10000012,TPP,TPP
F81737,THE HIGHWOOD SURGERY,CM15 9DY,51.626042,0.296471,E07000068,E10000012,TPP,TPP
F81739,THE ISLAND SURGERY,SS8 0JA,51.520226,0.591014,E07000069,E10000012,TPP,TPP
F81740,THE COMMUNITY PRACTICE,SS8 0JA,51.520226,0.591014,E07000069,E10000012,TPP,TPP
F81741,NORTH CLACTON MEDICAL PRACTICE,CO15 4TN,51.818131,1.16263,E07000076,E10000012,TPP,TPP
F81744,SCOTT PARK SURGERY,SS2 6XY,51.571083,0.669762,E06000033,E99999999,TPP,TPP
F81746,BLUEBELL SURGERY,CO4 9YN,51.916484,0.92193,E07000071,E10000012,TPP,TPP
F81749,MARKET SQUARE SURGERY,EN9 1NP,51.685326,0.002008,E07000072,E10000012,TPP,TPP
F81751,THE TRINITY MEDICAL PRACTICE,CM3 6AB,51.684988,0.760334,E07000074,E10000012,TPP,TPP
F81757,THE RIVERSIDE HEALTH CTR,CO11 1AA,51.945737,1.060762,E07000076,E10000012,TPP,TPP
F82001,HALBUTT STREET SURGERY,RM9 5AS,51.547022,0.146769,E09000002,E99999999,EMIS,EMIS
F82002,HAIDERIAN MEDICAL CENTRE,RM14 2YN,51.5495,0.247322,E09000016,E99999999,EMIS,EMIS
F82003,FIRST AVENUE SURGERY,RM10 9AT,51.529575,0.15757,E09000002,E99999999,EMIS,EMIS
F82005,DR M GOYAL'S PRACTICE,RM10 9RR,51.540145,0.155935,E09000002,E99999999,EMIS,EMIS
F82006,CRANHAM VILLAGE SURGERY,RM14 1BJ,51.562618,0.263421,E09000016,E99999999,EMIS,EMIS
F82007,THE GREEN WOOD PRACTICE,RM3 0DR,51.595328,0.232745,E09000016,E99999999,EMIS,EMIS
F82008,MAYLANDS HEALTHCARE,RM12 4EQ,51.552912,0.190596,E09000016,E99999999,EMIS,EMIS
F82009,NORTH STREET MEDICAL CARE,RM1 4QJ,51.586182,0.173372,E09000016,E99999999,EMIS,EMIS
F82010,PETERSFIELD SURGERY,RM3 9PD,51.605704,0.23285,E09000016,E99999999,EMIS,EMIS
F82011,ST EDWARDS MEDICAL CENTRE,RM1 3DQ,51.580343,0.181768,E09000016,E99999999,EMIS,EMIS
F82013,WESTERN ROAD MEDICAL CENTRE,RM1 3LS,51.578986,0.187519,E09000016,E99999999,EMIS,EMIS
F82014,THE SAHEECHA'S PRACTICES,RM3 9SU,51.606268,0.22492,E09000016,E99999999,EMIS,EMIS
F82015,HEDGEMANS MEDICAL CENTRE,RM9 6HT,51.539757,0.14324,E09000002,E99999999,EMIS,EMIS
F82016,CENTRAL PARK SURGERY,RM3 9SU,51.606268,0.22492,E09000016,E99999999,EMIS,EMIS
F82017,ST ALBANS SURGERY,RM9 6EA,51.537113,0.133368,E09000002,E99999999,EMIS,EMIS
F82018,BARKING MEDICAL GROUP PRACTICE,IG11 9LT,51.541316,0.09728,E09000002,E99999999,EMIS,EMIS
F82019,THE UPSTAIRS SURGERY,RM6 6RT,51.573717,0.140132,E09000002,E99999999,EMIS,EMIS
F82021,THE NEW MEDICAL CENTRE,RM2 5SU,51.574468,0.204043,E09000016,E99999999,EMIS,EMIS
F82022,THE ROSEWOOD MEDICAL CENTRE,RM12 5NJ,51.542637,0.200948,E09000016,E99999999,EMIS,EMIS
F82023,HIGH STREET SURGERY,RM11 3XT,51.561554,0.223589,E09000016,E99999999,EMIS,EMIS
F82025,DR BK JAISWAL'S PRACTICE,RM9 4SR,51.538935,0.125623,E09000002,E99999999,EMIS,EMIS
F82027,FAIRCROSS HEALTH CENTRE,IG11 9LD,51.542863,0.096269,E09000002,E99999999,EMIS,EMIS
F82028,WOOD LANE SURGERY,RM12 5HX,51.544116,0.195929,E09000016,E99999999,EMIS,EMIS
F82030,LYNWOOD MEDICAL CENTRE,RM5 3QL,51.601712,0.164164,E09000016,E99999999,EMIS,EMIS
F82031,THE COLLEGE PRACTICE,RM7 0XR,51.56072,0.175995,E09000002,E99999999,EMIS,EMIS
F82033,DR VM PATEL,RM11 3SZ,51.561113,0.228776,E09000016,E99999999,EMIS,EMIS
F82034,VICTORIA & FIVE ELMS MEDICAL CENTRE,IG11 8GD,51.540927,0.076164,E09000002,E99999999,EMIS/EVERGREENLIFE,EMIS
F82038,DR SZ HAIDER'S PRACTICE,RM8 3RH,51.553078,0.130739,E09000002,E99999999,EMIS,EMIS
F82039,EASTBROOK SURGERY,RM7 0XR,51.56072,0.175995,E09000002,E99999999,EMIS,EMIS
F82040,JOHN SMITH MEDICAL CENTRE,IG11 9LL,51.5389,0.112152,E09000002,E99999999,EMIS,EMIS
F82042,AURORA MEDCARE,IG11 0LG,51.527942,0.103888,E09000002,E99999999,EMIS,EMIS
F82045,CHOWDHURY,RM3 0PT,51.592338,0.233898,E09000016,E99999999,EMIS,EMIS
F82051,LABURNUM HEALTH CENTRE,RM10 7DF,51.560663,0.151235,E09000002,E99999999,EMIS,EMIS
F82055,HORNCHURCH HEALTHCARE,RM11 1XA,51.566748,0.219009,E09000016,E99999999,EMIS,EMIS
F82604,MARKS GATE HEALTH CENTRE,RM6 5LL,51.584645,0.137065,E09000002,E99999999,EMIS,EMIS
F82607,SOUTH HORNCHURCH MEDICAL PRACTICE,RM13 7XJ,51.531228,0.191171,E09000016,E99999999,EMIS,EMIS
F82609,SUTTONS AVENUE SURGERY,RM12 4LF,51.55632,0.21928,E09000016,E99999999,EMIS,EMIS
F82610,DR GUPTA,RM7 8BU,51.582916,0.164714,E09000016,E99999999,EMIS,EMIS
F82612,THE WHITE HOUSE SURGERY,IG11 7UN,51.534005,0.088191,E09000002,E99999999,EMIS,EMIS
F82619,HARLOW ROAD SURGERY,RM13 7UP,51.531936,0.186447,E09000016,E99999999,EMIS,EMIS
F82624,ST GEORGES COUNTRY PARK SURGERY,RM12 6RR,51.548615,0.21729,E09000016,E99999999,EMIS,EMIS
F82625,ABBEY MEDICAL CENTRE,IG11 8RJ,51.542257,0.078243,E09000002,E99999999,EMIS,EMIS
F82627,RAINHAM HEALTH CENTRE,RM13 9AB,51.51933,0.196971,E09000016,E99999999,EMIS,EMIS
F82630,CHASE CROSS MEDICAL CENTRE,RM5 3PJ,51.600118,0.164795,E09000016,E99999999,EMIS,EMIS
F82634,HEATHWAY MEDICAL CENTRE,RM10 9HU,51.535188,0.152139,E09000002,E99999999,EMIS,EMIS
F82638,MODERN MEDICAL CENTRE,RM7 0PX,51.56542,0.177619,E09000016,E99999999,EMIS,EMIS
F82642,GABLES SURGERY,RM8 2LD,51.545703,0.11789,E09000002,E99999999,EMIS,EMIS
F82647,SALISBURY AVENUE SURGERY,IG11 9XQ,51.538805,0.083768,E09000002,E99999999,EMIS,EMIS
F82648,INGREBOURNE MEDICAL CENTRE,RM3 7JJ,51.600308,0.210579,E09000016,E99999999,EMIS,EMIS
F82649,BERWICK SURGERY,RM13 9QU,51.527175,0.213971,E09000016,E99999999,EMIS,EMIS
F82650,DR AA ANSARI'S PRACTICE,IG11 9RS,51.535425,0.094327,E09000002,E99999999,EMIS,EMIS
F82660,TULASI MEDICAL CENTRE,RM8 3XU,51.561006,0.124516,E09000002,E99999999,EMIS,EMIS
F82661,GREEN LANE SURGERY,RM8 1BX,51.561296,0.133778,E09000002,E99999999,EMIS,EMIS
F82663,DR MARKS PRACTICE,RM1 2SH,51.572433,0.191678,E09000016,E99999999,EMIS,EMIS
F82670,ABBAMOOR SURGERY,RM3 9SU,51.606268,0.22492,E09000016,E99999999,EMIS,EMIS
F82671,STRAIGHT ROAD SURGERY,RM3 7JJ,51.600308,0.210579,E09000016,E99999999,EMIS,EMIS
F82674,CRANHAM HEALTH CENTRE,RM14 1RG,51.568867,0.265319,E09000016,E99999999,EMIS,EMIS
F82675,BILLET LANE MEDICAL PRACTICE,RM11 1XA,51.566748,0.219009,E09000016,E99999999,EMIS,EMIS
F82677,BECONTREE MEDICAL CENTRE,RM8 3HP,51.559374,0.141103,E09000002,E99999999,EMIS,EMIS
F82678,DR KM ALKAISY PRACTICE,RM9 6EA,51.537113,0.133368,E09000002,E99999999,EMIS,EMIS
F82679,DR DP SHAH'S PRACTICE,RM10 8EJ,51.545123,0.160064,E09000002,E99999999,EMIS,EMIS
F82680,HIGHGROVE SURGERY,IG11 9LX,51.538565,0.098754,E09000002,E99999999,TPP,TPP
F82686,ASHTON GARDENS SURGERY,RM6 6RT,51.573717,0.140132,E09000002,E99999999,EMIS,EMIS
F83002,RIVER PLACE HEALTH CENTRE,N1 2DE,51.540513,-0.096561,E09000019,E99999999,EMIS,EMIS
F83003,PARK END SURGERY,NW3 2SE,51.556029,-0.165647,E09000007,E99999999,EMIS,EMIS
F83004,ARCHWAY MEDICAL CENTRE,N19 3NU,51.562544,-0.126098,E09000019,E99999999,EMIS,EMIS
F83005,GOWER STREET PRACTICE,WC1E 6DP,51.520122,-0.129801,E09000007,E99999999,EMIS,EMIS
F83006,AMPTHILL & REGENTS PARK PRACTICE,NW1 1TN,51.534602,-0.137267,E09000007,E99999999,EMIS,EMIS
F83008,THE GOODINGE GROUP PRACTICE,N7 9EW,51.548253,-0.125416,E09000019,E99999999,EMIS,EMIS
F83010,ISLINGTON CENTRAL MEDICAL CENTRE,N1 1SW,51.5445,-0.105653,E09000019,E99999999,EMIS,EMIS
F83011,PRIMROSE HILL SURGERY,NW1 8UR,51.542151,-0.156341,E09000007,E99999999,EMIS,EMIS
F83012,ELIZABETH AVENUE GROUP PRACTICE,N1 3BS,51.539025,-0.091878,E09000019,E99999999,EMIS,EMIS
F83015,ST JOHNS WAY MEDICAL CENTRE,N19 3RN,51.568043,-0.130865,E09000019,E99999999,EMIS,EMIS
F83017,HAMPSTEAD GROUP PRACTICE,NW3 2QU,51.553173,-0.16305,E09000007,E99999999,EMIS,EMIS
F83018,PRINCE OF WALES GROUP SURGERY,NW5 3LN,51.546915,-0.147091,E09000007,E99999999,EMIS,EMIS
F83019,ABBEY MEDICAL CENTRE,NW8 0AG,51.537923,-0.185107,E09000007,E99999999,EMIS,EMIS
F83020,ADELAIDE MEDICAL CENTRE,NW3 3RY,51.54355,-0.161231,E09000007,E99999999,EMIS,EMIS
F83021,RITCHIE STREET GROUP PRACTICE,N1 0DG,51.534742,-0.107832,E09000019,E99999999,EMIS,EMIS
F83022,CAVERSHAM GROUP PRACTICE,NW5 2UP,51.550469,-0.13809,E09000007,E99999999,EMIS,EMIS
F83023,JAMES WIGG PRACTICE,NW5 2BX,51.546406,-0.139929,E09000007,E99999999,EMIS,EMIS
F83032,ST PETER'S STREET MEDICAL PRACTICE,N1 8JG,51.535599,-0.100746,E09000019,E99999999,EMIS,EMIS
F83033,BARNSBURY MEDICAL PRACTICE,N1 0AL,51.539323,-0.119236,E09000019,E99999999,EMIS,EMIS
F83034,NEW NORTH HEALTH CENTRE,N1 7AA,51.537536,-0.091566,E09000019,E99999999,EMIS,EMIS
F83039,THE RISE GROUP PRACTICE,N19 3YU,51.571447,-0.124982,E09000019,E99999999,EMIS,EMIS
F83042,GRAY'S INN MEDICAL GROUP CHANCERY LANE,WC1X 8TS,51.522736,-0.114485,E09000007,E99999999,EMIS,EMIS
F83043,RIDGMOUNT PRACTICE,WC1E 7AA,51.520467,-0.13117,E09000007,E99999999,EMIS,EMIS
F83044,THE BLOOMSBURY SURGERY,WC1N 1PD,51.52564,-0.122871,E09000007,E99999999,EMIS,EMIS
F83045,THE MILLER PRACTICE,N5 2ET,51.551421,-0.092139,E09000019,E99999999,EMIS,EMIS
F83048,BRUNSWICK MEDICAL CENTRE UHPC,WC1N 1AF,51.524275,-0.123504,E09000007,E99999999,EMIS/EVERGREENLIFE,EMIS
F83050,GRAY'S INN MEDICAL GROUP WEST HAMPSTEAD,NW6 1DS,51.554656,-0.196601,E09000007,E99999999,EMIS,EMIS
F83052,BROOKFIELD PARK SURGERY,N19 5BZ,51.563724,-0.142656,E09000007,E99999999,EMIS,EMIS
F83053,MILDMAY MEDICAL PRACTICE,N16 9NF,51.552476,-0.085704,E09000012,E99999999,EMIS,EMIS
F83055,WEST HAMPSTEAD MEDICAL CENTRE,NW6 1TP,51.550042,-0.196553,E09000007,E99999999,EMIS,EMIS
F83056,THE MITCHISON ROAD SURGERY,N1 3NG,51.544994,-0.087331,E09000019,E99999999,EMIS/EVERGREENLIFE,EMIS
F83057,PARLIAMENT HILL SURGERY,NW5 1TR,51.555134,-0.145314,E09000007,E99999999,EMIS,EMIS
F83058,HOLBORN MEDICAL CENTRE,WC1N 3NA,51.522234,-0.118514,E09000007,E99999999,EMIS,EMIS
F83059,BRONDESBURY MEDICAL CENTRE,NW6 7JQ,51.543507,-0.200258,E09000005,E99999999,EMIS,EMIS
F83060,THE NORTHERN MEDICAL CENTRE,N7 8GG,51.551098,-0.115519,E09000019,E99999999,EMIS,EMIS
F83061,MUSEUM PRACTICE,WC1B 3BA,51.518187,-0.125801,E09000007,E99999999,EMIS,EMIS
F83063,KILLICK STREET HEALTH CENTRE,N1 9RH,51.534239,-0.119042,E09000019,E99999999,EMIS,EMIS
F83064,CITY ROAD MEDICAL CENTRE,EC1V 2QH,51.527897,-0.09109,E09000019,E99999999,EMIS,EMIS
F83615,CHOLMLEY GARDENS SURGERY,NW6 1AE,51.552264,-0.195398,E09000007,E99999999,EMIS,EMIS
F83623,KEATS GROUP PRACTICE,NW3 1NR,51.555537,-0.171004,E09000007,E99999999,EMIS,EMIS
F83624,CLERKENWELL MEDICAL PRACTICE,EC1R 0LP,51.524866,-0.108818,E09000019,E99999999,EMIS,EMIS
F83632,QUEENS CRESCENT PRACTICE,NW5 4EB,51.54966,-0.151754,E09000007,E99999999,EMIS,EMIS
F83633,GRAY'S INN MEDICAL GROUP HAMPSTEAD,NW3 5BY,51.547954,-0.174352,E09000007,E99999999,EMIS,EMIS
F83635,KINGS CROSS SURGERY,NW1 1HY,51.529918,-0.130581,E09000007,E99999999,EMIS/EVERGREENLIFE,EMIS
F83652,AMWELL GROUP PRACTICE,WC1X 0GB,51.528045,-0.110792,E09000019,E99999999,EMIS,EMIS
F83658,BELSIZE PRIORY MEDICAL PRACTICE (GROUP),NW6 4BJ,51.540533,-0.185234,E09000007,E99999999,EMIS,EMIS
F83660,HIGHBURY GRANGE MEDICAL PRACTICE,N5 2QB,51.555097,-0.095317,E09000019,E99999999,EMIS,EMIS
F83664,THE VILLAGE PRACTICE,N7 7JJ,51.559714,-0.109984,E09000019,E99999999,EMIS,EMIS
F83665,SWISS COTTAGE SURGERY,NW3 3NP,51.54271,-0.172514,E09000007,E99999999,EMIS,EMIS
F83666,THE ANDOVER MEDICAL CENTRE,N7 7QZ,51.561769,-0.116435,E09000019,E99999999,EMIS,EMIS
F83671,THE BEAUMONT PRACTICE,N19 3YU,51.571447,-0.124982,E09000019,E99999999,EMIS,EMIS
F83672,ST PHILIPS MEDICAL CENTRE,WC2A 2AZ,51.513757,-0.115318,E09000033,E99999999,EMIS,EMIS
F83673,THE MEDICAL CENTRE,N7 8DD,51.551078,-0.109794,E09000019,E99999999,EMIS,EMIS
F83674,THE JUNCTION MEDICAL PRACTICE,N19 5EW,51.55718,-0.136546,E09000019,E99999999,EMIS,EMIS
F83678,DR SEGARAJASINGHE,EC1R 0LP,51.524866,-0.108818,E09000019,E99999999,EMIS,EMIS
F83680,SOBELL MEDICAL CENTRE,N7 6NE,51.553869,-0.113356,E09000019,E99999999,EMIS,EMIS
F83681,PARTNERSHIP PRIMARY CARE CENTRE,N7 0SL,51.554719,-0.120967,E09000019,E99999999,EMIS,EMIS
F83683,SOMERS TOWN MEDICAL CENTRE,NW1 1HY,51.529918,-0.130581,E09000007,E99999999,EMIS,EMIS
F83686,STROUD GREEN MEDICAL CENTRE,N4 3PZ,51.570062,-0.114303,E09000019,E99999999,EMIS,EMIS
F84003,LOWER CLAPTON GENERAL PRACTICE,E5 0RD,51.553375,-0.052388,E09000012,E99999999,EMIS,EMIS
F84004,MARKET STREET HEALTH GROUP,E6 2RA,51.530995,0.057516,E09000025,E99999999,EMIS,EMIS
F84006,SHREWSBURY ROAD SURGERY,E7 8QP,51.540929,0.043312,E09000025,E99999999,EMIS,EMIS
F84008,BARTON HOUSE GROUP PRACTICE,N16 9JT,51.560459,-0.083898,E09000012,E99999999,EMIS,EMIS
F84009,STRATFORD VILLAGE SURGERY,E15 4BZ,51.542097,0.006388,E09000025,E99999999,EMIS,EMIS
F84010,ASPIRE MEDICAL CENTRE,E6 1FL,51.532553,0.05019,E09000025,E99999999,EMIS,EMIS
F84012,ALBION HEALTH CENTRE,E1 1BU,51.520018,-0.057631,E09000030,E99999999,EMIS,EMIS
F84013,STAMFORD HILL GROUP PRACTICE,N16 6UA,51.573648,-0.070024,E09000012,E99999999,EMIS,EMIS
F84014,UPTON LANE MEDICAL CENTRE,E7 9PB,51.543298,0.026487,E09000025,E99999999,EMIS,EMIS
F84015,KINGSMEAD HEALTHCARE,E9 5QG,51.551804,-0.034756,E09000012,E99999999,EMIS,EMIS
F84016,THE MISSION PRACTICE,E2 9LS,51.531374,-0.056456,E09000030,E99999999,EMIS,EMIS
F84017,STAR LANE MEDICAL CENTRE,E16 4QH,51.519874,0.010702,E09000025,E99999999,EMIS,EMIS
F84018,THE NIGHTINGALE PRACTICE,E5 8BY,51.558262,-0.062408,E09000012,E99999999,EMIS,EMIS
F84021,LONDON FIELDS MEDICAL CENTRE,E8 4QJ,51.536585,-0.061583,E09000012,E99999999,EMIS,EMIS
F84022,STRATFORD HEALTH CENTRE,E15 1EN,51.544965,0.004856,E09000025,E99999999,EMIS,EMIS
F84025,GOUGH WALK PRACTICE,E14 0EY,51.510478,-0.012598,E09000030,E99999999,EMIS,EMIS
F84030,RUSTON STREET CLINIC,E3 2LR,51.536265,-0.027278,E09000030,E99999999,EMIS,EMIS
F84031,THE JUBILEE STREET PRACTICE LTD,E1 0LS,51.513597,-0.050526,E09000030,E99999999,EMIS,EMIS
F84033,SOMERFORD GROVE PRACTICE,N16 7UA,51.553799,-0.072594,E09000012,E99999999,EMIS,EMIS
F84034,ST. STEPHENS HEALTH CENTRE,E3 5ED,51.532455,-0.031163,E09000030,E99999999,EMIS,EMIS
F84035,RICHMOND ROAD MEDICAL CENTRE,E8 3HN,51.543053,-0.065505,E09000012,E99999999,EMIS,EMIS
F84036,THE CEDAR PRACTICE,N4 2NU,51.568533,-0.093732,E09000012,E99999999,EMIS,EMIS
F84038,BEECHWOOD MEDICAL CENTRE,E8 3AH,51.546087,-0.070656,E09000012,E99999999,EMIS,EMIS
F84039,GOODMAN'S FIELD HEALTH CENTRE,E1 8ZF,51.513471,-0.068489,E09000030,E99999999,EMIS/EVERGREENLIFE,EMIS
F84044,HARLEY GROVE MEDICAL CTR.,E3 2AT,51.527964,-0.027752,E09000030,E99999999,EMIS,EMIS
F84047,CUSTOM HOUSE SURGERY,E16 3NA,51.512808,0.025206,E09000025,E99999999,EMIS,EMIS
F84050,BOLEYN MEDICAL CENTRE,E6 3BD,51.531234,0.044868,E09000025,E99999999,EMIS,EMIS
F84051,STROUTS PLACE MEDICAL CENTRE,E2 7QU,51.529481,-0.074126,E09000030,E99999999,EMIS,EMIS
F84052,ESSEX LODGE,E13 0AS,51.527917,0.026713,E09000025,E99999999,EMIS,EMIS
F84053,GREENGATE MEDICAL CENTRE,E13 8PS,51.525211,0.027688,E09000025,E99999999,EMIS,EMIS
F84054,THE LIMEHOUSE PRACTICE,E14 8HQ,51.511254,-0.02872,E09000030,E99999999,EMIS,EMIS
F84055,THE GROVE ROAD SURGERY,E3 5TW,51.529787,-0.038847,E09000030,E99999999,EMIS,EMIS
F84060,ATHENA MEDICAL CENTRE,E5 0QP,51.554945,-0.05323,E09000012,E99999999,EMIS,EMIS
F84062,THE CHRISP STREET HTH CTR,E14 6PG,51.514212,-0.014309,E09000030,E99999999,EMIS,EMIS
F84063,DALSTON PRACTICE,E8 1PG,51.547774,-0.06718,E09000012,E99999999,EMIS,EMIS
F84069,WELL STREET SURGERY,E9 7TA,51.539363,-0.052842,E09000012,E99999999,EMIS,EMIS
F84070,LATHOM ROAD MEDICAL CENTRE,E6 2DU,51.538067,0.052701,E09000025,E99999999,EMIS,EMIS
F84072,DE BEAUVOIR SURGERY,N1 5QT,51.538459,-0.078188,E09000012,E99999999,EMIS,EMIS
F84074,WORDSWORTH HEALTH CENTRE,E12 6SU,51.541576,0.049009,E09000025,E99999999,EMIS,EMIS
F84077,NEWHAM VICARAGE PRACTICE,E15 4ES,51.541414,0.01005,E09000025,E99999999,EMIS,EMIS
F84079,THE WAPPING GROUP PRACTICE,E1W 2RL,51.506137,-0.058928,E09000030,E99999999,EMIS,EMIS
F84080,FOUNTAYNE ROAD MEDICAL PRACTICE,N16 7EA,51.564422,-0.065119,E09000012,E99999999,EMIS,EMIS
F84081,THE SPITALFIELDS PRACTICE,E1 5PB,51.517356,-0.069578,E09000030,E99999999,EMIS,EMIS
F84083,BETHNAL GREEN HEALTH CTR.,E2 6LL,51.526917,-0.064229,E09000030,E99999999,EMIS,EMIS
F84086,THE FOREST PRACTICE,E7 0EP,51.55052,0.02489,E09000025,E99999999,EMIS,EMIS
F84087,HARFORD HEALTH CENTRE,E1 4FG,51.51839,-0.038112,E09000030,E99999999,EMIS,EMIS
F84088,PLASHET ROAD MEDICAL CENTRE,E13 0QT,51.537492,0.03305,E09000025,E99999999,EMIS,EMIS
F84092,GLEN ROAD MEDICAL CENTRE,E13 8RU,51.522222,0.032557,E09000025,E99999999,EMIS,EMIS
F84093,TOLLGATE MEDICAL CENTRE,E6 5JS,51.515574,0.056389,E09000025,E99999999,EMIS,EMIS
F84096,THE LAWSON PRACTICE,N1 5HZ,51.533777,-0.079438,E09000012,E99999999,EMIS,EMIS
F84097,CLAREMONT CLINIC,E7 8AB,51.5475,0.033611,E09000025,E99999999,EMIS,EMIS
F84105,THE LEA SURGERY,E9 6AG,51.548274,-0.043086,E09000012,E99999999,EMIS,EMIS
F84111,ABBEY ROAD MEDICAL PRACTICE,E15 3LT,51.534785,0.005908,E09000025,E99999999,EMIS,EMIS
F84114,CITY SQUARE MEDICAL GROUP,E1 2QA,51.513746,-0.055203,E09000030,E99999999,EMIS,EMIS
F84115,THE STATHAM GROVE SURGERY,N16 9DP,51.557465,-0.089433,E09000012,E99999999,EMIS,EMIS
F84117,QUEENSBRIDGE GROUP PRACTICE,E8 3XP,51.541469,-0.071456,E09000012,E99999999,EMIS,EMIS
F84118,WELLINGTON WAY HEALTH CENTRE,E3 4NE,51.525918,-0.024813,E09000030,E99999999,EMIS,EMIS
F84119,THE HERON PRACTICE,N4 2NU,51.568533,-0.093732,E09000012,E99999999,EMIS,EMIS
F84121,E12 HEALTH,E12 6AQ,51.547786,0.05386,E09000025,E99999999,EMIS,EMIS
F84122,XX PLACE HEALTH CENTRE,E1 4DG,51.525049,-0.042179,E09000030,E99999999,EMIS,EMIS
F84123,SUTTONS WHARF HEALTH CENTRE,E2 0FA,51.529189,-0.041814,E09000030,E99999999,EMIS,EMIS
F84124,THE PROJECT SURGERY,E13 0LN,51.532275,0.020663,E09000025,E99999999,EMIS,EMIS
F84601,ELSDALE STREET SURGERY,E9 6QY,51.543033,-0.049094,E09000012,E99999999,EMIS,EMIS
F84619,THE RIVERSIDE PRACTICE,E5 9BQ,51.565297,-0.051201,E09000012,E99999999,EMIS,EMIS
F84620,THE WICK HEALTH CENTRE,E9 5TD,51.548067,-0.037672,E09000012,E99999999,EMIS,EMIS
F84621,SANDRINGHAM PRACTICE,E8 1PG,51.547774,-0.06718,E09000012,E99999999,EMIS,EMIS
F84632,THE GREENHOUSE WALK-IN,E9 7SN,51.538828,-0.055316,E09000012,E99999999,EMIS,EMIS
F84635,SHOREDITCH PARK SURGERY,N1 5DR,51.533529,-0.086802,E09000012,E99999999,EMIS,EMIS
F84636,THE SURGERY (BARRETTS GROVE),N16 8AR,51.552201,-0.078258,E09000012,E99999999,EMIS,EMIS
F84640,THE NEAMAN PRACTICE,EC1A 7HF,51.519123,-0.097871,E09000001,E99999999,EMIS,EMIS
F84641,BIRCHDALE ROAD MEDICAL CENTRE,E7 8AR,51.54676,0.038453,E09000025,E99999999,EMIS,EMIS
F84642,LUCAS AVENUE PRACTICE,E13 0QP,51.536291,0.030733,E09000025,E99999999,EMIS,EMIS
F84647,ROSERTON STREET SURGERY,E14 3PG,51.498483,-0.010022,E09000030,E99999999,EMIS,EMIS
F84656,DOCKLANDS MEDICAL CENTRE,E14 9WU,51.491152,-0.021117,E09000030,E99999999,EMIS,EMIS
F84658,SANGAM PRACTICE,E12 5JF,51.554082,0.055297,E09000025,E99999999,EMIS,EMIS
F84660,DR CM PATEL'S SURGERY,E7 8LZ,51.540967,0.035411,E09000025,E99999999,EMIS,EMIS
F84666,THE RUIZ MEDICAL PRACTICE,E16 1HT,51.511928,0.013623,E09000025,E99999999,EMIS,EMIS
F84668,THE CLAPTON SURGERY,E5 9BQ,51.565297,-0.051201,E09000012,E99999999,EMIS,EMIS
F84669,CENTRAL PARK SURGERY,E6 1FL,51.532553,0.05019,E09000025,E99999999,EMIS,EMIS
F84670,WESTBURY ROAD MEDICAL PRACTICE,E7 8BU,51.545788,0.030218,E09000025,E99999999,EMIS,EMIS
F84672,FIRST 4 HEALTH GROUP - E7 HEALTH,E7 0EP,51.55052,0.02489,E09000025,E99999999,EMIS,EMIS
F84677,EAST END MEDICAL CENTRE,E13 0QA,51.537312,0.025255,E09000025,E99999999,EMIS,EMIS
F84681,BALAAM STREET PRACTICE,E13 8AF,51.526725,0.023834,E09000025,E99999999,EMIS/EVERGREENLIFE,EMIS
F84686,THE SURGERY (CRANWICH ROAD),N16 5JF,51.573659,-0.081626,E09000012,E99999999,EMIS,EMIS
F84692,THE HOXTON SURGERY,N1 5DR,51.533529,-0.086802,E09000012,E99999999,EMIS,EMIS
F84694,THE SURGERY (BROOKE ROAD),N16 7LR,51.560054,-0.070729,E09000012,E99999999,EMIS,EMIS
F84696,TREDEGAR PRACTICE,E3 5JD,51.53114,-0.03158,E09000030,E99999999,EMIS,EMIS
F84698,ABERFELDY PRACTICE,E14 0XA,51.512639,-0.005312,E09000030,E99999999,EMIS,EMIS
F84710,ISLAND HEALTH,E14 3BQ,51.495358,-0.013486,E09000030,E99999999,EMIS,EMIS
F84716,THE ALLERTON ROAD SURGERY,N16 5UF,51.565726,-0.090357,E09000012,E99999999,EMIS,EMIS
F84717,ROYAL DOCKS MEDICAL PRACTICE,E6 5NA,51.509461,0.062959,E09000025,E99999999,EMIS,EMIS
F84718,THE BLITHEHALE MED.CTR.,E2 6JA,51.523776,-0.065169,E09000030,E99999999,EMIS,EMIS
F84719,LATIMER HEALTH CENTRE,E9 6RT,51.546591,-0.049476,E09000012,E99999999,EMIS,EMIS
F84720,HEALY MEDICAL CENTRE,E5 9DH,51.567018,-0.060031,E09000012,E99999999,EMIS,EMIS
F84724,WOODGRANGE MEDICAL PRACTICE,E7 0QH,51.548598,0.02528,E09000025,E99999999,EMIS,EMIS
F84729,THE MANOR PARK PRACTICE,E12 5JG,51.55393,0.057339,E09000025,E99999999,EMIS,EMIS
F84730,THE VICARAGE LANE SURGERY,E15 4ES,51.541414,0.01005,E09000025,E99999999,EMIS,EMIS
F84731,ST. KATHERINE'S DOCK PRACTICE,E1W 1UA,51.506984,-0.068259,E09000030,E99999999,EMIS,EMIS
F84733,HEALTH E1,E1 6PU,51.518305,-0.071499,E09000030,E99999999,EMIS,EMIS
F84735,THE AZAD PRACTICE,E6 3BD,51.531234,0.044868,E09000025,E99999999,EMIS,EMIS
F84739,E12 MEDICAL CENTRE,E12 6SJ,51.540858,0.050447,E09000025,E99999999,EMIS,EMIS
F84740,NEWHAM TRANSITIONAL PRACTICE,E12 6AQ,51.547786,0.05386,E09000025,E99999999,EMIS,EMIS
F84741,PLASHET HARMONY PRACTICE,E7 8QR,51.539589,0.045386,E09000025,E99999999,EMIS,EMIS
F84747,THE BARKANTINE PRACTICE,E14 8JH,51.500807,-0.025698,E09000030,E99999999,EMIS,EMIS
F84749,CARPENTERS PRACTICE,E15 2JA,51.537245,-0.003342,E09000025,E99999999,EMIS/EVERGREENLIFE,EMIS
F85002,MEDICUS HEALTH PARTNERS,N9 7HD,51.632548,-0.054144,E09000010,E99999999,EMIS,EMIS
F85004,EAGLE HOUSE SURGERY,EN3 4DN,51.6479,-0.046157,E09000010,E99999999,EMIS,EMIS
F85007,LAWRENCE HOUSE SURGERY,N15 4JR,51.589105,-0.078681,E09000014,E99999999,EMIS,EMIS
F85008,STAUNTON GROUP PRACTICE,N22 8HE,51.599344,-0.112802,E09000014,E99999999,EMIS,EMIS
F85010,KEATS SURGERY,N9 9HJ,51.628867,-0.076885,E09000010,E99999999,EMIS,EMIS
F85013,TYNEMOUTH MEDICAL PRACTICE,N15 4RH,51.586254,-0.068306,E09000014,E99999999,EMIS,EMIS
F85014,HIGHGATE GROUP PRACTICE,N6 4QA,51.576923,-0.1516,E09000014,E99999999,EMIS,EMIS
F85016,COCKFOSTERS MEDICAL CTRE,EN4 9NB,51.648448,-0.14875,E09000010,E99999999,EMIS,EMIS
F85017,CHARLTON HOUSE MEDICAL CENTRE,N17 6SB,51.595442,-0.069202,E09000014,E99999999,EMIS,EMIS
F85019,MORRIS HOUSE GROUP PRACTICE,N17 6AA,51.597784,-0.082097,E09000014,E99999999,EMIS,EMIS
F85020,THE WOODBERRY PRACTICE,N21 3LE,51.627253,-0.10036,E09000010,E99999999,EMIS,EMIS
F85023,THE ORDNANCE UNITY CENTRE FOR HEALTH,EN3 6ND,51.672075,-0.039318,E09000010,E99999999,EMIS,EMIS
F85025,WHITE LODGE MEDICAL PRACTICE,EN2 6NL,51.657525,-0.087801,E09000010,E99999999,EMIS,EMIS
F85028,BRUCE GROVE PRIMARY HEALTH CARE CTR,N17 6QB,51.592004,-0.070142,E09000014,E99999999,EMIS,EMIS
F85029,ABERNETHY HOUSE SURGERY,EN1 3EB,51.654395,-0.081167,E09000010,E99999999,EMIS,EMIS
F85030,SOMERSET GARDENS FAMILY HEALTH CENTRE,N17 8NW,51.60534,-0.073446,E09000014,E99999999,EMIS,EMIS
F85031,WESTBURY MEDICAL CENTRE,N22 6RX,51.597178,-0.094006,E09000014,E99999999,EMIS,EMIS
F85032,SOUTHGATE,N14 4PR,51.640285,-0.142622,E09000010,E99999999,EMIS,EMIS
F85033,WINCHMORE HILL PRACTICE,N21 2SA,51.633155,-0.09387,E09000010,E99999999,EMIS,EMIS
F85034,ARCADIAN GARDENS SURGERY,N22 5AB,51.606729,-0.110748,E09000014,E99999999,EMIS,EMIS
F85035,HIGHLANDS PRACTICE,N21 1UJ,51.64634,-0.110662,E09000010,E99999999,EMIS,EMIS
F85039,RAINBOW PRACTICE,N9 0TW,51.623784,-0.059836,E09000010,E99999999,EMIS,EMIS
F85044,BOUNCES ROAD SURGERY LTD,N9 7HD,51.632548,-0.054144,E09000010,E99999999,EMIS,EMIS
F85046,HORNSEY PARK SURGERY,N8 0PH,51.589277,-0.109206,E09000014,E99999999,EMIS,EMIS
F85058,NIGHTINGALE HOUSE SURGERY,N9 8AJ,51.638069,-0.046031,E09000010,E99999999,EMIS,EMIS
F85060,HAVERGAL SURGERY,N15 3DY,51.589197,-0.101991,E09000014,E99999999,EMIS,EMIS
F85061,CHRISTCHURCH HALL SURGERY,N8 8AE,51.577924,-0.125697,E09000014,E99999999,EMIS,EMIS
F85063,THE MUSWELL HILL PRACTICE,N10 3ST,51.591019,-0.141096,E09000014,E99999999,EMIS,EMIS
F85064,HIGH ROAD SURGERY (STUART CRESCENT HC),N22 5NJ,51.600434,-0.110172,E09000014,E99999999,EMIS,EMIS
F85065,STUART CRESCENT MEDICAL PRACTICE,N22 5NJ,51.600434,-0.110172,E09000014,E99999999,EMIS,EMIS
F85066,BOUNDS GREEN GROUP PRACTICE,N11 2PF,51.606559,-0.126468,E09000014,E99999999,EMIS,EMIS
F85067,THE 157 MEDICAL PRACTICE,N4 3PZ,51.570062,-0.114303,E09000019,E99999999,EMIS,EMIS
F85069,CROUCH HALL ROAD SURGERY,N8 8HJ,51.579181,-0.127276,E09000014,E99999999,EMIS,EMIS
F85071,FERNLEA SURGERY,N15 6JR,51.57854,-0.072761,E09000014,E99999999,EMIS,EMIS
F85072,GROVELANDS MEDICAL CENTRE,N13 4RJ,51.620688,-0.112003,E09000010,E99999999,EMIS,EMIS
F85615,TOTTENHAM HEALTH CENTRE,N17 8AH,51.604763,-0.06846,E09000014,E99999999,EMIS,EMIS
F85623,GROVE ROAD SURGERY,N15 5HJ,51.58124,-0.081668,E09000014,E99999999,EMIS,EMIS
F85625,BINCOTE SURGERY,EN2 7RD,51.653052,-0.109212,E09000010,E99999999,EMIS,EMIS
F85628,"WELBOURNE GP SURGERY, WELBOURNE H C",N17 9QX,51.589826,-0.064604,E09000014,E99999999,EMIS,EMIS
F85634,EAST ENFIELD MEDICAL CENTRE,EN3 4EZ,51.646082,-0.047131,E09000010,E99999999,EMIS,EMIS
F85640,CHESHIRE ROAD SURGERY,N22 8JJ,51.60719,-0.113675,E09000014,E99999999,EMIS,EMIS
F85642,THE NORTH LONDON HEALTH CENTRE,N13 4JJ,51.617574,-0.112407,E09000010,E99999999,EMIS,EMIS
F85650,MORECAMBE SURGERY,N18 1LA,51.617723,-0.085518,E09000010,E99999999,EMIS,EMIS
F85663,LATYMER ROAD SURGERY,N9 9PU,51.628184,-0.066511,E09000010,E99999999,EMIS,EMIS
F85666,DR ME SILVER'S PRACTICE,N18 2LY,51.616016,-0.063706,E09000010,E99999999,EMIS,EMIS
F85669,WEST GREEN SURGERY,N8 0RA,51.584287,-0.09977,E09000014,E99999999,EMIS,EMIS
F85675,THE ALEXANDRA SURGERY,N22 7UN,51.599147,-0.137082,E09000014,E99999999,EMIS,EMIS
F85676,BOUNDARY HOUSE SURGERY,N9 7HD,51.632548,-0.054144,E09000010,E99999999,EMIS,EMIS
F85678,THE TOWN SURGERY LTD,EN2 6TJ,51.650938,-0.085346,E09000010,E99999999,EMIS,EMIS
F85682,CHALFONT SURGERY,N9 0TW,51.623784,-0.059836,E09000010,E99999999,EMIS,EMIS
F85687,OAKWOOD MEDICAL CENTRE,N14 4AQ,51.646537,-0.134243,E09000010,E99999999,EMIS,EMIS
F85688,RUTLAND HOUSE SURGERY,N10 1DU,51.594566,-0.144214,E09000014,E99999999,EMIS,EMIS
F85697,THE OLD SURGERY,N8 0RP,51.583629,-0.099682,E09000014,E99999999,EMIS,EMIS
F85700,ARNOS GROVE MEDICAL CENTR,N11 1BD,51.615479,-0.129813,E09000010,E99999999,EMIS,EMIS
F85701,GILLAN HOUSE SURGERY,N13 4BS,51.622648,-0.10532,E09000010,E99999999,EMIS,EMIS
F85705,JS MEDICAL PRACTICE,N15 4JR,51.589105,-0.078681,E09000014,E99999999,EMIS,EMIS
F86001,THE FIRS,E17 7JT,51.580299,-0.035101,E09000031,E99999999,EMIS,EMIS
F86004,HANDSWORTH MEDICAL PRACTICE,E4 9PD,51.6079,0.000853,E09000031,E99999999,TPP,TPP
F86005,THE PENRHYN SURGERY,E17 5DB,51.597129,-0.023661,E09000031,E99999999,EMIS,EMIS
F86006,SEYMOUR MEDICAL CENTRE,E10 7LD,51.569178,-0.027802,E09000031,E99999999,EMIS,EMIS
F86007,THE FOREST EDGE PRACTICE,IG7 4DF,51.608062,0.103734,E09000026,E99999999,EMIS,EMIS
F86008,GANTS HILL MED CTR & THE REDBRIDGE SURG,IG2 6UP,51.576854,0.064436,E09000026,E99999999,EMIS,EMIS
F86009,THE PALMS MEDICAL CENTRE,IG2 7NW,51.576984,0.088558,E09000026,E99999999,EMIS,EMIS
F86010,FULLWELL CROSS MED. CTR.,IG6 2HG,51.594623,0.083809,E09000026,E99999999,EMIS,EMIS
F86011,THE MANOR PRACTICE,E10 7DY,51.571311,-0.022024,E09000031,E99999999,EMIS,EMIS
F86012,RYDAL,IG8 9QJ,51.608433,0.020128,E09000026,E99999999,EMIS,EMIS
F86013,THE BROADWAY SURGERY,IG8 0HF,51.608556,0.033349,E09000026,E99999999,TPP,TPP
F86018,THE ECCLESBOURNE PRACTICE,E17 9DP,51.580629,-0.001427,E09000031,E99999999,EMIS,EMIS
F86020,GLEBELANDS PRACTICE,E18 2AB,51.592801,0.023968,E09000026,E99999999,EMIS,EMIS
F86022,ILFORD MEDICAL CENTRE,IG1 1EE,51.557148,0.074248,E09000026,E99999999,EMIS,EMIS
F86023,THE EVERGREEN SURGERY,E11 2AQ,51.578106,0.025581,E09000026,E99999999,EMIS,EMIS
F86025,OAK TREE MEDICAL CENTRE,IG3 9TJ,51.560745,0.0965,E09000026,E99999999,TPP,TPP
F86026,THE FOREST SURGERY,E17 4BA,51.594727,-0.00501,E09000031,E99999999,EMIS,EMIS
F86028,CHADWELL HEATH SURGERY,RM6 4AF,51.573561,0.124942,E09000026,E99999999,EMIS,EMIS
F86030,QUEENS ROAD MEDICAL CENTRE,E17 8PX,51.579801,-0.020443,E09000031,E99999999,EMIS,EMIS
F86032,WANSTEAD PLACE SURGERY,E11 2SW,51.578102,0.023214,E09000026,E99999999,EMIS,EMIS
F86034,"GREEN LANE, GOODMAYES MEDICAL PRACTICE",IG3 9RN,51.56329,0.113556,E09000026,E99999999,EMIS,EMIS
F86036,THE ALLUM MEDICAL CENTRE,E11 1BN,51.569925,0.003486,E09000031,E99999999,EMIS,EMIS
F86038,SMA MEDICAL PRACTICE,E10 6RA,51.570816,-0.008711,E09000031,E99999999,EMIS,EMIS
F86040,DR A ARIF,RM8 2AJ,51.551396,0.11537,E09000002,E99999999,EMIS,EMIS
F86042,BALFOUR ROAD SURGERY,IG1 4JE,51.563044,0.075944,E09000026,E99999999,EMIS,EMIS
F86044,CRAWLEY ROAD MEDICAL CENTRE,E10 5EL,51.564278,-0.011291,E09000031,E99999999,EMIS,EMIS
F86045,HIGH ROAD SURGERY,E11 4HH,51.553496,0.005044,E09000031,E99999999,EMIS,EMIS
F86057,THE WILLOWS PRACTICE,IG7 4DF,51.608062,0.103734,E09000026,E99999999,EMIS,EMIS
F86058,ST JAMES MEDICAL PRACTICE LIMITED,E17 7JT,51.580299,-0.035101,E09000031,E99999999,EMIS,EMIS
F86060,NEWBURY GROUP PRACTICE,IG2 7LE,51.576436,0.086007,E09000026,E99999999,EMIS,EMIS
F86062,GROVE SURGERY,E17 9BU,51.579199,-0.010943,E09000031,E99999999,EMIS,EMIS
F86064,THE ELMHURST PRACTICE,E18 2QS,51.597443,0.021763,E09000026,E99999999,EMIS,EMIS
F86066,SOUTHDENE SURGERY,E18 1BD,51.594432,0.02482,E09000026,E99999999,EMIS,EMIS
F86074,LEYTON HEALTHCARE 4TH FLOOR,E10 5LG,51.559896,-0.013286,E09000031,E99999999,TPP,TPP
F86078,THE RIDGEWAY SURGERY,E4 7JX,51.628703,-0.011005,E09000031,E99999999,EMIS,EMIS
F86081,KENWOOD MEDICAL,IG2 6YG,51.581414,0.072032,E09000026,E99999999,EMIS,EMIS
F86082,ILFORD LANE SURGERY,IG1 2SN,51.546446,0.076862,E09000026,E99999999,TPP,TPP
F86083,THE EASTERN AVENUE MEDICAL CENTRE,IG2 6RJ,51.581056,0.07346,E09000026,E99999999,EMIS,EMIS
F86085,HAINAULT SURGERY,IG6 2XG,51.60218,0.086133,E09000026,E99999999,EMIS,EMIS
F86086,DR DHITAL PRACTICE,E17 3LA,51.587788,-0.003047,E09000031,E99999999,EMIS,EMIS
F86087,GOODMAYES MEDICAL CENTRE,IG3 8XB,51.567627,0.109933,E09000026,E99999999,EMIS,EMIS
F86088,THE LYNDHURST SURGERY,E10 6JB,51.571966,-0.003841,E09000031,E99999999,EMIS,EMIS
F86607,ADDISON ROAD MEDICAL PRACTICE,E17 9LY,51.583177,-0.009023,E09000031,E99999999,EMIS,EMIS
F86612,THE FULLWELL AVENUE SURGERY,IG5 0SB,51.596367,0.072136,E09000026,E99999999,EMIS,EMIS
F86616,THE OLD CHURCH SURGERY,E4 6UN,51.62009,-0.001024,E09000031,E99999999,EMIS,EMIS
F86621,DR MOHAMMED GREEN MAN MEDICAL CENTRE,E11 1GA,51.571508,0.015028,E09000031,E99999999,EMIS,EMIS
F86624,THE HEATHCOTE PRIMARY CARE CENTRE,IG2 6YG,51.581414,0.072032,E09000026,E99999999,EMIS,EMIS
F86625,LL MEDICAL CARE LTD,E11 4HX,51.555416,0.002128,E09000031,E99999999,EMIS,EMIS
F86626,DR SHANTIR PRACTICE,E17 5JL,51.589698,-0.026149,E09000031,E99999999,EMIS,EMIS
F86627,CHURCHILL MEDICAL CENTRE,E4 8DG,51.618227,-0.01844,E09000031,E99999999,EMIS,EMIS
F86637,SEVEN KINGS PRACTICE,IG3 8BG,51.563464,0.096856,E09000026,E99999999,EMIS,EMIS
F86638,THE MICROFACULTY,E4 8LT,51.612468,-0.018214,E09000031,E99999999,TPP,TPP
F86641,THE SHRUBBERIES MEDICAL CENTRE,E18 1BD,51.594432,0.02482,E09000026,E99999999,EMIS,EMIS
F86644,WALTHAM FOREST COMM & FAM HTH SERV LTD,E17 3LA,51.587788,-0.003047,E09000031,E99999999,EMIS,EMIS
F86650,LIME TREE SURGERY,E11 4JT,51.555719,0.005444,E09000031,E99999999,EMIS,EMIS
F86652,THE DRIVE SURGERY,IG1 3HZ,51.567635,0.06041,E09000026,E99999999,EMIS,EMIS
F86657,YORK ROAD SURGERY,IG1 3AF,51.559166,0.065885,E09000026,E99999999,TPP,TPP
F86658,QUEEN MARY PRACTICE,E18 2QS,51.597443,0.021763,E09000026,E99999999,EMIS,EMIS
F86664,LARKSHALL MEDICAL CENTRE,E4 7HS,51.626946,0.002991,E09000031,E99999999,EMIS,EMIS
F86666,HARROW ROAD GP CENTRE,E11 3QF,51.558966,0.009093,E09000031,E99999999,EMIS,EMIS
F86679,HIGHAM HILL MEDICAL CENTRE,E17 5RQ,51.594831,-0.03459,E09000031,E99999999,EMIS,EMIS
F86689,THE BAILEY PRACTICE,E17 9LY,51.583177,-0.009023,E09000031,E99999999,EMIS,EMIS
F86691,CLAYHALL CLINIC,IG5 0LG,51.591253,0.051474,E09000026,E99999999,EMIS,EMIS
F86692,MATHUKIA'S SURGERY,IG1 2SF,51.549754,0.075383,E09000026,E99999999,EMIS,EMIS
F86696,FRANCIS ROAD MEDICAL CENTRE,E10 6PP,51.561975,-0.003831,E09000031,E99999999,EMIS,EMIS
F86698,CRANBROOK SURGERY,IG2 6RJ,51.581056,0.07346,E09000026,E99999999,EMIS,EMIS
F86700,KINGS HEAD MEDICAL PRACTICE,E4 7NX,51.635689,-0.011422,E09000031,E99999999,EMIS,EMIS
F86701,KIYANI MEDICAL PRACTICE,E11 4HX,51.555416,0.002128,E09000031,E99999999,EMIS,EMIS
F86702,ST CLEMENT'S SURGERY,IG1 4LA,51.563763,0.072932,E09000026,E99999999,EMIS,EMIS
F86705,LANGTHORNE SHARMA FAMILY PRACTICE,E11 4HX,51.555416,0.002128,E09000031,E99999999,EMIS,EMIS
F86707,FENCE PIECE ROAD MEDICAL CENTRE,IG6 2NB,51.600171,0.084323,E09000026,E99999999,EMIS,EMIS
F86708,CLAREMONT MEDICAL CENTRE,E17 5RJ,51.594626,-0.03366,E09000031,E99999999,EMIS,EMIS
F86712,HAMPTON MEDICAL CENTRE,E11 4BB,51.566504,1.7e-05,E09000031,E99999999,EMIS,EMIS
F86731,ALDERSBROOK MEDICAL CENTRE,E12 5DL,51.560712,0.038197,E09000026,E99999999,EMIS,EMIS
G81001,HOVE MEDICAL CENTRE,BN3 8LD,50.845018,-0.195362,E06000043,E99999999,TPP,TPP
G81002,GROVE ROAD SURGERY,BN21 4TX,50.767622,0.278765,E07000061,E10000011,EMIS,EMIS
G81003,THE LIGHTHOUSE MEDICAL PRACTICE,BN21 4HY,50.765627,0.281391,E07000061,E10000011,EMIS,EMIS
G81004,DOWNLANDS MEDICAL CENTRE,BN26 6AE,50.822932,0.244128,E07000065,E10000011,EMIS,EMIS
G81006,ARDINGLY COURT SURGERY,BN2 1SS,50.821246,-0.1329,E06000043,E99999999,EMIS,EMIS
G81008,STONE CROSS SURGERY,BN24 5DZ,50.816752,0.289972,E07000065,E10000011,EMIS,EMIS
G81011,ST. PETER'S MEDICAL CENTRE,BN1 4LA,50.831021,-0.135094,E06000043,E99999999,TPP,TPP
G81012,BRIDGESIDE SURGERY,BN27 3DG,50.861833,0.256099,E07000065,E10000011,EMIS,EMIS
G81014,CARDEN SURGERY,BN1 8DD,50.862192,-0.126604,E06000043,E99999999,EMIS,EMIS
G81016,QUAYSIDE MEDICAL PRACTICE,BN9 9PW,50.793107,0.051236,E07000063,E10000011,EMIS,EMIS
G81017,SEASIDE MEDICAL CENTRE,BN22 8DR,50.773561,0.294643,E07000061,E10000011,EMIS,EMIS
G81018,PRESTON PARK SURGERY,BN1 6DP,50.837868,-0.140318,E06000043,E99999999,TPP,TPP
G81019,BEACON SURGERY,TN6 1AH,51.059833,0.159904,E07000065,E10000011,EMIS,EMIS
G81021,FOUNDRY HEALTHCARE LEWES,BN7 2LU,50.873463,0.012092,E07000063,E10000011,TPP,TPP
G81022,SOVEREIGN PRACTICE,BN22 7PG,50.781493,0.302876,E07000061,E10000011,EMIS,EMIS
G81023,MARTINS OAK SURGERY,TN33 0EA,50.917156,0.483704,E07000064,E10000011,EMIS,EMIS
G81024,ASHDOWN FOREST HEALTH CENTRE,RH18 5AQ,51.097032,0.032893,E07000065,E10000011,TPP,TPP
G81028,PARK CRESCENT HEALTH CENTRE,BN2 3HP,50.832576,-0.129394,E06000043,E99999999,TPP,TPP
G81029,SEAFORD MEDICAL PRACTICE,BN25 1DH,50.772672,0.099303,E07000063,E10000011,EMIS,EMIS
G81030,WADHURST MEDICAL GROUP,TN5 6BJ,51.061952,0.340829,E07000065,E10000011,TPP,TPP
G81031,THE HILL SURGERY,TN35 5BH,50.8734,0.609795,E07000062,E10000011,EMIS,EMIS
G81032,VICTORIA MEDICAL CENTRE,BN20 8NH,50.777446,0.255496,E07000061,E10000011,EMIS,EMIS
G81034,CHARTER MEDICAL CENTRE,BN3 1RF,50.831248,-0.156713,E06000043,E99999999,TPP,TPP
G81036,WARMDENE SURGERY,BN1 8DD,50.862192,-0.126604,E06000043,E99999999,EMIS,EMIS
G81037,THE MEADS SURGERY,TN22 1BA,50.969692,0.091636,E07000065,E10000011,TPP,TPP
G81038,STANFORD MEDICAL CENTRE,BN1 6AG,50.838372,-0.148266,E06000043,E99999999,EMIS,EMIS
G81039,LITTLE COMMON SURGERY,TN39 4SP,50.842024,0.433531,E07000064,E10000011,EMIS,EMIS
G81040,WOODHILL SURGERY,TN20 6BW,51.019347,0.253985,E07000065,E10000011,TPP,TPP
G81041,SIDLEY MEDICAL PRACTICE,TN39 5HE,50.857322,0.464012,E07000064,E10000011,EMIS,EMIS
G81042,BEACONSFIELD MEDICAL PRACTICE,BN1 6AG,50.838372,-0.148266,E06000043,E99999999,TPP,TPP
G81043,ROTHERFIELD SURGERY,TN6 2ED,51.049158,0.186003,E07000065,E10000011,TPP,TPP
G81044,MONTPELIER SURGERY,BN1 3FS,50.827142,-0.149051,E06000043,E99999999,TPP,TPP
G81046,PORTSLADE HEALTH CENTRE,BN41 1LX,50.833673,-0.213225,E06000043,E99999999,EMIS,EMIS
G81047,SEVEN DIALS MEDICAL CENTRE,BN1 3JJ,50.829675,-0.147715,E06000043,E99999999,TPP,TPP
G81048,CARISBROOKE SURGERY,TN38 8BL,50.852259,0.529559,E07000062,E10000011,EMIS,EMIS
G81049,MANOR PARK MEDICAL CENTRE,BN26 5DJ,50.819102,0.242638,E07000065,E10000011,EMIS,EMIS
G81050,ARLINGTON ROAD SURGERY,BN21 1DH,50.768184,0.277587,E07000061,E10000011,EMIS,EMIS
G81051,RYE MEDICAL CENTRE,TN31 7SQ,50.962007,0.730338,E07000064,E10000011,EMIS,EMIS
G81052,FAIRFIELD SURGERY,TN19 7EU,50.997228,0.382807,E07000064,E10000011,EMIS,EMIS
G81054,PAVILION SURGERY,BN1 1EJ,50.821515,-0.136211,E06000043,E99999999,EMIS,EMIS
G81055,SAXONBURY HOUSE SURGERY,TN6 1DL,51.058455,0.161937,E07000065,E10000011,EMIS,EMIS
G81057,SEDLESCOMBE & WESTFIELD SURGERIES,TN33 0PW,50.934129,0.534725,E07000064,E10000011,EMIS,EMIS
G81059,HAILSHAM MEDICAL GROUP,BN27 1BH,50.864066,0.262019,E07000065,E10000011,EMIS,EMIS
G81061,NEWHAVEN MEDICAL CENTRE,BN9 9QS,50.794211,0.049283,E07000063,E10000011,TPP,TPP
G81065,WOODINGDEAN MEDICAL CENTRE,BN2 6BA,50.83591,-0.079936,E06000043,E99999999,TPP,TPP
G81070,TRINITY MEDICAL CENTRE,BN3 3AT,50.831228,-0.172008,E06000043,E99999999,EMIS,EMIS
G81071,UNIVERSITY OF SUSSEX HEALTH CENTRE,BN1 9RW,50.869431,-0.088864,E06000043,E99999999,EMIS,EMIS
G81073,MILE OAK MEDICAL CENTRE,BN41 2WF,50.851288,-0.226546,E06000043,E99999999,TPP,TPP
G81074,HIGH GLADES MEDICAL CENTRE,TN37 7AT,50.878354,0.551301,E07000062,E10000011,EMIS,EMIS
G81075,THE AVENUE SURGERY,BN2 4GF,50.844352,-0.113398,E06000043,E99999999,TPP,TPP
G81076,SALTDEAN AND ROTTINGDEAN MED PRACTICE,BN2 8BU,50.802294,-0.035772,E06000043,E99999999,TPP,TPP
G81077,COLLINGTON SURGERY,TN39 3LR,50.840425,0.465111,E07000064,E10000011,EMIS,EMIS
G81082,OLDWOOD SURGERY,TN32 5DG,50.984999,0.470582,E07000064,E10000011,EMIS,EMIS
G81083,WISH PARK SURGERY,BN3 5JA,50.834021,-0.189665,E06000043,E99999999,TPP,TPP
G81085,FERRY ROAD HEALTH CENTRE,TN31 7DN,50.951164,0.729004,E07000064,E10000011,EMIS,EMIS
G81086,BIRD-IN-EYE SURGERY,TN22 5AW,50.96595,0.105639,E07000065,E10000011,TPP,TPP
G81087,NORTHIAM SURGERY,TN31 6ND,50.989561,0.606575,E07000064,E10000011,EMIS,EMIS
G81088,WEALDEN RIDGE MEDICAL PARTNERSHIP,BN8 4LR,50.973631,0.016986,E07000063,E10000011,EMIS,EMIS
G81089,SOUTH SAXON HOUSE SURGERY,TN38 9TE,50.868698,0.526753,E07000062,E10000011,EMIS,EMIS
G81095,HASTINGS OLD TOWN SURGERY,TN34 3DW,50.856273,0.594955,E07000062,E10000011,EMIS,EMIS
G81096,SEDLESCOMBE HOUSE,TN38 0TA,50.867152,0.554782,E07000062,E10000011,EMIS,EMIS
G81098,QUINTINS MEDICAL CENTRE,BN27 1UG,50.877058,0.262705,E07000065,E10000011,EMIS,EMIS
G81099,OLD SCHOOL SURGERY,BN25 1HH,50.772062,0.100722,E07000063,E10000011,EMIS,EMIS
G81100,HAVENSHEALTH,BN10 8NF,50.796097,-0.000783,E07000063,E10000011,TPP,TPP
G81102,BUXTED MEDICAL CENTRE,TN22 5FD,50.989419,0.132151,E07000065,E10000011,EMIS,EMIS
G81104,PARK PRACTICE,BN22 9PQ,50.794734,0.2776,E07000061,E10000011,EMIS,EMIS
G81613,SCHOOL HOUSE SURGERY,BN1 7GF,50.845792,-0.12969,E06000043,E99999999,TPP,TPP
G81614,GROOMBRIDGE AND HARTFIELD MEDICAL GROUP,TN3 9QP,51.113949,0.184443,E07000065,E10000011,TPP,TPP
G81634,HERSTMONCEUX INTEGRATIVE HEALTH CENTRE,BN27 4JX,50.887451,0.31697,E07000065,E10000011,EMIS,EMIS
G81638,WELLBN HEALTHCARE,BN3 1AE,50.825177,-0.156129,E06000043,E99999999,TPP,TPP
G81641,PRIORY ROAD SURGERY,TN34 3JJ,50.860824,0.589282,E07000062,E10000011,EMIS,EMIS
G81646,THE HAVEN PRACTICE,BN1 6HE,50.84277,-0.142623,E06000043,E99999999,EMIS,EMIS
G81656,REGENCY SURGERY,BN1 1FZ,50.821954,-0.136137,E06000043,E99999999,EMIS,EMIS
G81658,THE STATION PRACTICE,TN34 1BA,50.85794,0.578166,E07000062,E10000011,EMIS,EMIS
G81669,BROADWAY SURGERY,BN2 5FL,50.825439,-0.107359,E06000043,E99999999,TPP,TPP
G81689,ARCH HEALTHCARE,BN2 9DH,50.825684,-0.13427,E06000043,E99999999,TPP,TPP
G81694,SHIP STREET SURGERY,BN1 1AE,50.821378,-0.141726,E06000043,E99999999,EMIS,EMIS
G82002,ST JAMES' SURGERY,CT16 1SF,51.128502,1.315846,E07000108,E10000016,EMIS,EMIS
G82006,DR CJ SHIMMINS & PARTNERS,DA1 1QY,51.440747,0.236942,E07000107,E10000016,EMIS,EMIS
G82007,CHURCH LANE HEALTH CENTRE,TN28 8ER,50.984161,0.941509,E07000112,E10000016,EMIS,EMIS
G82013,AMHERST MEDICAL PRACTICE,TN13 3AQ,51.276616,0.186703,E07000111,E10000016,EMIS,EMIS
G82014,WOODLANDS FAMILY PRACTICE,ME7 2BU,51.378417,0.566671,E06000035,E99999999,EMIS,EMIS
G82015,PENCESTER SURGERY,CT16 1BW,51.127416,1.311952,E07000108,E10000016,EMIS,EMIS
G82016,KINGSWOOD SURGERY,TN2 4UH,51.132027,0.27639,E07000116,E10000016,EMIS,EMIS
G82018,SUN LANE,CT21 5JY,51.071539,1.087503,E07000112,E10000016,EMIS,EMIS
G82019,EDENBRIDGE MED PRACTICE,TN8 6FY,51.202995,0.065526,E07000111,E10000016,EMIS,EMIS
G82020,THE GRANGE PRACTICE,CT11 8AD,51.338738,1.427249,E07000114,E10000016,EMIS,EMIS
G82021,THE SHRUBBERY SURGERY,DA11 8RD,51.433242,0.351118,E07000109,E10000016,EMIS,EMIS
G82022,SPELDHURST & GREGGSWOOD MEDICAL GROUP,TN2 3JL,51.142932,0.286248,E07000116,E10000016,EMIS,EMIS
G82023,SHEERNESS HEALTH CENTRE,ME12 1UP,51.436123,0.766669,E07000113,E10000016,EMIS,EMIS
G82024,GREENSAND MEDICAL GROUP,ME17 4NU,51.230128,0.506081,E07000110,E10000016,EMIS,EMIS
G82025,THE WELLS MEDICAL PRACTICE,TN4 9TF,51.137752,0.261246,E07000116,E10000016,EMIS,EMIS
G82026,GROVEHURST SURGERY,ME10 2ST,51.363778,0.735108,E07000113,E10000016,EMIS,EMIS
G82027,FAVERSHAM MEDICAL PRACTICE,ME13 8QR,51.31458,0.889074,E07000113,E10000016,EMIS,EMIS
G82028,SWANLEY MEDICAL PRACTICE,BR8 7AH,51.395873,0.173768,E07000111,E10000016,EMIS,EMIS
G82031,BOWER MOUNT MEDICAL PRACTICE,ME16 8AX,51.273703,0.506905,E07000110,E10000016,EMIS,EMIS
G82032,PELHAM MEDICAL PRACTICE,DA11 0HN,51.440346,0.363225,E07000109,E10000016,EMIS,EMIS
G82035,THE CHESTNUTS SURGERY,ME10 4RU,51.338417,0.743837,E07000113,E10000016,EMIS,EMIS
G82036,BALMORAL SURGERY,CT14 7EQ,51.213306,1.399304,E07000108,E10000016,EMIS,EMIS
G82037,HILDENBOROUGH MEDICAL GROUP,TN11 9HL,51.215116,0.2439,E07000115,E10000016,EMIS,EMIS
G82038,ST RICHARDS ROAD SURGERY,CT14 9LF,51.211956,1.376033,E07000108,E10000016,EMIS,EMIS
G82039,NEWTON PLACE SURGERY,ME13 8FH,51.313248,0.892004,E07000113,E10000016,EMIS,EMIS
G82041,GROSVENOR & ST JAMES MEDICAL CENTRE,TN1 2DX,51.137422,0.264375,E07000116,E10000016,EMIS,EMIS
G82042,TONBRIDGE MEDICAL GROUP,TN9 1EP,51.193243,0.271878,E07000115,E10000016,EMIS,EMIS
G82044,SPRINGHEAD HEALTH,DA11 8BZ,51.434831,0.343617,E07000109,E10000016,EMIS,EMIS
G82046,SUMMERHILL SURGERY,CT12 6SU,51.347558,1.407066,E07000114,E10000016,EMIS,EMIS
G82048,HORSMAN'S PLACE SURGERY,DA1 2JP,51.442468,0.21498,E07000107,E10000016,EMIS,EMIS
G82050,SYDENHAM HOUSE MEDICAL CENTRE,TN24 8DN,51.146337,0.880339,E07000105,E10000016,EMIS,EMIS
G82051,CITY WAY SURGERY,ME1 2AY,51.372109,0.511213,E06000035,E99999999,EMIS,EMIS
G82052,THE LIMES MEDICAL CENTRE,CT9 1QY,51.390984,1.385421,E07000114,E10000016,EMIS,EMIS
G82053,WOODCHURCH SURGERY,TN26 3SF,51.074982,0.774821,E07000105,E10000016,EMIS,EMIS
G82055,WEALD VIEW MEDICAL PRACTICE - HAWKHURST,TN18 4EX,51.047119,0.510756,E07000116,E10000016,EMIS,EMIS
G82056,THE WELLCOME PRACTICE,DA1 2HA,51.445864,0.20707,E07000107,E10000016,EMIS,EMIS
G82057,ST GEORGES MEDICAL CENTRE,ME12 1QU,51.436187,0.762442,E07000113,E10000016,EMIS,EMIS
G82058,AYLESFORD MEDICAL CENTRE,ME20 7SE,51.295189,0.47564,E07000115,E10000016,EMIS,EMIS
G82059,WARDERS MEDICAL CENTRE,TN9 1LA,51.197407,0.279241,E07000115,E10000016,EMIS,EMIS
G82060,NORTHGATE MEDICAL PRACTICE,CT1 1WL,51.28435,1.086712,E07000106,E10000016,EMIS,EMIS
G82062,PARROCK STREET SURGERY,DA12 1EN,51.441319,0.371161,E07000109,E10000016,EMIS,EMIS
G82063,SANDWICH MEDICAL PRACTICE,CT13 9ET,51.274079,1.337393,E07000108,E10000016,EMIS,EMIS
G82066,NORTHDOWN & DASHWOOD SURGERY,CT9 2TR,51.382678,1.406326,E07000114,E10000016,EMIS,EMIS
G82067,OLD ROAD WEST SURGERY,DA11 0LL,51.433655,0.367225,E07000109,E10000016,EMIS,EMIS
G82069,WHITE HOUSE SURGERY,CT19 4PU,51.087435,1.146088,E07000112,E10000016,EMIS,EMIS
G82071,WHITSTABLE MEDICAL PRACTICE,CT5 3SE,51.340841,1.012616,E07000106,E10000016,EMIS,EMIS
G82073,MEOPHAM MEDICAL CENTRE,DA13 0AH,51.368901,0.359744,E07000109,E10000016,EMIS,EMIS
G82074,BEARSTED,ME14 4DS,51.267984,0.57277,E07000110,E10000016,EMIS,EMIS
G82076,MOTE,ME15 9FL,51.246875,0.545654,E07000110,E10000016,EMIS,EMIS
G82077,THE ELMS MEDICAL CENTRE,ME3 9AE,51.4201,0.557758,E06000035,E99999999,EMIS,EMIS
G82079,WESTGATE SURGERY,CT8 8SN,51.383152,1.338326,E07000114,E10000016,EMIS,EMIS
G82080,ASHFORD MEDICAL PARTNERSHIP,TN24 0HZ,51.136741,0.898871,E07000105,E10000016,EMIS,EMIS
G82082,STURRY SURGERY,CT2 0EF,51.304473,1.130307,E07000106,E10000016,EMIS,EMIS
G82083,THORNHILLS MEDICAL PRACTICE,ME20 6QJ,51.300145,0.440945,E07000115,E10000016,EMIS,EMIS
G82085,SNODLAND MEDICAL PRACTICE,ME6 5SN,51.326053,0.441488,E07000115,E10000016,EMIS,EMIS
G82086,THE NEW SURGERY,CT19 5SR,51.089156,1.181883,E07000112,E10000016,EMIS,EMIS
G82087,NEW HAYESBANK SURGERY,TN24 9JZ,51.157617,0.87738,E07000105,E10000016,EMIS,EMIS
G82089,BREWER STREET,ME14 1RU,51.277138,0.52371,E07000110,E10000016,EMIS,EMIS
G82090,THE HERON MEDICAL PRACTICE,CT6 5NF,51.371332,1.121144,E07000106,E10000016,EMIS,EMIS
G82091,GUILDHALL STREET SURGERY,CT20 1EJ,51.082366,1.177847,E07000112,E10000016,EMIS,EMIS
G82092,WESTERHAM PRACTICE,TN16 1RB,51.266463,0.070464,E07000111,E10000016,EMIS,EMIS
G82093,LEN VALLEY PRACTICE,ME17 2QF,51.23739,0.722875,E07000110,E10000016,EMIS,EMIS
G82094,CHARING SURGERY,TN27 0AW,51.209709,0.791404,E07000105,E10000016,EMIS,EMIS
G82095,THORNDIKE PARTNERSHIP,ME1 2TH,51.380804,0.502909,E06000035,E99999999,EMIS,EMIS
G82097,JUBILEE MEDICAL CENTRE,DA3 7QD,51.397818,0.300304,E07000107,E10000016,EMIS,EMIS
G82098,BLACKTHORN,ME16 9AL,51.26827,0.486724,E07000110,E10000016,EMIS,EMIS
G82099,THE COLLEGE PRACTICE,ME15 6SB,51.268399,0.522286,E07000110,E10000016,EMIS,EMIS
G82100,HIGHPARKS MEDICAL PRACTICE,ME3 8HX,51.434213,0.496761,E06000035,E99999999,EMIS,EMIS
G82105,BETHESDA MEDICAL CENTRE,CT9 3NR,51.390284,1.414813,E07000114,E10000016,EMIS,EMIS
G82106,RIVERSIDE MEDICAL PRACTICE,ME2 1NP,51.348974,0.447718,E06000035,E99999999,EMIS,EMIS
G82107,MINSTER SURGERY,CT12 4AB,51.334409,1.314894,E07000114,E10000016,EMIS,EMIS
G82108,KING GEORGE ROAD SURGERY,ME5 0TT,51.348911,0.518547,E06000035,E99999999,EMIS,EMIS
G82110,TOWN MEDICAL CENTRE,TN13 1AR,51.270971,0.191395,E07000111,E10000016,EMIS,EMIS
G82111,THE CEDARS SURGERY,CT14 7DN,51.217627,1.403203,E07000108,E10000016,EMIS,EMIS
G82113,STONECROSS AND WEST DRIVE SURGERY,ME5 0AA,51.368442,0.545309,E06000035,E99999999,EMIS,EMIS
G82114,IVY COURT SURGERY,TN30 6RB,51.068036,0.690253,E07000105,E10000016,EMIS,EMIS
G82115,NEW DOVER ROAD SURGERY,CT1 3AP,51.274139,1.088508,E07000106,E10000016,EMIS,EMIS
G82117,HIGH STREET SURGERY,CT16 1EQ,51.129992,1.305803,E07000108,E10000016,EMIS,EMIS
G82118,WOODLANDS HEALTH CENTRE,TN12 6AX,51.180768,0.384879,E07000116,E10000016,EMIS,EMIS
G82119,PARK SURGERY,CT6 5RE,51.369704,1.125187,E07000106,E10000016,EMIS,EMIS
G82120,BOROUGH GREEN MEDICAL PRACTICE,TN15 8RQ,51.290053,0.303389,E07000115,E10000016,EMIS,EMIS
G82121,SANDGATE ROAD,CT20 2HN,51.076579,1.159045,E07000112,E10000016,EMIS,EMIS
G82122,SWANSCOMBE HEALTH CENTRE,DA2 8BS,51.424656,0.287339,E07000107,E10000016,EMIS,EMIS
G82125,OTFORD MEDICAL PRACTICE,TN14 5RB,51.313579,0.191474,E07000111,E10000016,EMIS,EMIS
G82126,EAST CLIFF MEDICAL PRACTICE,CT11 8AD,51.338738,1.427249,E07000114,E10000016,EMIS,EMIS
G82129,THE GLEBE FAMILY PRACTICE,ME7 5UA,51.383164,0.544501,E06000035,E99999999,EMIS,EMIS
G82135,WEST MALLING GROUP PRACTICE,ME19 4JF,51.271693,0.402473,E07000115,E10000016,EMIS,EMIS
G82137,ST ANDREWS MEDICAL CENTRE,TN4 0NA,51.156309,0.260166,E07000116,E10000016,EMIS,EMIS
G82138,ASH SURGERY,CT3 2HD,51.279887,1.27891,E07000108,E10000016,EMIS,EMIS
G82139,MAIDSTONE ROAD SURGERY,ME4 6JL,51.361226,0.516738,E06000035,E99999999,EMIS,EMIS
G82140,UNIVERSITY MEDICAL CENTRE,CT2 7PB,51.296203,1.062158,E07000106,E10000016,EMIS,EMIS
G82141,YALDING,ME18 6ES,51.221187,0.429832,E07000110,E10000016,EMIS,EMIS
G82142,WYE SURGERY,TN25 5AY,51.179144,0.938034,E07000105,E10000016,EMIS,EMIS
G82143,LOWFIELD MEDICAL CENTRE,DA1 1HP,51.441837,0.215568,E07000107,E10000016,EMIS,EMIS
G82147,OAK HALL,TN28 8BW,50.985486,0.939598,E07000112,E10000016,EMIS,EMIS
G82150,NEWINGTON ROAD SURGERY,CT12 6EW,51.343316,1.399211,E07000114,E10000016,EMIS,EMIS
G82152,RUSTHALL MEDICAL PRACTICE,TN4 8UW,51.136024,0.224781,E07000116,E10000016,EMIS,EMIS
G82154,THAMES AVE SURGERY,ME8 9BW,51.36344,0.603086,E06000035,E99999999,EMIS,EMIS
G82155,WATERFIELD HOUSE SURGERY,TN2 4LR,51.148087,0.329028,E07000116,E10000016,EMIS,EMIS
G82158,HOWELL SURGERY,TN12 7NQ,51.150846,0.398951,E07000116,E10000016,EMIS,EMIS
G82160,OAKLANDS HEALTH CENTRE,CT21 6BD,51.069106,1.08253,E07000112,E10000016,EMIS,EMIS
G82161,REACH HEALTHCARE,ME5 9LD,51.337756,0.524109,E06000035,E99999999,EMIS,EMIS
G82162,ORCHARD FAMILY PRACTICE,ME8 8AA,51.363333,0.609501,E06000035,E99999999,EMIS,EMIS
G82164,THE VINE MEDICAL CENTRE,ME16 8RL,51.270936,0.515184,E07000110,E10000016,EMIS,EMIS
G82165,HAWKINGE AND ELHAM,CT4 6UH,51.151866,1.109108,E07000112,E10000016,EMIS,EMIS
G82170,LAMBERHURST,TN3 8EX,51.094567,0.388223,E07000116,E10000016,EMIS,EMIS
G82180,MAIDSTONE RD RAINHAM SURGERY,ME8 0DP,51.36233,0.600408,E06000035,E99999999,EMIS,EMIS
G82184,WALTHAM ROAD MEDICAL CENTRE,ME8 6XQ,51.373869,0.584135,E06000035,E99999999,EMIS,EMIS
G82185,REDWOOD PRACTICE,DA1 2HA,51.445864,0.20707,E07000107,E10000016,EMIS,EMIS
G82186,HAMSTREET SURGERY,TN26 2NJ,51.064323,0.858801,E07000105,E10000016,EMIS,EMIS
G82200,WATERINGBURY,ME18 5SS,51.255632,0.425528,E07000115,E10000016,EMIS,EMIS
G82203,COURT VIEW SURGERY,ME2 2HA,51.393134,0.481802,E06000035,E99999999,EMIS,EMIS
G82205,ST JOHN'S MEDICAL PRACTICE,TN13 3NT,51.285008,0.195276,E07000111,E10000016,EMIS,EMIS
G82211,AYLESHAM MEDICAL PRACTICE,CT3 3BB,51.225483,1.202984,E07000108,E10000016,EMIS,EMIS
G82212,PILGRIMS WAY SURGERY,DA1 1QY,51.440747,0.236942,E07000107,E10000016,EMIS,EMIS
G82215,MARDEN MEDICAL CENTRE,TN12 9HP,51.174149,0.4923,E07000110,E10000016,EMIS,EMIS
G82217,HARBOUR MEDICAL PRACTICE,CT20 1JY,51.082585,1.181404,E07000112,E10000016,EMIS,EMIS
G82218,RIVER DARENT MEDICAL GROUP,DA4 0JU,51.376686,0.230454,E07000111,E10000016,EMIS,EMIS
G82219,ST PETER'S SURGERY,CT10 2RZ,51.35991,1.407006,E07000114,E10000016,EMIS,EMIS
G82224,OLD PARSONAGE SURGERY,TN17 1AN,51.112784,0.460447,E07000116,E10000016,EMIS,EMIS
G82226,WIGMORE MEDICAL CENTRE,ME8 0PW,51.352272,0.588764,E06000035,E99999999,EMIS,EMIS
G82227,LYDDEN SURGERY,CT15 7ET,51.163193,1.239909,E07000108,E10000016,EMIS,EMIS
G82228,CANTERBURY MEDICAL PRACTICE,CT4 5BL,51.245984,1.128811,E07000106,E10000016,EMIS,EMIS
G82229,SUTTON VALENCE GROUP PRACTICE,ME17 3BD,51.211194,0.59406,E07000110,E10000016,EMIS,EMIS
G82231,LONDON ROAD MEDICAL CENTRE,ME10 1ND,51.341816,0.726951,E07000113,E10000016,EMIS,EMIS
G82232,MANOR CLINIC,CT20 2SE,51.080427,1.173416,E07000112,E10000016,EMIS,EMIS
G82233,ST. WERBURGH MED.PRACTICE,ME3 9HU,51.423453,0.56275,E06000035,E99999999,EMIS,EMIS
G82234,PHOENIX MEDICAL PRACTICE,ME1 3SX,51.328805,0.481298,E07000115,E10000016,EMIS,EMIS
G82235,OLD SCHOOL SURGERY,TN17 3JB,51.098868,0.535857,E07000116,E10000016,EMIS,EMIS
G82600,EASTCOURT LANE SURGERY,ME8 6EY,51.371139,0.578679,E06000035,E99999999,EMIS,EMIS
G82604,THE MEDICAL CENTRE GROUP,ME15 7LN,51.252513,0.544848,E07000110,E10000016,EMIS,EMIS
G82631,BRYANT STREET MEDICAL PRACTICE,ME4 5QS,51.378814,0.527733,E06000035,E99999999,EMIS,EMIS
G82634,THE MEADS MEDICAL PRACTICE,ME10 5AA,51.35051,0.71701,E07000113,E10000016,EMIS,EMIS
G82635,PUMP LANE SURGERY,ME8 7AA,51.367795,0.589597,E06000035,E99999999,EMIS,EMIS
G82641,WALLIS AVENUE,ME15 9JJ,51.240855,0.552787,E07000110,E10000016,EMIS,EMIS
G82647,TEMPLE HILL SURGERY,DA1 5ND,51.452866,0.230064,E07000107,E10000016,EMIS,EMIS
G82648,ROCHESTER ROAD SURGERY,DA12 2HU,51.435136,0.390423,E07000109,E10000016,EMIS,EMIS
G82650,MOCKETTS WOOD SURGERY,CT10 2TR,51.366533,1.4177,E07000114,E10000016,EMIS,EMIS
G82652,CHURCH ROAD,CT18 8HY,51.129484,1.088863,E07000112,E10000016,EMIS,EMIS
G82658,SELLINDGE SURGERY,TN25 6JX,51.103536,1.002785,E07000112,E10000016,EMIS,EMIS
G82665,MARTELLO HEALTH CENTRE,TN29 0TD,51.025883,0.995496,E07000112,E10000016,EMIS,EMIS
G82666,BIRCHINGTON MEDICAL CENTRE,CT7 9HQ,51.376182,1.297647,E07000114,E10000016,EMIS,EMIS
G82679,APEX MEDICAL CENTRE,ME2 4UW,51.397397,0.493218,E06000035,E99999999,EMIS,EMIS
G82682,THE OM MEDICAL CENTRE,ME12 1UA,51.438765,0.762195,E07000113,E10000016,EMIS,EMIS
G82684,NEW LYMINGE SURGERY,CT18 8NS,51.124283,1.091303,E07000112,E10000016,EMIS,EMIS
G82687,VEL SURGERY,ME12 1UP,51.436123,0.766669,E07000113,E10000016,EMIS,EMIS
G82691,LANGLEY,ME17 3JY,51.236872,0.593255,E07000110,E10000016,EMIS,EMIS
G82693,MEMORIAL MEDICAL CENTRE,ME10 4XX,51.334603,0.736574,E07000113,E10000016,EMIS,EMIS
G82696,THE NEW GOLF ROAD SURGERY,CT14 6PY,51.229964,1.399342,E07000108,E10000016,EMIS,EMIS
G82697,THE CHURCHILL CLINIC,ME5 0DL,51.360115,0.533656,E06000035,E99999999,EMIS,EMIS
G82698,THE MEDIC CARE SURGERY,ME10 4DT,51.334603,0.736574,E07000113,E10000016,EMIS,EMIS
G82700,BUCKLAND MEDICAL PRACTICE,CT16 2NP,51.137435,1.296741,E07000108,E10000016,EMIS,EMIS
G82702,GREEN PORCH MEDICAL PARTNERSHIP,ME10 2HA,51.35514,0.739477,E07000113,E10000016,EMIS,EMIS
G82708,MARLOWE PARK MEDICAL CTR.,ME2 2PW,51.387696,0.468068,E06000035,E99999999,EMIS,EMIS
G82711,BORSTAL VILLAGE SURGERY,ME1 3JY,51.372102,0.482475,E06000035,E99999999,EMIS,EMIS
G82719,MATRIX MEDICAL PRACTICE,ME5 7JX,51.36992,0.548868,E06000035,E99999999,EMIS,EMIS
G82721,PARKWOOD FAMILY PRACTICE,ME8 9RR,51.34528,0.59219,E06000035,E99999999,EMIS,EMIS
G82729,WHITE CLIFFS MEDICAL CENTRE,CT17 9SG,51.124181,1.301671,E07000108,E10000016,EMIS,EMIS
G82730,KINGSNORTH MEDICAL PRACTICE,TN23 3ED,51.120699,0.85995,E07000105,E10000016,EMIS,EMIS
G82733,ORCHARD END,TN17 3AY,51.091413,0.539562,E07000116,E10000016,EMIS,EMIS
G82737,LONG CATLIS ROAD SURGERY,ME8 9PR,51.348325,0.595608,E06000035,E99999999,EMIS,EMIS
G82741,PRINCES PARK MEDICAL CTR,ME7 1LX,51.394009,0.550351,E06000035,E99999999,EMIS,EMIS
G82744,MARITIME HEALTH PARTNERSHIP,ME4 3EP,51.406796,0.537976,E06000035,E99999999,EMIS,EMIS
G82753,THE KINGS FAMILY PRACTICE,ME4 5JY,51.377821,0.534576,E06000035,E99999999,EMIS,EMIS
G82754,HADLOW MEDICAL CENTRE,TN11 0ET,51.224456,0.337794,E07000115,E10000016,EMIS,EMIS
G82763,NAPIER ROAD SURGERY,ME7 4HH,51.381108,0.55383,E06000035,E99999999,EMIS,EMIS
G82768,LONSDALE MEDICAL CENTRE,TN1 1PE,51.131705,0.261895,E07000116,E10000016,EMIS,EMIS
G82780,GRAVESEND MEDICAL CENTRE,DA12 2EN,51.443933,0.370016,E07000109,E10000016,EMIS,EMIS
G82790,OLD SCHOOL SURGERY,CT4 7JY,51.253792,1.00669,E07000106,E10000016,EMIS,EMIS
G82796,BROADSTAIRS MEDICAL PRACTICE,CT10 2AJ,51.360641,1.43308,E07000114,E10000016,EMIS,EMIS
G82799,SHEPPEY HEALTHY LIVING CENTRE,ME12 1HH,51.441212,0.763307,E07000113,E10000016,EMIS,EMIS
G82802,CANTERBURY HEALTH CENTRE,CT1 3JH,51.274249,1.08298,E07000106,E10000016,EMIS,EMIS
G82808,"OAKFIELD HEALTH CENTRE, PRACTICE 2",DA12 5BW,51.420966,0.370754,E07000109,E10000016,EMIS,EMIS
G82888,SOUTH PARK MEDICAL PRACTICE,TN13 1ED,51.270004,0.189729,E07000111,E10000016,EMIS,EMIS
G83001,MANOR BROOK PMS,SE3 0EN,51.469221,0.025088,E09000011,E99999999,EMIS,EMIS
G83002,THE WESTWOOD SURGERY,DA16 2HE,51.463176,0.097323,E09000004,E99999999,EMIS,EMIS
G83004,BARNARD MEDICAL GROUP,DA14 4TA,51.42792,0.105576,E09000004,E99999999,EMIS,EMIS
G83006,THE ALBION SURGERY,DA6 7LP,51.453977,0.147423,E09000004,E99999999,EMIS,EMIS
G83009,BELLEGROVE SURGERY,DA16 3RE,51.464561,0.095817,E09000004,E99999999,EMIS,EMIS
G83010,NORTHUMBERLAND HEATH MED.CTR.,DA8 3DB,51.476927,0.166028,E09000004,E99999999,EMIS,EMIS
G83012,GALLIONS REACH HEALTH CENTRE,SE28 8BE,51.505665,0.109491,E09000011,E99999999,EMIS,EMIS
G83013,BLACKHEATH STANDARD PMS,SE3 7HB,51.478134,0.019823,E09000011,E99999999,EMIS,EMIS
G83015,ELTHAM PALACE SURGERY,SE9 5DQ,51.449946,0.05374,E09000011,E99999999,EMIS,EMIS
G83016,ROYAL ARSENAL MEDICAL CENTRE,SE18 6TE,51.493492,0.073503,E09000011,E99999999,EMIS,EMIS
G83018,LAKESIDE MEDICAL,SE2 9LH,51.496519,0.122482,E09000004,E99999999,EMIS,EMIS
G83019,PLUMSTEAD H/C PMS,SE18 1BB,51.485951,0.09203,E09000011,E99999999,EMIS,EMIS
G83021,VANBRUGH GROUP PRACTICE,SE10 9GB,51.48607,0.008579,E09000011,E99999999,EMIS,EMIS
G83024,INGLETON AVENUE SURGERY,DA16 2JZ,51.454007,0.104114,E09000004,E99999999,MEDICUS,MEDICUS
G83025,WELLING MEDICAL PRACTICE,DA16 2AT,51.460844,0.107999,E09000004,E99999999,EMIS,EMIS
G83026,TRIVENI PMS,SE18 5TE,51.490322,0.058464,E09000011,E99999999,EMIS,EMIS
G83027,EVEREST HEALTH PARTNERSHIP,SE9 6ER,51.454715,0.049463,E09000011,E99999999,EMIS,EMIS
G83028,BEXLEY GROUP PRACTICE,DA16 3HQ,51.465832,0.109683,E09000004,E99999999,EMIS,EMIS
G83029,PLAS MEDDYG SURGERY,DA5 1HU,51.442846,0.144397,E09000004,E99999999,EMIS,EMIS
G83030,ALL SAINTS MEDICAL CENTRE PMS,SE18 3PS,51.479133,0.066256,E09000011,E99999999,EMIS,EMIS
G83031,ABBEY WOOD SURGERY,SE2 9AT,51.497105,0.116905,E09000011,E99999999,EMIS,EMIS
G83033,DR DAVIES & PARTNER,DA7 5HL,51.472278,0.139543,E09000004,E99999999,EMIS,EMIS
G83039,ST MARKS PMS,SE18 3EP,51.481107,0.072596,E09000011,E99999999,EMIS,EMIS
G83044,FAIRFIELD PMS,SE7 8TX,51.483909,0.038975,E09000011,E99999999,EMIS,EMIS
G83049,LYNDHURST ROAD MEDICAL CENTRE,DA7 6DL,51.461251,0.158792,E09000004,E99999999,EMIS,EMIS
G83052,BELVEDERE MEDICAL CENTRE,DA17 5LQ,51.482567,0.144404,E09000004,E99999999,EMIS,EMIS
G83053,BEXLEY MEDICAL GROUP,DA7 5RB,51.475061,0.127995,E09000004,E99999999,EMIS,EMIS
G83057,WOODLANDS SURGERY,DA15 8DF,51.439755,0.088939,E09000004,E99999999,EMIS,EMIS
G83058,PRIMECARE PMS (SOUTH STREET),SE10 8NT,51.476194,-0.012448,E09000011,E99999999,EMIS,EMIS
G83060,GLYNDON PMS,SE18 7LU,51.487385,0.079622,E09000011,E99999999,EMIS,EMIS
G83062,SLADE GREEN MEDICAL CTR.,DA8 2HS,51.470505,0.189813,E09000004,E99999999,EMIS,EMIS
G83065,BURNEY STREET PMS,SE10 8EX,51.479034,-0.009142,E09000011,E99999999,EMIS,EMIS
G83066,SIDCUP MEDICAL CENTRE,DA14 6BU,51.42356,0.105965,E09000004,E99999999,EMIS,EMIS
G83067,VALENTINE HEALTH PARTNERSHIP,SE18 6PZ,51.49221,0.061546,E09000011,E99999999,EMIS,EMIS
G83628,NEW ELTHAM AND BLACKFEN MEDICAL CENTRE,SE9 3PT,51.434495,0.074225,E09000011,E99999999,EMIS,EMIS
G83630,RIVERSIDE SURGERY,DA8 1RQ,51.479649,0.180746,E09000004,E99999999,EMIS,EMIS
G83631,ABBEYSLADE PMS (DR CHAND),SE2 0ER,51.487797,0.10747,E09000011,E99999999,EMIS,EMIS
G83633,CONWAY PMS,SE18 1AH,51.487248,0.086371,E09000011,E99999999,EMIS,EMIS
G83635,WAVERLEY PMS,SE18 7QU,51.482737,0.083141,E09000011,E99999999,EMIS,EMIS
G83641,PLUMBRIDGE MEDICAL CENTRE,SE10 8PA,51.473207,-0.01396,E09000011,E99999999,EMIS,EMIS
G83642,CRAYFORD TOWN SURGERY,DA1 4ER,51.450116,0.181223,E09000004,E99999999,EMIS,EMIS
G83647,PLUMSTEAD AND WICKHAM LANE SURGERY,SE18 1SE,51.487514,0.092621,E09000011,E99999999,EMIS,EMIS
G83651,WOODLANDS SURGERY,SE10 9UB,51.484798,0.004634,E09000011,E99999999,EMIS,EMIS
G83654,BANNOCKBURN SURGERY,SE18 1ES,51.488171,0.094581,E09000011,E99999999,EMIS,EMIS
G83673,ELMSTEAD MEDICAL CLINIC,SE9 3JD,51.432081,0.059139,E09000011,E99999999,EMIS,EMIS
G83680,ELTHAM MEDICAL PRACTICE,SE9 5DQ,51.449946,0.05374,E09000011,E99999999,EMIS,EMIS
G84001,SOUTH VIEW PARTNERSHIP,BR1 3DR,51.405111,0.026151,E09000006,E99999999,EMIS,EMIS
G84002,DYSART SURGERY,BR1 1DS,51.399742,0.016238,E09000006,E99999999,EMIS,EMIS
G84003,LINKS MEDICAL PRACTICE,BR1 4PX,51.419793,0.014834,E09000006,E99999999,EMIS,EMIS
G84004,STOCK HILL SURGERY,TN16 3TJ,51.31207,0.031838,E09000006,E99999999,EMIS,EMIS
G84005,DERRY DOWNS SURGERY,BR5 4DU,51.385174,0.116678,E09000006,E99999999,EMIS,EMIS
G84006,SUMMERCROFT SURGERY,BR6 7AR,51.365357,0.063084,E09000006,E99999999,EMIS,EMIS
G84007,POVEREST MEDICAL CENTRE,BR5 2DQ,51.390011,0.101291,E09000006,E99999999,EMIS,EMIS
G84008,MANOR ROAD SURGERY,BR3 5LE,51.407168,-0.022718,E09000006,E99999999,EMIS,EMIS
G84009,FAMILY SURGERY,BR6 6BG,51.354367,0.090023,E09000006,E99999999,EMIS,EMIS
G84010,THE CHISLEHURST PARTNERSHIP,BR7 5AQ,51.419678,0.066938,E09000006,E99999999,EMIS,EMIS
G84011,EDEN PARK SURGERY,BR3 4DQ,51.399334,-0.0414,E09000006,E99999999,EMIS,EMIS
G84013,ST MARY CRAY PRACTICE,BR5 4AR,51.386837,0.113751,E09000006,E99999999,EMIS,EMIS
G84015,STATION ROAD SURGERY,BR4 0PU,51.377081,-0.01486,E09000006,E99999999,EMIS,EMIS
G84016,LONDON LANE CLINIC,BR1 4HB,51.415222,0.008679,E09000006,E99999999,EMIS,EMIS
G84017,ADDINGTON ROAD SURGERY,BR4 9BG,51.369081,-0.003942,E09000006,E99999999,EMIS,EMIS
G84018,CORNERWAYS SURGERY,BR3 5LG,51.407045,-0.020236,E09000006,E99999999,EMIS,EMIS
G84019,BROOMWOOD HEALTH CENTRE,BR5 2JP,51.402718,0.108746,E09000006,E99999999,EMIS,EMIS
G84020,CHELSFIELD SURGERY,BR6 6HD,51.355726,0.104017,E09000006,E99999999,EMIS,EMIS
G84023,SOUTHBOROUGH LANE SURGERY,BR2 9GT,51.387262,0.037968,E09000006,E99999999,EMIS,EMIS
G84024,BROMLEY COMMON PRACTICE,BR2 9GT,51.387262,0.037968,E09000006,E99999999,EMIS,EMIS
G84025,THE PARK PRACTICE,SE20 8QA,51.41277,-0.06418,E09000006,E99999999,EMIS,EMIS
G84027,ELM HOUSE SURGERY,BR3 3FD,51.404872,-0.032695,E09000006,E99999999,EMIS,EMIS
G84028,ST JAMES' PRACTICE,BR3 4DG,51.399237,-0.043647,E09000006,E99999999,EMIS,EMIS
G84029,ROBIN HOOD SURGERY,SE20 7AB,51.40983,-0.05769,E09000006,E99999999,EMIS,EMIS
G84030,FORGE CLOSE SURGERY,BR2 7LL,51.377138,0.016582,E09000006,E99999999,EMIS,EMIS
G84032,KNOLL MEDICAL PRACTICE,BR6 0FE,51.37541,0.101067,E09000006,E99999999,EMIS,EMIS
G84033,PICKHURST SURGERY,BR2 7JF,51.378033,0.010543,E09000006,E99999999,EMIS,EMIS
G84035,TUDOR WAY SURGERY,BR5 1LH,51.388791,0.078424,E09000006,E99999999,EMIS,EMIS
G84039,NORHEADS LANE SURGERY,TN16 3XS,51.314542,0.026767,E09000006,E99999999,EMIS,EMIS
G84040,BALLATER SURGERY,BR6 0DP,51.3822,0.095026,E09000006,E99999999,EMIS,EMIS
G84041,GILLMANS ROAD SURGERY,BR5 4LA,51.377152,0.110229,E09000006,E99999999,EMIS,EMIS
G84604,HIGHLAND ROAD SURGERY,BR1 4AD,51.410167,0.006157,E09000006,E99999999,EMIS,EMIS
G84607,WICKHAM PARK SURGERY,BR4 9PS,51.376153,-0.023292,E09000006,E99999999,EMIS,EMIS
G84609,BANK HOUSE SURGERY,BR6 7BA,51.359059,0.069869,E09000006,E99999999,EMIS,EMIS
G84621,WHITEHOUSE SURGERY,BR5 1EL,51.384132,0.077451,E09000006,E99999999,EMIS,EMIS
G84624,ANERLEY SURGERY,SE20 8TJ,51.409202,-0.062116,E09000006,E99999999,EMIS,EMIS
G84625,OAKFIELD SURGERY,SE20 8QA,51.41277,-0.06418,E09000006,E99999999,EMIS,EMIS
G84627,GREEN STREET GREEN MED CT,BR6 6BG,51.354367,0.090023,E09000006,E99999999,EMIS,EMIS
G84629,SUNDRIDGE MEDICAL CENTRE,BR1 4HE,51.414677,0.014767,E09000006,E99999999,EMIS,EMIS
G84630,CRESCENT SURGERY,BR5 2DD,51.389854,0.106473,E09000006,E99999999,EMIS,EMIS
G85001,FOREST HILL GROUP PRACTICE,SE22 0SQ,51.453617,-0.061517,E09000028,E99999999,EMIS,EMIS
G85002,STREATHAM HIGH PRACTICE,SW16 2ST,51.432463,-0.126577,E09000022,E99999999,EMIS/EVERGREENLIFE,EMIS
G85004,MODALITY LEWISHAM (ML),SE23 1HU,51.442383,-0.040854,E09000023,E99999999,EMIS,EMIS
G85006,THE ACORN & GAUMONT HOUSE SURGERY,SE15 5SL,51.474157,-0.06645,E09000028,E99999999,EMIS,EMIS
G85011,CLAPHAM FAMILY PRACTICE,SW4 7DB,51.463106,-0.133644,E09000022,E99999999,EMIS,EMIS
G85013,CAMBERWELL GREEN SURGERY,SE5 7AF,51.474618,-0.093445,E09000028,E99999999,EMIS,EMIS
G85014,STREATHAM COMMON PRACTICE,SW16 3NP,51.418615,-0.12664,E09000022,E99999999,EMIS,EMIS
G85015,THE QRP SURGERY,SE14 5HD,51.474264,-0.047409,E09000023,E99999999,EMIS,EMIS
G85016,HERNE HILL GROUP PRACTICE,SE24 9QP,51.45582,-0.09882,E09000022,E99999999,EMIS,EMIS
G85020,KINGFISHER MEDICAL CENTRE,SE8 5DA,51.481877,-0.030477,E09000023,E99999999,EMIS,EMIS
G85021,PRENTIS MEDICAL CENTRE,SW16 1XU,51.430487,-0.130111,E09000022,E99999999,EMIS,EMIS
G85022,NORTH WOOD GROUP PRACTICE,SE19 3NY,51.422729,-0.098467,E09000022,E99999999,EMIS,EMIS
G85023,LEWISHAM MEDICAL CENTRE,SE13 5PJ,51.458515,0.004418,E09000023,E99999999,EMIS,EMIS
G85024,SYDENHAM GREEN GROUP PRACTICE,SE26 4TH,51.42918,-0.039189,E09000023,E99999999,EMIS,EMIS
G85025,BRIXTON HILL GROUP PRACTICE,SW2 1AE,51.452316,-0.120195,E09000022,E99999999,EMIS,EMIS
G85026,CLIFTON RISE FAMILY PRACTICE,SE8 4BG,51.476335,-0.031407,E09000023,E99999999,EMIS,EMIS
G85028,STOCKWELL GROUP PRACTICE,SW9 9TJ,51.468037,-0.117533,E09000022,E99999999,EMIS,EMIS
G85029,FALMOUTH ROAD GROUP PRACTICE,SE1 4JW,51.496719,-0.093272,E09000028,E99999999,EMIS/EVERGREENLIFE,EMIS
G85030,PARKSIDE MEDICAL CENTRE,SE5 7AQ,51.475827,-0.092617,E09000028,E99999999,EMIS/EVERGREENLIFE,EMIS
G85031,DMC CHADWICK ROAD,SE15 4PU,51.467864,-0.074232,E09000028,E99999999,EMIS,EMIS
G85032,TORRIDON ROAD MEDICAL PRACTICE,SE6 1RB,51.44011,-0.002086,E09000023,E99999999,EMIS,EMIS
G85034,NEXUS HEALTH GROUP,SE1 6JP,51.495618,-0.101933,E09000028,E99999999,EMIS,EMIS
G85038,THE LEWISHAM CARE PARTNERSHIP,SE13 7SX,51.467393,-0.022175,E09000023,E99999999,EMIS,EMIS
G85039,PAXTON GREEN GROUP PRACTICE,SE21 8AU,51.430297,-0.086069,E09000028,E99999999,EMIS,EMIS
G85040,QUEENS ROAD SURGERY,SE15 2UA,51.475097,-0.063991,,,EMIS/EVERGREENLIFE,EMIS
G85041,PALACE ROAD SURGERY,SW2 3DY,51.443797,-0.120602,E09000022,E99999999,EMIS,EMIS
G85042,ST GILES SURGERY,SE5 7RF,51.474547,-0.084145,E09000028,E99999999,EMIS,EMIS
G85044,VALLEY ROAD SURGERY,SW16 2XT,51.428616,-0.119398,E09000022,E99999999,EMIS,EMIS
G85045,HETHERINGTON GROUP PRACTICE,SW4 7NU,51.461034,-0.128301,E09000022,E99999999,EMIS,EMIS
G85046,LEE ROAD SURGERY,SE3 9RT,51.462503,0.009444,E09000023,E99999999,EMIS,EMIS
G85047,KNIGHTS HILL SURGERY SUITE 1,SE27 0DF,51.431799,-0.104895,E09000022,E99999999,EMIS,EMIS
G85051,ELM LODGE SURGERY,SE24 9HJ,51.451506,-0.096207,E09000028,E99999999,EMIS,EMIS
G85052,OLD KENT ROAD SURGERY,SE1 5TY,51.490488,-0.081187,E09000028,E99999999,EMIS,EMIS
G85053,HURLEY AND RIVERSIDE PRACTICES,SE11 4HJ,51.490669,-0.10672,E09000022,E99999999,EMIS,EMIS
G85054,LAMBETH WALK GROUP PRACTICE,SW9 6AF,51.475716,-0.105178,E09000022,E99999999,EMIS,EMIS
G85057,ASHDOWN MEDICAL GROUP,BR1 5EP,51.426849,0.009836,E09000023,E99999999,EMIS,EMIS
G85061,WOOLSTONE MEDICAL CENTRE,SE23 2SG,51.43842,-0.03675,E09000023,E99999999,EMIS,EMIS
G85073,VASSALL MEDICAL CENTRE,SW9 6NA,51.477559,-0.108486,E09000022,E99999999,EMIS,EMIS
G85076,NEW CROSS CENTRE (HURLEY GROUP),SE14 6LD,51.476403,-0.031707,E09000023,E99999999,EMIS,EMIS
G85083,SANDMERE PRACTICE,SW4 7QJ,51.462596,-0.127604,E09000022,E99999999,EMIS,EMIS
G85084,PENROSE SURGERY,SE17 3DW,51.487448,-0.097764,E09000028,E99999999,EMIS,EMIS
G85085,GROVE MEDICAL CENTRE,SE8 3QH,51.490256,-0.035201,E09000023,E99999999,EMIS,EMIS
G85086,THE SOUTH LAMBETH RD PRACTICE,SW8 1UL,51.476571,-0.123648,E09000022,E99999999,EMIS,EMIS
G85087,SILVERLOCK MEDICAL CENTRE,SE16 3HA,51.485968,-0.063343,E09000028,E99999999,EMIS,EMIS
G85091,THE THREE ZERO SIX MEDICAL CENTRE,SE22 8LY,51.450741,-0.076377,E09000028,E99999999,EMIS,EMIS
G85096,THE VALE SURGERY,SW16 5SE,51.417246,-0.136634,E09000022,E99999999,EMIS,EMIS
G85100,BECKETT HOUSE PRACTICE,SW9 9DL,51.469491,-0.123521,E09000022,E99999999,EMIS,EMIS
G85102,GRAY'S INN MEDICAL GROUP VAUXHALL,SE11 5NH,51.489885,-0.118924,E09000022,E99999999,EMIS,EMIS
G85104,ICO HEALTH GROUP,BR1 5EP,51.426849,0.009836,E09000023,E99999999,EMIS,EMIS
G85105,VESTA ROAD SURGERY,SE4 2NH,51.468737,-0.040618,E09000023,E99999999,EMIS,EMIS
G85109,CLAPHAM PARK GROUP PRACTICE,SW4 8JP,51.451908,-0.135209,E09000022,E99999999,EMIS,EMIS
G85114,WELLS PARK PRACTICE,SE26 6JQ,51.430522,-0.063099,E09000023,E99999999,EMIS,EMIS
G85119,STERNHALL LANE SURGERY,SE15 4NT,51.466772,-0.06741,E09000028,E99999999,EMIS,EMIS
G85120,TRIANGLE GROUP PRACTICE LIMITED,SE13 6DQ,51.457798,-0.011045,E09000023,E99999999,EMIS,EMIS
G85121,PARKVIEW SURGERY,SE6 1AT,51.444864,-0.007707,E09000023,E99999999,EMIS,EMIS
G85123,BINFIELD ROAD SURGERY,SW4 6TB,51.474471,-0.125606,E09000022,E99999999,EMIS,EMIS
G85125,PARK MEDICAL CENTRE,SE16 2PE,51.492146,-0.049813,E09000028,E99999999,EMIS,EMIS
G85127,THE CORNER SURGERY,SE5 9NS,51.469673,-0.095724,E09000022,E99999999,EMIS,EMIS
G85129,THE DEERBROOK SURGERY,SE27 9AW,51.437861,-0.106026,E09000022,E99999999,EMIS,EMIS
G85130,MAWBEY GROUP PRACTICE,SW8 2UD,51.479284,-0.125207,E09000022,E99999999,EMIS,EMIS
G85132,TESSA JOWELL GP SURGERY,SE22 8EY,51.459235,-0.080511,E09000028,E99999999,EMIS/EVERGREENLIFE,EMIS
G85134,THE LISTER PRIMARY CARE CENTRE,SE15 5LJ,51.474437,-0.075222,E09000028,E99999999,EMIS,EMIS
G85135,MINET GREEN HEALTH PRACTICE,SW9 6AF,51.475716,-0.105178,E09000022,E99999999,EMIS,EMIS
G85136,WATERLOO HEALTH CENTRE,SE1 7AE,51.500521,-0.113746,E09000022,E99999999,EMIS,EMIS
G85137,BROCKWELL PARK SURGERY,SE24 9AE,51.448786,-0.101515,E09000022,E99999999,EMIS,EMIS
G85138,ALBION STREET GROUP PRACTICE,SE16 7JX,51.501008,-0.050616,E09000028,E99999999,EMIS,EMIS
G85623,BERMONDSEY SPA MEDICAL CENTRE,SE16 4BL,51.496937,-0.069232,E09000028,E99999999,EMIS,EMIS
G85632,THE VILLA STREET MEDICAL CENTRE,SE17 2EL,51.486566,-0.08828,E09000028,E99999999,EMIS,EMIS
G85633,NOVUM HEALTH PARTNERSHIP,SE6 4JH,51.449319,-0.018019,E09000023,E99999999,EMIS,EMIS
G85642,BLACKFRIARS MEDICAL PRACTICE,SE1 8EE,51.505365,-0.10575,E09000028,E99999999,EMIS,EMIS
G85644,THE GARDENS SURGERY,SE22 9QU,51.460629,-0.066834,E09000028,E99999999,EMIS,EMIS
G85647,THE EXCHANGE SURGERY,SW16 2ST,51.432463,-0.126577,E09000022,E99999999,EMIS,EMIS
G85651,THE DULWICH MEDICAL CENTRE,SE22 9EP,51.455455,-0.072062,E09000028,E99999999,EMIS,EMIS
G85662,THE STREATHAM HILL GROUP PRACTICE,SW16 2PG,51.437316,-0.126379,E09000022,E99999999,EMIS,EMIS
G85673,SPRINGFIELD MEDICAL CENTRE,SW8 2SH,51.470826,-0.133329,E09000022,E99999999,EMIS,EMIS
G85674,GRAFTON SQUARE SURGERY,SW4 0DE,51.464315,-0.139526,E09000022,E99999999,EMIS,EMIS
G85681,THE LORDSHIP LANE SURGERY,SE22 8JN,51.448369,-0.073195,E09000028,E99999999,EMIS,EMIS
G85685,THE NUNHEAD SURGERY,SE15 3LY,51.464088,-0.057921,E09000028,E99999999,EMIS,EMIS
G85690,HERNE HILL ROAD MEDICAL PRACTICE,SE24 0AU,51.46555,-0.10046,E09000022,E99999999,EMIS,EMIS
G85695,AKERMAN MEDICAL PRACTICE,SW9 6AF,51.475716,-0.105178,E09000022,E99999999,EMIS,EMIS
G85696,VALE MEDICAL CENTRE,SE23 2JF,51.435469,-0.043625,E09000023,E99999999,EMIS,EMIS
G85698,AMERSHAM VALE TRAINING PRACTICE,SE14 6LD,51.476403,-0.031707,E09000023,E99999999,EMIS,EMIS
G85705,THE NEW MILL STREET SURGERY,SE1 2BP,51.500709,-0.071118,E09000028,E99999999,EMIS,EMIS
G85706,THE OLD DAIRY HEALTH CENTRE,SE21 8SZ,51.436586,-0.091201,E09000022,E99999999,EMIS,EMIS
G85708,DR CURRAN & PARTNERS,SW4 6EB,51.465149,-0.136008,E09000022,E99999999,EMIS,EMIS
G85711,DEPTFORD SURGERY,SE14 6TJ,51.474602,-0.027839,E09000023,E99999999,EMIS,EMIS
G85715,THE LISTER PRACTICE,SE15 5LJ,51.474437,-0.075222,E09000028,E99999999,EMIS/EVERGREENLIFE,EMIS
G85716,OAKVIEW FAMILY PRACTICE,BR1 5NJ,51.429828,0.007047,E09000023,E99999999,EMIS,EMIS
G85721,EAST STREET,SE17 2GN,51.487931,-0.085976,E09000028,E99999999,EMIS,EMIS
G85722,WOODLANDS HEALTH CENTRE,SE13 6RN,51.449858,-0.005791,E09000023,E99999999,EMIS,EMIS
G85724,EDITH CAVELL PRACTICE,SW2 4TP,51.441155,-0.124625,E09000022,E99999999,EMIS/EVERGREENLIFE,EMIS
G85726,BRUNSWICK PARK FAMILY PRACTICE,SE5 7RF,51.474547,-0.084145,E09000028,E99999999,EMIS,EMIS
G85727,NIGHTINGALE SURGERY,SE12 8NP,51.452782,0.009938,E09000023,E99999999,EMIS,EMIS
G85736,DEPTFORD MEDICAL CENTRE,SE14 6TG,51.474535,-0.027064,E09000023,E99999999,EMIS,EMIS
H81002,KNOWLE GREEN MEDICAL,TW18 1XD,51.429028,-0.501099,E07000213,E10000030,EMIS,EMIS
H81003,SUNBURY GROUP PRACTICE,TW16 6RH,51.412948,-0.418824,E07000213,E10000030,EMIS,EMIS
H81004,SHEPPERTON MEDICAL PRACTICE,TW17 8EJ,51.396401,-0.453133,E07000213,E10000030,EMIS,EMIS
H81005,POND TAIL SURGERY,RH9 8DY,51.246434,-0.066702,E07000215,E10000030,TPP,TPP
H81006,AUSTEN ROAD SURGERY,GU1 3NW,51.237257,-0.557962,E07000209,E10000030,EMIS,EMIS
H81009,STUDHOLME MEDICAL CENTRE,TW15 2TU,51.433329,-0.462388,E07000213,E10000030,EMIS,EMIS
H81010,GUILDOWNS GROUP PRACTICE,GU2 8LZ,51.243426,-0.612313,E07000209,E10000030,EMIS,EMIS
H81011,NORK CLINIC,SM7 1HL,51.326341,-0.216021,E07000211,E10000030,EMIS,EMIS
H81013,BARTLETT GROUP PRACTICE,GU16 6QQ,51.302734,-0.72549,E07000214,E10000030,EMIS,EMIS
H81015,CHOBHAM & WEST END MEDICAL PRACTICE,GU24 8NA,51.349809,-0.602498,E07000214,E10000030,EMIS,EMIS
H81016,FAIRFIELD MEDICAL CENTRE,KT23 4DH,51.278293,-0.376765,E07000210,E10000030,EMIS,EMIS
H81017,ASHLEA MEDICAL PRACTICE,KT21 2BQ,51.312173,-0.302248,E07000210,E10000030,EMIS,EMIS
H81019,SUNNY MEED SURGERY,GU22 7EY,51.315437,-0.551223,E07000217,E10000030,EMIS,EMIS
H81020,FORT HOUSE SURGERY,KT12 3LD,51.379997,-0.406035,E07000207,E10000030,EMIS,EMIS
H81021,THE MILL MEDICAL PRACTICE,GU7 1JW,51.190737,-0.596279,E07000216,E10000030,EMIS,EMIS
H81022,CHIDDINGFOLD SURGERY,GU8 4QP,51.113855,-0.640883,E07000216,E10000030,EMIS,EMIS
H81023,LINGFIELD SURGERY,RH7 6ER,51.173386,-0.01747,E07000215,E10000030,EMIS,EMIS
H81024,GOLDSWORTH PARK HEALTH CENTRE,GU21 3LQ,51.318824,-0.5915,E07000217,E10000030,EMIS,EMIS
H81025,ST JOHN'S FAMILY PRACTICE,GU21 8TD,51.311958,-0.597866,E07000217,E10000030,EMIS,EMIS
H81026,BINSCOMBE MEDICAL CENTRE,GU7 3PR,51.203148,-0.614525,E07000216,E10000030,EMIS,EMIS
H81027,FARNHAM PARK HEALTH GROUP,GU9 9QS,51.220756,-0.78436,E07000216,E10000030,EMIS,EMIS
H81028,DORKING MEDICAL PRACTICE,RH4 2QR,51.228524,-0.335492,E07000210,E10000030,TPP,TPP
H81029,DAPDUNE HOUSE SURGERY,GU1 4RP,51.241983,-0.577542,E07000209,E10000030,EMIS,EMIS
H81030,THE HOUSE PARTNERSHIP,RH1 1EB,51.240414,-0.175708,E07000211,E10000030,EMIS,EMIS
H81031,WITLEY SURGERY,GU8 5QR,51.156452,-0.650143,E07000216,E10000030,MEDICUS,MEDICUS
H81032,HEATHCOT MEDICAL PRACTICE,GU22 7XL,51.315469,-0.555958,E07000217,E10000030,EMIS,EMIS
H81033,CHERTSEY HEALTH CENTRE,KT16 8HZ,51.387964,-0.496492,E07000212,E10000030,EMIS,EMIS
H81034,MADEIRA MEDICAL,KT14 6DH,51.338062,-0.50612,E07000217,E10000030,EMIS,EMIS
H81035,MERROW PARK SURGERY,GU4 7EP,51.251386,-0.530595,E07000209,E10000030,EMIS,EMIS
H81036,PARISHES BRIDGE MED.PRACT,KT14 6DH,51.338062,-0.50612,E07000217,E10000030,EMIS,EMIS
H81038,LITTLETON SURGERY,KT10 9NY,51.368848,-0.365075,E07000207,E10000030,EMIS,EMIS
H81039,PARK HOUSE SURGERY,GU19 5AQ,51.36168,-0.693777,E07000214,E10000030,EMIS,EMIS
H81040,STATION ROAD SURGERY,GU16 7HG,51.313252,-0.74596,E07000214,E10000030,EMIS,EMIS
H81041,SOUTHVIEW MEDICAL PRACTICE,GU22 7RR,51.313646,-0.559803,E07000217,E10000030,EMIS,EMIS
H81042,CROUCH OAK FAMILY PRACTICE,KT15 2BH,51.371505,-0.490738,E07000212,E10000030,EMIS,EMIS
H81043,WONERSH SURGERY,GU5 0PE,51.197393,-0.545609,E07000216,E10000030,EMIS,EMIS
H81044,SPRINGFIELD SURGERY,GU8 6EG,51.183825,-0.700912,E07000216,E10000030,EMIS,EMIS
H81046,WAYSIDE MEDICAL PRACTICE,RH6 7AD,51.173235,-0.165884,E07000211,E10000030,EMIS,EMIS
H81047,RUNNYMEDE MEDICAL PRACTICE,TW20 0PF,51.42959,-0.573511,E07000212,E10000030,EMIS,EMIS
H81048,HOLMHURST MEDICAL CENTRE,RH1 2NP,51.252346,-0.153182,E07000211,E10000030,TPP,TPP
H81050,WEY FAMILY PRACTICE,KT14 6DH,51.338062,-0.50612,E07000217,E10000030,EMIS,EMIS
H81051,DERBY MEDICAL CENTRE,KT19 8AG,51.334192,-0.266306,E07000208,E10000030,EMIS,EMIS
H81052,CRANLEIGH MEDICAL PRACTICE,GU6 8AE,51.140608,-0.487039,E07000216,E10000030,EMIS,EMIS
H81053,VILLAGES MEDICAL CTR,GU23 7BP,51.28718,-0.523731,E07000209,E10000030,EMIS,EMIS
H81055,HAWTHORNS SURGERY,RH1 1DT,51.241161,-0.175148,E07000211,E10000030,EMIS,EMIS
H81056,OXTED HEALTH CENTRE,RH8 0BQ,51.257686,9.9e-05,E07000215,E10000030,EMIS,EMIS
H81057,FORDBRIDGE MEDICAL CENTRE,TW15 2SG,51.431268,-0.462989,E07000213,E10000030,EMIS,EMIS
H81058,WOODLANDS ROAD MEDICAL CENTRE,RH1 6EY,51.230953,-0.171613,E07000211,E10000030,EMIS,EMIS
H81061,HILLVIEW MEDICAL CENTRE,GU22 7QP,51.315499,-0.557708,E07000217,E10000030,EMIS,EMIS
H81062,HASLEMERE HEALTH CENTRE,GU27 2BQ,51.092102,-0.707566,E07000216,E10000030,EMIS,EMIS
H81064,FAIRLANDS MEDICAL PRACTICE,GU3 3NA,51.26314,-0.622326,E07000209,E10000030,EMIS,EMIS
H81065,HERSHAM SURGERY,KT12 4HT,51.364115,-0.400036,E07000207,E10000030,EMIS,EMIS
H81066,GROVE MEDICAL CENTRE,TW20 9QJ,51.43119,-0.545625,E07000212,E10000030,EMIS,EMIS
H81067,COBHAM HEALTH CENTRE,KT11 1HT,51.33452,-0.40853,E07000207,E10000030,EMIS,EMIS
H81068,BROCKWOOD MEDICAL PRACTICE,RH3 7NJ,51.221208,-0.284144,E07000210,E10000030,TPP,TPP
H81069,PARK ROAD GROUP PRACTICE,GU15 2NN,51.333905,-0.744952,E07000214,E10000030,EMIS,EMIS
H81070,HEATHCOTE MEDICAL CENTRE,KT20 5TH,51.294797,-0.228059,E07000211,E10000030,EMIS,EMIS
H81071,ASHLEY CENTRE SURGERY,KT18 5AQ,51.332521,-0.266426,E07000208,E10000030,EMIS,EMIS
H81072,MEDWYN SURGERY,RH4 1SD,51.234786,-0.324379,E07000210,E10000030,TPP,TPP
H81073,PHOENIX FAMILY PRACTICE,KT13 8DW,51.37345,-0.459783,E07000207,E10000030,EMIS,EMIS
H81074,ST STEPHENS HOUSE SURGERY,KT21 2DP,51.317718,-0.305702,E07000210,E10000030,EMIS,EMIS
H81075,UPPER GORDON ROAD SURGERY,GU15 2HJ,51.336851,-0.738799,E07000214,E10000030,EMIS,EMIS
H81076,GRAYSHOTT SURGERY,GU26 6TY,51.110088,-0.745607,E07000216,E10000030,EMIS,EMIS
H81077,SHERESURGERYANDDISPENSARY,GU5 9DR,51.220175,-0.460089,E07000209,E10000030,EMIS,EMIS
H81078,GLENLYN MEDICAL CENTRE,KT8 0JX,51.397381,-0.357936,E07000207,E10000030,EMIS,EMIS
H81080,LONGCROFT CLINIC,SM7 3HH,51.325312,-0.192307,E07000211,E10000030,EMIS,EMIS
H81081,TADWORTH MEDICAL CENTRE,KT20 5JE,51.300869,-0.239488,E07000211,E10000030,EMIS,EMIS
H81082,CAMBERLEY HEALTH CENTRE,GU15 2QA,51.324435,-0.754051,E07000214,E10000030,EMIS,EMIS
H81084,THE HORSLEY MEDICAL PRACTICE,KT24 6QT,51.276818,-0.436905,E07000209,E10000030,EMIS,EMIS
H81085,ST. LUKE'S SURGERY,GU1 3JH,51.235819,-0.557276,E07000209,E10000030,EMIS,EMIS
H81086,THORKHILL SURGERY,KT7 0UP,51.384165,-0.327049,E07000207,E10000030,EMIS,EMIS
H81087,ST DAVID'S FAMILY PRACTICE,TW19 7HE,51.453323,-0.478513,E07000213,E10000030,EMIS,EMIS
H81088,CENTRAL SURGERY,GU9 7PT,51.213759,-0.796485,E07000216,E10000030,EMIS,EMIS
H81089,THE WALL HOUSE SURGERY,RH2 9HG,51.241395,-0.207747,E07000211,E10000030,EMIS,EMIS
H81090,WOODBRIDGE HILL SURGERY,GU2 8YB,51.248948,-0.588318,E07000209,E10000030,EMIS,EMIS
H81091,SPRING STREET SURGERY,KT17 1TG,51.350377,-0.252282,E07000208,E10000030,EMIS,EMIS
H81094,THE RED PRACTICE WALTON,KT12 3LB,51.380923,-0.406003,E07000207,E10000030,EMIS,EMIS
H81095,THE YELLOW PRACTICE,KT12 3LB,51.380923,-0.406003,E07000207,E10000030,EMIS,EMIS
H81099,ESHER GREEN SURGERY,KT10 8BX,51.37578,-0.370173,E07000207,E10000030,EMIS,EMIS
H81103,EASTWICK PARK MED.PRACT.,KT23 3ND,51.283655,-0.372389,E07000210,E10000030,EMIS,EMIS
H81104,STANWELL ROAD SURGERY,TW15 3EA,51.438012,-0.470547,E07000213,E10000030,EMIS,EMIS
H81107,OXSHOTT MEDICAL PRACTICE,KT22 0QL,51.334179,-0.359676,E07000207,E10000030,EMIS,EMIS
H81109,CAPELFIELD SURGERY,KT10 0EH,51.360962,-0.339543,E07000207,E10000030,EMIS,EMIS
H81110,HOLLY TREE SURGERY,GU10 4TG,51.188286,-0.809912,E07000216,E10000030,EMIS,EMIS
H81111,VIRGINIA WATER MEDICAL PRACTICE,GU25 4RL,51.403367,-0.568216,E07000212,E10000030,EMIS,EMIS
H81113,LEITH HILL PRACTICE,RH5 5EN,51.150448,-0.322943,E07000210,E10000030,TPP,TPP
H81116,ELIZABETH HOUSE MEDICAL PRACTICE,CR6 9LF,51.308092,-0.049978,E07000215,E10000030,EMIS,EMIS
H81119,WARLINGHAM GREEN MED PRAC,CR6 9NW,51.312277,-0.05719,E07000215,E10000030,EMIS,EMIS
H81122,HYTHE MEDICAL CENTRE SURGERY,TW18 3HN,51.429608,-0.526255,E07000212,E10000030,EMIS,EMIS
H81123,SHEERWATER HEALTH CENTRE,GU21 5QJ,51.334156,-0.530723,E07000217,E10000030,EMIS,EMIS
H81126,TATTENHAM HEALTH CENTRE,KT18 5NU,51.311149,-0.239611,E07000211,E10000030,EMIS,EMIS
H81128,VINE MEDICAL CENTRE,KT8 9LJ,51.403343,-0.357305,E07000207,E10000030,EMIS,EMIS
H81129,PIRBRIGHT SURGERY,GU24 0JE,51.295201,-0.645666,E07000209,E10000030,EMIS,EMIS
H81130,LIGHTWATER SURGERY,GU18 5SQ,51.351902,-0.663998,E07000214,E10000030,EMIS,EMIS
H81131,THE WHITE PRACTICE,KT12 3LB,51.380923,-0.406003,E07000207,E10000030,EMIS,EMIS
H81133,INTEGRATED CARE PARTNERSHIP - OCH,KT17 4BL,51.33446,-0.255299,E07000208,E10000030,EMIS,EMIS
H81134,STAINES HEALTH GROUP,TW18 1XD,51.429028,-0.501099,E07000213,E10000030,EMIS,EMIS
H81615,FARNHAM DENE MEDICAL PRACTICE,GU10 3RB,51.200549,-0.777406,E07000216,E10000030,EMIS,EMIS
H81618,MOLEBRIDGE PRACTICE,KT22 7PZ,51.309033,-0.33215,E07000210,E10000030,EMIS,EMIS
H81632,THE ORCHARD SURGERY,TW15 1HH,51.428582,-0.452219,E07000213,E10000030,EMIS,EMIS
H81638,MODALITY EAST SURREY MEDICAL PRACTICE,RH6 9PT,51.171719,-0.118537,E07000215,E10000030,EMIS,EMIS
H81641,THE PRACTICE COLLEGE ROAD,GU22 8BT,51.32257,-0.539804,E07000217,E10000030,EMIS,EMIS
H81642,UPPER HALLIFORD MEDICAL CENTRE,TW17 8SY,51.411378,-0.43113,E07000213,E10000030,EMIS,EMIS
H81643,MAYBURY SURGERY,GU22 8HF,51.325599,-0.53899,E07000217,E10000030,EMIS,EMIS
H81644,FOUNTAIN PRACTICE,KT17 1TG,51.350377,-0.252282,E07000208,E10000030,EMIS,EMIS
H81656,SHADBOLT PARK HOUSE SURG,KT4 7BX,51.376449,-0.252483,E07000208,E10000030,EMIS,EMIS
H81658,NEW OTTERSHAW SURGERY,KT16 0JX,51.361937,-0.525985,E07000212,E10000030,EMIS,EMIS
H81663,ASHLEY MEDICAL PRACTICE,KT12 2QY,51.382335,-0.41005,E07000207,E10000030,EMIS,EMIS
H81672,THE GROVES HINCHLEY WOOD,KT10 0SP,51.37496,-0.339325,E07000207,E10000030,EMIS,EMIS
H82003,MEADOWS SURGERY,RH15 9XN,50.962132,-0.151738,E07000228,E10000032,EMIS,EMIS
H82004,COWFOLD SURGERY,RH13 8DN,50.989093,-0.273379,E07000227,E10000032,TPP,TPP
H82005,CUCKFIELD MEDICAL CENTRE,RH17 5BQ,51.009421,-0.136601,E07000228,E10000032,TPP,TPP
H82006,THE PETWORTH SURGERY,GU28 0LP,50.983358,-0.607114,E07000225,E10000032,TPP,TPP
H82007,WESTCOURT MEDICAL CENTRE,BN16 3NX,50.811481,-0.513722,E07000224,E10000032,TPP,TPP
H82009,ST. LAWRENCE SURGERY,BN14 7JL,50.823979,-0.390026,E07000229,E10000032,EMIS,EMIS
H82011,STRAND MEDICAL GROUP,BN12 6FA,50.818455,-0.410915,E07000229,E10000032,TPP,TPP
H82012,LEACROFT MEDICAL PRACTICE,RH11 7TF,51.126561,-0.196001,E07000226,E10000032,TPP,TPP
H82013,LANGLEY HOUSE SURGERY,PO19 1RW,50.837049,-0.783261,E07000225,E10000032,TPP,TPP
H82014,COPPICE SURGERY,BN16 3BE,50.813146,-0.500425,E07000224,E10000032,TPP,TPP
H82016,BERSTED GREEN SURGERY,PO22 9TD,50.798069,-0.681792,E07000224,E10000032,TPP,TPP
H82017,PARK SURGERY,RH12 1BG,51.06435,-0.327354,E07000227,E10000032,TPP,TPP
H82020,BOGNOR MEDICAL CENTRE,PO21 1UT,50.783618,-0.677219,E07000224,E10000032,TPP,TPP
H82021,ARUNDEL SURGERY,BN18 9HG,50.852872,-0.567246,E07000224,E10000032,TPP,TPP
H82022,STEYNING HEALTH CENTRE,BN44 3RJ,50.890666,-0.329972,E07000227,E10000032,TPP,TPP
H82023,ADUR HEALTH PARTNERSHIP,BN43 5US,50.83381,-0.274343,E07000223,E10000032,EMIS,EMIS
H82025,WOODLANDS&CLERKLANDS PARTNERSHIP,RH10 5BW,51.103754,-0.184834,E07000226,E10000032,TPP,TPP
H82026,SAXONBROOK MEDICAL CENTRE,RH10 7QH,51.10739,-0.153421,E07000226,E10000032,TPP,TPP
H82027,RUDGWICK MEDICAL CENTRE,RH12 3HB,51.090068,-0.450618,E07000227,E10000032,TPP,TPP
H82028,THE COURTYARD SURGERY HORSHAM,RH12 1AT,51.065407,-0.328315,E07000227,E10000032,TPP,TPP
H82030,PULBOROUGH MEDICAL GROUP,RH20 1FG,50.961132,-0.50908,E07000227,E10000032,TPP,TPP
H82031,LOXWOOD SURGERY,RH14 0SU,51.072639,-0.515719,E07000225,E10000032,TPP,TPP
H82032,RIVERBANK MEDICAL CENTRE,GU29 9AW,50.993474,-0.735088,E07000225,E10000032,TPP,TPP
H82033,GOSSOPS GREEN MEDICAL CTR,RH11 8TY,51.107243,-0.216453,E07000226,E10000032,TPP,TPP
H82034,LIME TREE SURGERY,BN14 0DL,50.848809,-0.395834,E07000229,E10000032,TPP,TPP
H82035,LINDFIELD MEDICAL CENTRE,RH16 2HX,51.01302,-0.081714,E07000228,E10000032,TPP,TPP
H82036,ORCHARD SURGERY,RH12 1PJ,51.062187,-0.332727,E07000227,E10000032,TPP,TPP
H82037,SELSEY MEDICAL PRACTICE,PO20 0QG,50.733258,-0.791761,E07000225,E10000032,TPP,TPP
H82038,FLANSHAM PARK HEALTH CENTRE,PO22 6DH,50.794845,-0.629184,E07000224,E10000032,TPP,TPP
H82039,PARK SURGERY,BN17 6BF,50.808749,-0.53165,E07000224,E10000032,TPP,TPP
H82040,MODALITY MID SUSSEX,RH10 4HY,51.122553,-0.077593,E07000228,E10000032,EMIS,EMIS
H82041,VICTORIA ROAD SURGERY,BN11 1XE,50.816907,-0.376812,E07000229,E10000032,EMIS,EMIS
H82042,CATHEDRAL MEDICAL GROUP,PO19 1XT,50.832176,-0.77643,E07000225,E10000032,TPP,TPP
H82043,GROVE HOUSE SURGERY,PO21 4JB,50.781756,-0.718183,E07000224,E10000032,TPP,TPP
H82044,DOLPHINS PRACTICE,RH16 4BN,51.000197,-0.116049,E07000228,E10000032,TPP,TPP
H82045,WORTHING MEDICAL GROUP,BN11 4BS,50.811415,-0.377016,E07000229,E10000032,EMIS,EMIS
H82046,BROADWATER MEDICAL CENTRE,BN14 8JE,50.827642,-0.37465,E07000229,E10000032,TPP,TPP
H82047,BRIDGE MEDICAL CENTRE,RH10 1LL,51.11736,-0.166412,E07000226,E10000032,TPP,TPP
H82048,AVISFORD MEDICAL GROUP,BN18 0DU,50.822678,-0.613859,E07000224,E10000032,TPP,TPP
H82049,PARKLANDS SURGERY,PO19 3DT,50.838928,-0.787502,E07000225,E10000032,TPP,TPP
H82050,IFIELD MEDICAL PRACTICE,RH11 0BF,51.121212,-0.211928,E07000226,E10000032,EMIS,EMIS
H82051,LAVANT ROAD SURGERY,PO19 5RH,50.853376,-0.781032,E07000225,E10000032,TPP,TPP
H82052,POUND HILL MEDICAL GROUP,RH10 7DX,51.118813,-0.156409,E07000226,E10000032,EMIS,EMIS
H82053,FURNACE GREEN SURGERY,RH10 6JN,51.107078,-0.172519,E07000226,E10000032,EMIS,EMIS
H82055,BILLINGSHURST SURGERY,RH14 9QZ,51.024976,-0.445773,E07000227,E10000032,TPP,TPP
H82056,NEWTONS PRACTICE,RH16 3BB,51.000674,-0.103872,E07000228,E10000032,EMIS,EMIS
H82057,MID SUSSEX HEALTH CARE,BN6 9UQ,50.933714,-0.175252,E07000228,E10000032,TPP,TPP
H82058,MAYWOOD HEALTH CARE CENTRE,PO21 2UW,50.786723,-0.693347,E07000224,E10000032,TPP,TPP
H82059,WILLOW GREEN SURGERY,BN16 3AH,50.814616,-0.490966,E07000224,E10000032,TPP,TPP
H82060,HENFIELD MEDICAL CENTRE,BN5 9JQ,50.936101,-0.27557,E07000227,E10000032,TPP,TPP
H82061,SELDEN MEDICAL CENTRE,BN11 2LL,50.813504,-0.359242,E07000229,E10000032,EMIS,EMIS
H82063,MOATFIELD SURGERY,RH19 3GW,51.131681,-0.013039,E07000228,E10000032,EMIS,EMIS
H82064,SOUTHGATE MEDICAL GROUP,RH10 6TE,51.102312,-0.194532,E07000226,E10000032,TPP,TPP
H82065,BALL TREE SURGERY,BN15 9UX,50.83176,-0.338806,E07000223,E10000032,EMIS,EMIS
H82066,FITZALAN MEDICAL GROUP,BN17 5JR,50.806531,-0.537624,E07000224,E10000032,TPP,TPP
H82067,TANGMERE MEDICAL CENTRE,PO20 2HS,50.851014,-0.71843,E07000225,E10000032,TPP,TPP
H82070,GLEBE SURGERY,RH20 4FR,50.918032,-0.458843,E07000227,E10000032,TPP,TPP
H82072,SILVERDALE PRACTICE,RH15 0EF,50.952838,-0.121681,E07000228,E10000032,EMIS,EMIS
H82076,CORNERWAYS SURGERY,BN11 5RZ,50.815652,-0.404495,E07000229,E10000032,EMIS,EMIS
H82077,THE CROFT SURGERY,PO20 3RP,50.841366,-0.657748,E07000224,E10000032,TPP,TPP
H82078,SOUTHBOURNE SURGERY,PO10 8JH,50.84491,-0.903198,E07000225,E10000032,TPP,TPP
H82084,BROW MEDICAL CENTRE,RH15 9BS,50.955587,-0.135481,E07000228,E10000032,EMIS,EMIS
H82087,BARN SURGERY,BN12 5HJ,50.813945,-0.447323,E07000224,E10000032,TPP,TPP
H82088,BEWBUSH MEDICAL CENTRE,RH11 8XT,51.104191,-0.223284,E07000226,E10000032,TPP,TPP
H82089,RIVERSIDE MEDICAL PRACTICE,RH12 1UD,51.061028,-0.335937,E07000227,E10000032,TPP,TPP
H82091,NEW POND ROW SURGERY,BN15 8AN,50.824904,-0.322266,E07000223,E10000032,EMIS,EMIS
H82092,VILLAGE SURGERY,RH13 9HQ,51.023686,-0.35035,E07000227,E10000032,TPP,TPP
H82095,WITTERINGS MEDICAL CENTRE,PO20 8BH,50.769995,-0.874473,E07000225,E10000032,TPP,TPP
H82096,THE ORCHARD SURGERY,BN15 9AG,50.828055,-0.324326,E07000223,E10000032,EMIS,EMIS
H82098,COACHMANS MEDICAL PRACTICE,RH11 9JA,51.096331,-0.203848,E07000226,E10000032,TPP,TPP
H82099,WEST MEADS SURGERY,PO21 5SB,50.788289,-0.701461,E07000224,E10000032,TPP,TPP
H82100,NORTHLANDS WOOD SURGERY,RH16 3TG,50.996527,-0.081183,E07000228,E10000032,TPP,TPP
H82615,OUSE VALLEY PRACTICE,RH17 6HB,51.060237,-0.201706,E07000228,E10000032,TPP,TPP
H82640,HOLBROOK SURGERY,RH12 5JL,51.083825,-0.300323,E07000227,E10000032,TPP,TPP
H83001,PORTLAND MEDICAL CENTRE,SE25 4QB,51.392417,-0.066736,E09000008,E99999999,EMIS,EMIS
H83004,FARLEY ROAD MEDICAL PRACTICE,CR2 7NG,51.345803,-0.066472,E09000008,E99999999,EMIS,EMIS
H83005,UPPER NORWOOD GROUP PRACTICE,SE19 2NT,51.413307,-0.084794,E09000008,E99999999,EMIS,EMIS
H83006,NEW ADDINGTON GROUP PRACTICE,CR0 0JA,51.344382,-0.018557,E09000008,E99999999,EMIS,EMIS
H83007,VIOLET LANE MEDICAL PRACTICE,CR0 4HN,51.360365,-0.107946,E09000008,E99999999,EMIS,EMIS
H83008,NORTHWAY ROAD SURGERY,CR0 6JJ,51.386562,-0.079242,E09000008,E99999999,EMIS,EMIS
H83009,NORBURY MEDICAL PRACTICE,SW16 4NL,51.404505,-0.122688,E09000008,E99999999,EMIS,EMIS
H83010,SOUTH NORWOOD HILL MEDICAL CENTRE,SE25 6BY,51.403169,-0.080746,E09000008,E99999999,EMIS,EMIS
H83011,NORTH CROYDON MEDICAL CENTRE,CR7 7HQ,51.388313,-0.111163,E09000008,E99999999,EMIS,EMIS
H83012,ST JAMES MEDICAL CENTRE,CR0 2BZ,51.381806,-0.09308,E09000008,E99999999,EMIS,EMIS
H83013,OLD COULSDON MEDICAL PRACTICE,CR5 1HF,51.30662,-0.117803,E09000008,E99999999,EMIS,EMIS
H83014,QUEENHILL MEDICAL PRACTICE,CR2 8DU,51.344989,-0.066764,E09000008,E99999999,EMIS,EMIS
H83015,PARKSIDE GROUP PRACTICE,CR2 6EX,51.350644,-0.098523,E09000008,E99999999,EMIS,EMIS
H83016,KESTON MEDICAL PRACTICE,CR8 2YL,51.34074,-0.11444,E09000008,E99999999,EMIS,EMIS
H83017,BRIGSTOCK MEDICAL PRACTICE,CR7 7JN,51.3951,-0.109359,E09000008,E99999999,EMIS,EMIS
H83018,SELSDON PARK MEDICAL PRACTICE,CR2 8LG,51.342408,-0.064547,E09000008,E99999999,EMIS,EMIS
H83019,FRIENDS ROAD MEDICAL PRACTICE,CR0 1ED,51.371276,-0.094796,E09000008,E99999999,EMIS,EMIS
H83020,EVERSLEY MEDICAL CENTRE,CR7 6AR,51.388513,-0.111888,E09000008,E99999999,EMIS,EMIS
H83021,LONDON ROAD MEDICAL PRACTICE,CR7 6AR,51.388513,-0.111888,E09000008,E99999999,EMIS,EMIS
H83022,THORNTON HEATH MEDICAL CENTRE,CR7 8RL,51.397745,-0.096068,E09000008,E99999999,EMIS,EMIS
H83023,MORLAND ROAD SURGERY,CR0 6HA,51.381936,-0.083402,E09000008,E99999999,EMIS,EMIS
H83024,WOODCOTE MEDICAL,CR8 3EE,51.342242,-0.126281,E09000008,E99999999,EMIS,EMIS
H83028,ADDINGTON MEDICAL PRACTICE,CR0 0JA,51.344382,-0.018557,E09000008,E99999999,EMIS,EMIS
H83029,HARTLAND WAY SURGERY,CR0 8RG,51.374371,-0.045756,E09000008,E99999999,EMIS,EMIS
H83030,BROOM ROAD MEDICAL PRACTICE,CR0 8NG,51.369777,-0.030248,E09000008,E99999999,EMIS,EMIS
H83031,HALING PARK MEDICAL PRACTICE,CR2 6AD,51.357076,-0.098085,E09000008,E99999999,EMIS,EMIS
H83033,ASHBURTON PARK MEDICAL CENTRE,CR0 7AG,51.384191,-0.06415,E09000008,E99999999,EMIS,EMIS
H83034,WHITEHORSE PRACTICE,CR0 2JJ,51.385869,-0.097366,E09000008,E99999999,EMIS,EMIS
H83037,AUCKLAND SURGERY,SE19 2DF,51.409529,-0.080897,E09000008,E99999999,EMIS,EMIS
H83039,STOVELL HOUSE SURGERY,CR0 6AH,51.378899,-0.075353,E09000008,E99999999,EMIS,EMIS
H83042,LEANDER FAMILY PRACTICE,CR7 6JE,51.399131,-0.117272,E09000008,E99999999,EMIS,EMIS
H83043,SHIRLEY MEDICAL CENTRE,CR0 8BH,51.375138,-0.044832,E09000008,E99999999,EMIS,EMIS
H83044,EAST CROYDON MEDICAL CENTRE,CR0 6SD,51.37532,-0.087429,E09000008,E99999999,EMIS,EMIS
H83049,HEADLEY DRIVE SURGERY,CR0 0QL,51.353268,-0.015919,E09000008,E99999999,EMIS,EMIS
H83051,THORNTON ROAD & VALLEY PARK SURGERY,CR0 4YD,51.381956,-0.128023,E09000008,E99999999,EMIS,EMIS
H83052,BRAMLEY AVENUE SURGERY,CR5 2DR,51.323233,-0.141681,E09000008,E99999999,EMIS,EMIS
H83053,PARCHMORE MEDICAL CENTRE,CR7 8LY,51.401496,-0.100556,E09000008,E99999999,EMIS,EMIS
H83608,YOUR FAMILY PRACTICE,CR7 7JH,51.39729,-0.103533,E09000008,E99999999,EMIS,EMIS
H83609,MERSHAM MEDICAL CENTRE,CR7 8JN,51.40452,-0.096822,E09000008,E99999999,EMIS,EMIS
H83611,SELHURST MEDICAL CENTRE,SE25 5QA,51.390075,-0.088927,E09000008,E99999999,EMIS,EMIS
H83624,FAIRVIEW MEDICAL CENTRE,SW16 5PX,51.410745,-0.124316,E09000008,E99999999,EMIS,EMIS
H83627,BIRDHURST MEDICAL PRACTICE,CR2 7DX,51.365206,-0.092591,E09000008,E99999999,EMIS,EMIS
H83631,GREENSIDE GROUP PRACTICE,CR0 2UL,51.380747,-0.103154,E09000008,E99999999,EMIS,EMIS
H84002,PARK ROAD SURGERY,TW11 0AU,51.423912,-0.334575,E09000027,E99999999,MEDICUS,MEDICUS
H84005,PARKSHOT MEDICAL PRACTICE,TW9 2RG,51.463294,-0.302895,E09000027,E99999999,EMIS,EMIS
H84006,RICHMOND MEDICAL GROUP,SW14 8LP,51.465767,-0.267847,E09000027,E99999999,EMIS,EMIS
H84007,ACORN GROUP PRACTICE,TW1 4EA,51.447072,-0.329228,E09000027,E99999999,EMIS,EMIS
H84010,CANBURY MEDICAL CENTRE,KT2 6HR,51.414337,-0.297173,E09000021,E99999999,EMIS,EMIS
H84012,YORK MEDICAL PRACTICE,TW1 3PA,51.449369,-0.325675,E09000027,E99999999,EMIS,EMIS
H84014,PARADISE ROAD SURGERY,TW9 1SA,51.460152,-0.30137,E09000027,E99999999,EMIS,EMIS
H84015,BRUNSWICK SURGERY,KT6 6EZ,51.390825,-0.299929,E09000021,E99999999,EMIS,EMIS
H84016,GROVES MEDICAL CENTRE,KT3 3TX,51.410047,-0.262218,E09000021,E99999999,EMIS,EMIS
H84017,SEYMOUR HOUSE SURGERY,TW9 1UU,51.462376,-0.292909,E09000027,E99999999,EMIS,EMIS
H84018,BROAD LANE SURGERY,TW12 3AX,51.422874,-0.368126,E09000027,E99999999,EMIS,EMIS
H84020,FAIRHILL MEDICAL PRACTICE,KT2 7PX,51.417069,-0.282848,E09000021,E99999999,EMIS,EMIS
H84023,ESSEX HOUSE SURGERY,SW13 0LW,51.472542,-0.247446,E09000027,E99999999,MEDICUS,MEDICUS
H84025,HOOK SURGERY,KT9 2GY,51.359148,-0.31206,E09000021,E99999999,EMIS,EMIS
H84027,CHURCHILL MEDICAL CENTRE,KT2 6PG,51.413388,-0.288192,E09000021,E99999999,EMIS,EMIS
H84030,CENTRAL SURGERY,KT6 6EZ,51.390825,-0.299929,E09000021,E99999999,EMIS,EMIS
H84031,JUBILEE SURGERY,TW2 6JL,51.44496,-0.361741,E09000027,E99999999,EMIS,EMIS
H84032,HAMPTON WICK SURGERY,KT1 4DY,51.415592,-0.313061,E09000027,E99999999,EMIS,EMIS
H84033,ST ALBANS MEDICAL CENTRE,KT2 5HF,51.421949,-0.302457,E09000021,E99999999,EMIS,EMIS
H84034,ORCHARD PRACTICE,KT9 1AG,51.369115,-0.303519,E09000021,E99999999,EMIS,EMIS
H84039,CROSS DEEP SURGERY,TW1 4QP,51.445008,-0.330167,E09000027,E99999999,EMIS,EMIS
H84040,HAMPTON MEDICAL CENTRE,TW12 2PB,51.418413,-0.372642,E09000027,E99999999,EMIS,EMIS
H84041,VINEYARD SURGERY,TW10 6PP,51.458195,-0.301011,E09000027,E99999999,EMIS,EMIS
H84042,HOLMWOOD CORNER SURGERY,KT3 6DR,51.397521,-0.255016,E09000021,E99999999,EMIS,EMIS
H84044,THE GREEN & FIR ROAD,TW2 5TU,51.443826,-0.340614,E09000027,E99999999,EMIS,EMIS
H84048,TWICKENHAM PARK SURGERY,TW1 2AR,51.454999,-0.315091,E09000027,E99999999,EMIS,EMIS
H84050,CHESSINGTON PARK SURGERY,KT9 2GY,51.359148,-0.31206,E09000021,E99999999,EMIS,EMIS
H84051,ROSELAWN SURGERY,KT3 6AA,51.39718,-0.25569,E09000021,E99999999,EMIS,EMIS
H84054,RED LION ROAD SURGERY,KT6 7QG,51.381609,-0.290139,E09000021,E99999999,EMIS,EMIS
H84055,SHEEN LANE SURGERY,SW14 8LP,51.465767,-0.267847,E09000027,E99999999,EMIS,EMIS
H84057,STAINES ROAD MEDICAL CENTRE,TW2 5AU,51.439672,-0.357901,E09000027,E99999999,EMIS,EMIS
H84059,THAMESIDE MEDICAL PRACTICE,TW11 8HU,51.427449,-0.326578,E09000027,E99999999,EMIS,EMIS
H84060,RICHMOND LOCK SURGERY,TW1 1PS,51.464517,-0.322875,E09000027,E99999999,EMIS,EMIS
H84061,KINGSTON HEALTH CENTRE,KT2 5AD,51.414265,-0.304611,E09000021,E99999999,EMIS,EMIS
H84062,LANGLEY MEDICAL PRACTICE,KT6 6EZ,51.390825,-0.299929,E09000021,E99999999,EMIS,EMIS
H84618,SUNRAY SURGERY,KT5 9QD,51.382643,-0.274809,E09000021,E99999999,EMIS,EMIS
H84619,CLAREMONT MEDICAL CENTRE,KT6 6BS,51.390807,-0.30611,E09000021,E99999999,EMIS,EMIS
H84623,HAMPTON HILL MEDICAL CENTRE,TW12 1NY,51.42758,-0.354868,E09000027,E99999999,EMIS,EMIS
H84625,WOODLAWN MEDICAL CENTRE,TW2 6EE,51.444444,-0.366652,E09000027,E99999999,EMIS,EMIS
H84630,CRANE PARK SURGERY,TW2 6JL,51.44496,-0.361741,E09000027,E99999999,EMIS,EMIS
H84635,MANOR DRIVE MEDICAL CENTRE,KT4 7LG,51.380785,-0.248366,E09000021,E99999999,EMIS,EMIS
H84639,KEW MEDICAL PRACTICE,TW9 4BH,51.475875,-0.283118,E09000027,E99999999,EMIS,EMIS
H85001,WANDSWORTH MEDICAL CENTRE,SW18 4DD,51.453708,-0.192163,E09000032,E99999999,EMIS,EMIS
H85002,FALCON ROAD MEDICAL CENTRE,SW11 2PH,51.46889,-0.170815,E09000032,E99999999,EMIS,EMIS
H85003,QUEENSTOWN ROAD MEDICAL PRACTICE,SW8 3RX,51.466912,-0.150233,E09000022,E99999999,EMIS,EMIS
H85006,MAYFIELD SURGERY,SW15 4AA,51.448265,-0.23751,E09000032,E99999999,EMIS,EMIS
H85007,SOUTHFIELDS GROUP PRACTICE,SW18 5AE,51.441714,-0.197572,E09000032,E99999999,EMIS,EMIS
H85008,ROEHAMPTON SURGERY,SW15 4HN,51.451153,-0.242393,E09000032,E99999999,EMIS,EMIS
H85009,BEDFORD HILL FAMILY PRACTICE,SW12 9HS,51.440805,-0.149014,E09000032,E99999999,EMIS,EMIS
H85011,GREYSWOOD PRACTICE,SW16 6PX,51.419461,-0.144771,E09000032,E99999999,EMIS,EMIS
H85012,PUTNEYMEAD GROUP MEDICAL PRACTICE,SW15 6TQ,51.461679,-0.219992,E09000032,E99999999,EMIS,EMIS
H85018,MULGRAVE ROAD SURGERY,SM2 6LX,51.358332,-0.196293,E09000029,E99999999,EMIS,EMIS
H85020,NELSON MEDICAL PRACTICE,SW20 8DA,51.40983,-0.2102,E09000024,E99999999,EMIS,EMIS
H85021,CHESSER PRACTICE,SM5 2RT,51.37498,-0.177304,E09000029,E99999999,EMIS,EMIS
H85022,PARK ROAD MEDICAL CENTRE,SM6 8AW,51.363488,-0.150927,E09000029,E99999999,EMIS,EMIS
H85023,BISHOPSFORD ROAD MEDICAL CENTRE,SM4 6BH,51.388851,-0.180461,E09000029,E99999999,EMIS,EMIS
H85024,MITCHAM & TOOTING HEALTH,CR4 3PR,51.407323,-0.181684,E09000024,E99999999,EMIS,EMIS
H85025,WRYTHE GREEN SURGERY,SM5 2RE,51.371732,-0.171413,E09000029,E99999999,EMIS,EMIS
H85026,FRANCIS GROVE SURGERY,SW19 4DL,51.419821,-0.209033,E09000024,E99999999,EMIS,EMIS
H85027,WIMBLEDON VILLAGE SURGERY,SW19 5BY,51.425294,-0.219377,E09000024,E99999999,EMIS,EMIS
H85028,WIMBLEDON MEDICAL PRACTICE,SW19 1NX,51.41759,-0.19842,E09000024,E99999999,EMIS,EMIS
H85029,WIDE WAY MEDICAL CENTRE,CR4 1BP,51.401824,-0.134428,E09000024,E99999999,EMIS,EMIS
H85030,OLD COURT HOUSE SURGERY,SM1 4AF,51.364057,-0.192549,E09000029,E99999999,EMIS,EMIS
H85031,BENHILL & BELMONT GP CENTRE,SM1 4EB,51.366602,-0.190265,E09000029,E99999999,EMIS,EMIS
H85033,TAMWORTH HOUSE MEDICAL CENTRE,CR4 1DL,51.401255,-0.146212,E09000024,E99999999,EMIS,EMIS
H85037,MORDEN HALL MEDICAL CENTRE,SW19 3DA,51.404804,-0.192064,E09000024,E99999999,EMIS,EMIS
H85038,CRICKET GREEN MEDICAL PRACTICE,CR4 3DA,51.404578,-0.174,E09000024,E99999999,EMIS,EMIS
H85041,EARLSFIELD SURGERY,SW18 4HH,51.438296,-0.187606,E09000032,E99999999,EMIS,EMIS
H85045,BRIDGE LANE GROUP PRACTICE,SW11 3AD,51.474142,-0.167394,E09000032,E99999999,EMIS,EMIS
H85047,CHATFIELD HEALTH CARE,SW11 3UJ,51.465899,-0.182049,E09000032,E99999999,EMIS,EMIS
H85048,BROCKLEBANK HEALTH CENTRE,SW18 4DU,51.448456,-0.189218,E09000032,E99999999,EMIS,EMIS
H85049,BATTERSEA RISE GROUP PRACTICE,SW11 1HG,51.460807,-0.163436,E09000032,E99999999,EMIS,EMIS
H85051,LAMBTON ROAD MEDICAL PRACTICE,SW20 0LW,51.411253,-0.231039,E09000024,E99999999,EMIS,EMIS
H85052,STREATHAM PARK SURGERY,SW16 6LY,51.424448,-0.141088,E09000032,E99999999,EMIS,EMIS
H85053,SUTTON MEDICAL CENTRE,SM1 4NG,51.363247,-0.176894,E09000029,E99999999,EMIS,EMIS
H85055,WEST BARNES SURGERY,KT3 6JD,51.397642,-0.233648,E09000024,E99999999,EMIS,EMIS
H85057,ELBOROUGH STREET SURGERY,SW18 5DS,51.441036,-0.200851,E09000032,E99999999,EMIS,EMIS
H85061,HEATHBRIDGE PRACTICE,SW15 2TL,51.460102,-0.215073,E09000032,E99999999,EMIS,EMIS
H85063,CHEAM GP CENTRE,SM3 8EP,51.368517,-0.224899,E09000029,E99999999,EMIS,EMIS
H85065,ALTON PRACTICE,SW15 4LE,51.44913,-0.239376,E09000032,E99999999,EMIS,EMIS
H85066,BALHAM PARK SURGERY,SW17 7AW,51.440487,-0.155661,E09000032,E99999999,EMIS,EMIS
H85067,DANEBURY AVENUE SURGERY,SW15 4DU,51.452353,-0.248622,E09000032,E99999999,EMIS,EMIS
H85069,LAVENDER HILL GROUP PRACTICE,SW11 5TU,51.466044,-0.156805,E09000032,E99999999,EMIS,EMIS
H85070,CENTRAL MEDICAL CENTRE,SM4 5RT,51.398191,-0.188961,E09000024,E99999999,EMIS,EMIS
H85075,HAIDER PRACTICE,SW11 1SW,51.459968,-0.179391,E09000032,E99999999,EMIS,EMIS
H85076,STONECOT SURGERY,SM3 9EY,51.386555,-0.210016,E09000029,E99999999,EMIS,EMIS
H85077,BOLINGBROKE MEDICAL CENTRE,SW11 6BF,51.456372,-0.167932,E09000032,E99999999,EMIS,EMIS
H85078,MITCHAM FAMILY PRACTICE,CR4 3HS,51.410072,-0.167066,E09000024,E99999999,EMIS,EMIS
H85082,TRIANGLE SURGERY,SW18 4HX,51.456707,-0.198291,E09000032,E99999999,EMIS,EMIS
H85087,OPEN DOOR SURGERY,SW12 8EU,51.443166,-0.155582,E09000032,E99999999,EMIS,EMIS
H85088,CLAPHAM JUNCTION MEDICAL PRACTICE,SW11 2EJ,51.465961,-0.173898,E09000032,E99999999,EMIS,EMIS
H85090,FIGGES MARSH SURGERY,CR4 3LD,51.410648,-0.161938,E09000024,E99999999,EMIS,EMIS
H85092,RIVERHOUSE MEDICAL PRACTICE,SW19 1YG,51.420913,-0.183532,E09000024,E99999999,EMIS,EMIS
H85095,ROBIN HOOD LANE HEALTH CENTRE,SM1 2RJ,51.362992,-0.196986,E09000029,E99999999,EMIS,EMIS
H85100,ST PAULS COTTAGE SURGERY,SW19 6EW,51.443187,-0.218034,E09000032,E99999999,EMIS,EMIS
H85101,GRAND DRIVE SURGERY,SW20 9EA,51.402161,-0.228615,E09000024,E99999999,EMIS,EMIS
H85103,HACKBRIDGE MEDICAL CENTRE,SM6 7DS,51.377874,-0.156497,E09000029,E99999999,EMIS,EMIS
H85105,CHEAM FAMILY PRACTICE,SM3 8BS,51.358246,-0.217669,E09000029,E99999999,EMIS,EMIS
H85110,RAVENSBURY PARK MEDICAL CENTRE,CR4 4DQ,51.39855,-0.178452,E09000024,E99999999,EMIS,EMIS
H85111,BATTERSEA FIELDS PRACTICE,SW11 5JP,51.473666,-0.154842,E09000032,E99999999,EMIS,EMIS
H85112,VINEYARD HILL ROAD SURGERY,SW19 7JL,51.431869,-0.201182,E09000024,E99999999,EMIS,EMIS
H85113,MALDON ROAD SURGERY,SM6 8BL,51.365023,-0.147892,E09000029,E99999999,EMIS,EMIS
H85114,THURLEIGH ROAD PRACTICE,SW12 8TT,51.452774,-0.155281,E09000032,E99999999,EMIS,EMIS
H85115,SHOTFIELD MEDICAL PRACTICE,SM6 0HY,51.357264,-0.150862,E09000029,E99999999,EMIS,EMIS
H85116,MANOR PRACTICE,SM6 0DE,51.361959,-0.150342,E09000029,E99999999,EMIS,EMIS
H85618,JAMES O'RIORDAN MEDICAL CENTRE,SM3 9HE,51.385201,-0.212641,E09000029,E99999999,EMIS,EMIS
H85634,MERTON MEDICAL PRACTICE,SW19 1DG,51.41589,-0.185544,E09000024,E99999999,EMIS,EMIS
H85637,BALHAM HEALTH CENTRE,SW12 9HS,51.440805,-0.149014,E09000032,E99999999,EMIS,EMIS
H85649,COLLIERS WOOD SURGERY,SW19 2BY,51.420758,-0.175858,E09000024,E99999999,EMIS,EMIS
H85653,WALLINGTON FAMILY PRACTICE,SM6 0HY,51.357264,-0.150862,E09000029,E99999999,EMIS,EMIS
H85656,ALEXANDRA ROAD SURGERY,SW19 7JZ,51.422893,-0.205864,E09000024,E99999999,EMIS,EMIS
H85659,ST JOHNS HILL SURGERY,SW11 1SW,51.459968,-0.179391,E09000032,E99999999,EMIS,EMIS
H85662,BEECHES SURGERY,SM5 3RB,51.358295,-0.171274,E09000029,E99999999,EMIS,EMIS
H85664,TOOTING BEC SURGERY,SW17 7BA,51.436019,-0.158632,E09000032,E99999999,EMIS,EMIS
H85680,TOOTING SOUTH MEDICAL CENTRE,SW17 9HQ,51.421774,-0.161491,E09000032,E99999999,EMIS,EMIS
H85682,TUDOR LODGE HEALTH CENTRE,SW19 6AE,51.445999,-0.219652,E09000032,E99999999,EMIS,EMIS
H85683,FACCINI HOUSE SURGERY,SM4 6RT,51.389995,-0.192217,E09000024,E99999999,EMIS,EMIS
H85686,GROVE ROAD PRACTICE,SM1 2DB,51.3582,-0.202316,E09000029,E99999999,EMIS,EMIS
H85693,CIRCLE GP SURGERY,SM5 1JL,51.385882,-0.175736,E09000029,E99999999,EMIS,EMIS
J81002,ORCHID HOUSE SURGERY,BH22 9HB,50.801779,-1.894492,E06000059,E99999999,TPP,TPP
J81006,THE ADAM PRACTICE,BH15 4JQ,50.720865,-2.010538,E06000058,E99999999,TPP,TPP
J81009,ROYAL MANOR HEALTH CARE,DT5 2BJ,50.544008,-2.437275,E06000059,E99999999,TPP,TPP
J81010,SWANAGE MEDICAL PRACTICE,BH19 1HB,50.609895,-1.960115,E06000059,E99999999,TPP,TPP
J81011,WAREHAM SURGERY,BH20 4PG,50.687048,-2.116133,E06000059,E99999999,TPP,TPP
J81012,SHORE MEDICAL,BH14 0DJ,50.728476,-1.942487,E06000058,E99999999,TPP,TPP
J81013,CANFORD HEATH GROUP PRACT,BH17 8UE,50.741741,-1.964354,E06000058,E99999999,TPP,TPP
J81014,WESTBOURNE MEDICAL CENTRE,BH4 9HJ,50.723504,-1.903421,E06000058,E99999999,TPP,TPP
J81016,QUEENS AVENUE SURGERY,DT1 2EW,50.707736,-2.443967,E06000059,E99999999,TPP,TPP
J81017,YETMINSTER HEALTH CENTRE,DT9 6LG,50.893956,-2.577502,E06000059,E99999999,TPP,TPP
J81018,BEAUFORT ROAD SURGERY,BH6 5AJ,50.728137,-1.814834,E06000058,E99999999,TPP,TPP
J81019,THE BLANDFORD GROUP PRACTICE,DT11 7BH,50.858966,-2.165223,E06000059,E99999999,TPP,TPP
J81020,BERE REGIS SURGERY,BH20 7HB,50.752529,-2.21982,E06000059,E99999999,TPP,TPP
J81021,SHELLEY MANOR HOLDENHURST MEDICAL CENTRE,BH5 1LX,50.723823,-1.834443,E06000058,E99999999,TPP,TPP
J81022,WEST MOORS VILLAGE SURGERY,BH22 0JB,50.824174,-1.888067,E06000059,E99999999,TPP,TPP
J81025,THE WELLBRIDGE PRACTICE,BH20 6DR,50.679029,-2.22535,E06000059,E99999999,TPP,TPP
J81027,WEYMOUTH BAY MEDICAL PRACTICE,DT4 7BY,50.616576,-2.452705,E06000059,E99999999,TPP,TPP
J81028,HIGHCLIFFE MEDICAL CENTRE,BH23 5ET,50.741222,-1.701831,E06000058,E99999999,TPP,TPP
J81029,THE APPLES MEDICAL CENTRE,DT9 3DG,50.948197,-2.508607,E06000059,E99999999,TPP,TPP
J81030,THE VERWOOD SURGERY,BH31 7PY,50.881935,-1.880566,E06000059,E99999999,TPP,TPP
J81033,TALBOT MEDICAL CENTRE,BH10 4BX,50.748877,-1.908925,E06000058,E99999999,TPP,TPP
J81034,THE QUARTER JACK SURGERY,BH21 1AP,50.798102,-1.982744,E06000059,E99999999,TPP,TPP
J81035,MILTON ABBAS SURGERY,DT11 0AT,50.819081,-2.272557,E06000059,E99999999,TPP,TPP
J81036,THE ROSEMARY HEALTH CTR,BH12 3HF,50.739656,-1.947122,E06000058,E99999999,TPP,TPP
J81039,MOORDOWN MEDICAL CENTRE,BH9 2XF,50.756202,-1.874477,E06000058,E99999999,TPP,TPP
J81041,THE HADLEIGH PRACTICE,BH18 8EE,50.761009,-1.993519,E06000058,E99999999,TPP,TPP
J81042,VILLAGE SURGERY,BH12 5BF,50.741106,-1.896568,E06000058,E99999999,TPP,TPP
J81045,KINSON ROAD MEDICAL CENTRE,BH10 5EY,50.767423,-1.901417,E06000058,E99999999,TPP,TPP
J81046,THE HARVEY PRACTICE,BH18 8EE,50.761009,-1.993519,E06000058,E99999999,TPP,TPP
J81047,JAMES FISHER MEDICAL CENTRE,BH9 3LQ,50.760827,-1.861208,E06000058,E99999999,TPP,TPP
J81049,THE MARINE & OAKRIDGE PARTNERSHIP,BH6 3DB,50.722827,-1.806525,E06000058,E99999999,TPP,TPP
J81051,WYKE REGIS & LANEHOUSE MEDICAL PRACTICE,DT4 9BE,50.594652,-2.475071,E06000059,E99999999,TPP,TPP
J81053,CERNE ABBAS SURGERY,DT2 7JG,50.809242,-2.474324,E06000059,E99999999,TPP,TPP
J81056,CHRISTCHURCH MEDICAL PRACTICE,BH23 3AF,50.736507,-1.759508,E06000058,E99999999,TPP,TPP
J81057,FARMHOUSE SURGERY,BH23 3AF,50.736507,-1.759508,E06000058,E99999999,TPP,TPP
J81058,THE CRANBORNE PRACTICE,BH21 5QE,50.919773,-1.919279,E06000059,E99999999,TPP,TPP
J81059,SOUTHBOURNE PRACTICE,BH6 5BF,50.728109,-1.81414,E06000058,E99999999,TPP,TPP
J81061,PENNY'S HILL PRACTICE,BH22 9HB,50.801779,-1.894492,E06000059,E99999999,TPP,TPP
J81062,ST ALBANS MEDICAL CENTRE,BH8 9EW,50.741708,-1.860768,E06000058,E99999999,TPP,TPP
J81064,POOLE TOWN SURGERY,BH15 2PG,50.719712,-1.975434,E06000058,E99999999,TPP,TPP
J81066,STOUR SURGERY,BH23 1PA,50.73604,-1.782183,E06000058,E99999999,TPP,TPP
J81067,LITTLEDOWN SURGERY,BH7 7BU,50.741627,-1.833431,E06000058,E99999999,TPP,TPP
J81068,ATRIUM HEALTH CENTRE,DT1 1QR,50.710833,-2.438317,E06000059,E99999999,TPP,TPP
J81070,THE BANKS & BEARWOOD MEDICAL CENTRE,BH3 7AT,50.738959,-1.879992,E06000058,E99999999,TPP,TPP
J81072,THE PANTON PRACTICE,BH1 3EG,50.720918,-1.862587,E06000058,E99999999,TPP,TPP
J81073,THE BRIDGES MEDICAL CTR.,DT4 7DW,50.614207,-2.456032,E06000059,E99999999,TPP,TPP
J81074,BARTON HOUSE MED PRACTICE,DT8 3EQ,50.809489,-2.738273,E06000059,E99999999,TPP,TPP
J81075,CROSS ROAD SURGERY,DT4 9QX,50.602175,-2.464845,E06000059,E99999999,TPP,TPP
J81076,AMMONITE HEALTH PARTNERSHIP,DT6 5BN,50.734233,-2.768037,E06000059,E99999999,TPP,TPP
J81077,WALFORD MILL MEDICAL CENTRE,BH21 1NL,50.80527,-1.989184,E06000059,E99999999,TPP,TPP
J81078,THE GROVE MEDICAL CENTRE,DT9 4DL,50.953273,-2.513702,E06000059,E99999999,TPP,TPP
J81081,GILLINGHAM MEDICAL PRACTICE,SP8 4XS,51.035956,-2.270249,E06000059,E99999999,TPP,TPP
J81082,POUNDBURY DOCTORS SURGERY,DT1 2FD,50.713492,-2.457605,E06000059,E99999999,TPP,TPP
J81086,EVERGREEN OAK SURGERY,BH14 0HU,50.723735,-1.958091,E06000058,E99999999,TPP,TPP
J81087,THE BIRCHWOOD PRACTICE,BH17 7XW,50.740209,-1.998454,E06000058,E99999999,TPP,TPP
J81609,PRINCE OF WALES SURGERY,DT1 2FD,50.713492,-2.457605,E06000059,E99999999,TPP,TPP
J81612,CORFE CASTLE SURGERY,BH20 5HH,50.635858,-2.059444,E06000059,E99999999,TPP,TPP
J81616,PUDDLETOWN SURGERY,DT2 8FY,50.746227,-2.34194,E06000059,E99999999,TPP,TPP
J81620,BLACKMORE VALE PARTNERSHIP,DT10 1QU,50.928163,-2.303845,E06000059,E99999999,TPP,TPP
J81621,THE BARCELLOS FAMILY PRACTICE,BH22 8AZ,50.80798,-1.872239,E06000059,E99999999,TPP,TPP
J81625,DENMARK ROAD MEDICAL CENTRE,BH9 1PB,50.747031,-1.876103,E06000058,E99999999,TPP,TPP
J81626,FORDINGTON SURGERY,DT1 1LD,50.713004,-2.42746,E06000059,E99999999,TPP,TPP
J81631,SANDFORD SURGERY,BH20 7BQ,50.707454,-2.09419,E06000059,E99999999,TPP,TPP
J81633,WOODLEA HOUSE SURGERY,BH8 9NX,50.750192,-1.842543,E06000058,E99999999,TPP,TPP
J81634,CRESCENT PROVIDENCE SURGERY,BH1 4HA,50.727048,-1.845142,E06000058,E99999999,TPP,TPP
J81646,GROVE SURGERY,BH23 2FQ,50.744581,-1.79093,E06000058,E99999999,TPP,TPP
J81647,LYME BAY MEDICAL PRACTICE,DT7 3LS,50.729842,-2.946655,E06000059,E99999999,TPP,TPP
J81648,THE NEWMAN PRACTICE (DR NEWMANS SURGERY),BH15 2PG,50.719712,-1.975434,E06000058,E99999999,TPP,TPP
J82001,BURGESS ROAD SURGERY,SO16 3BD,50.93867,-1.385797,E06000045,E99999999,TPP,TPP
J82002,LORDSHILL HEALTH CENTRE,SO16 8HY,50.940926,-1.448635,E06000045,E99999999,EMIS,EMIS
J82005,ROWLANDS CASTLE SURGERY,PO9 6BN,50.89132,-0.958796,E07000085,E10000014,EMIS,EMIS
J82007,COASTAL MEDICAL PARTNERSHIP,BH25 5JP,50.756435,-1.657985,E07000091,E10000014,TPP,TPP
J82009,EMSWORTH SURGERY,PO10 7DD,50.848392,-0.937394,E07000090,E10000014,TPP,TPP
J82010,THE BOSMERE MEDICAL PRACTICE,PO9 1DQ,50.850222,-0.990566,E07000090,E10000014,EMIS,EMIS
J82012,PORTCHESTER PRACTICE,PO16 9TU,50.846456,-1.126868,E07000087,E10000014,EMIS,EMIS
J82015,GIFFARD DRIVE SURGERY,GU14 8QB,51.300583,-0.77069,E07000092,E10000014,EMIS,EMIS
J82016,STOCKBRIDGE SURGERY,SO20 6HG,51.113283,-1.49007,E07000093,E10000014,EMIS,EMIS
J82017,THE ANDOVER HEALTH CENTRE MEDICAL PRACT,SP10 3LD,51.215017,-1.495476,E07000093,E10000014,EMIS,EMIS
J82018,STOKEWOOD SURGERY,SO50 8AU,50.964876,-1.310304,E07000086,E10000014,EMIS,EMIS
J82019,THE FRYERN SURGERY,SO53 2LH,50.987188,-1.372861,E07000086,E10000014,EMIS,EMIS
J82020,EASTLEIGH MEDICAL PRACTICE,SO50 9AG,50.970948,-1.353169,E07000086,E10000014,EMIS,EMIS
J82021,WATERSIDE MEDICAL PRACTICE,PO11 9AP,50.789783,-0.97646,E07000090,E10000014,TPP,TPP
J82024,SOLENT GP SURGERY,SO16 4XE,50.924655,-1.447788,E06000045,E99999999,TPP,TPP
J82025,CHARLTON HILL SURGERY,SP10 3JY,51.214047,-1.493553,E07000093,E10000014,EMIS,EMIS
J82026,CENTRE PRACTICE,PO16 7ER,50.853768,-1.176327,E07000087,E10000014,EMIS,EMIS
J82028,TRAFALGAR MEDICAL GROUP PRACTICE,PO5 3ND,50.785321,-1.092472,E06000044,E99999999,TPP,TPP
J82033,GUDGEHEATH LANE SURGERY,PO15 6QA,50.859744,-1.205563,E07000087,E10000014,EMIS,EMIS
J82034,WICKHAM SURGERY,PO17 5GU,50.90463,-1.187633,E07000094,E10000014,EMIS,EMIS
J82035,ST CLEMENTS PARTNERSHIP,SO23 8DG,51.064463,-1.312493,E07000094,E10000014,EMIS,EMIS
J82036,WEST MEON SURGERY,GU32 1LR,51.013252,-1.083141,E07000094,E10000014,EMIS,EMIS
J82039,RINGWOOD MEDICAL CENTRE,BH24 1JY,50.846123,-1.789483,E07000091,E10000014,TPP,TPP
J82040,WEST END ROAD SURGERY,SO18 6TG,50.916693,-1.359271,E06000045,E99999999,EMIS,EMIS
J82042,BADGERSWOOD SURGERY,GU35 8LH,51.118979,-0.828596,E07000085,E10000014,EMIS,EMIS
J82049,THE OAKLEY HEALTH GROUP,GU17 0DD,51.335289,-0.797067,E07000089,E10000014,EMIS,EMIS
J82050,ST PAUL'S SURGERY,SO22 5DD,51.065963,-1.32139,E07000094,E10000014,EMIS,EMIS
J82051,HAMBLE VALLEY HEALTH,SO31 4NQ,50.875251,-1.325017,E07000086,E10000014,EMIS,EMIS
J82053,ADELAIDE MEDICAL CENTRE,SP10 1HA,51.208535,-1.475261,E07000093,E10000014,EMIS,EMIS
J82054,KINTBURY & WOOLTON HILL SURGERY,RG17 9UX,51.398986,-1.446174,E06000037,E99999999,EMIS,EMIS
J82055,CRANESWATER GROUP PRACTICE,PO5 2PW,50.783192,-1.077917,E06000044,E99999999,TPP,TPP
J82056,RED AND GREEN PRACTICE,SO45 5WX,50.858563,-1.404652,E07000091,E10000014,EMIS,EMIS
J82058,BRAMBLYS GRANGE MEDICAL PRACTICE,RG21 7AP,51.267215,-1.086351,E07000084,E10000014,EMIS,EMIS
J82059,THE WATERCRESS MEDICAL GROUP,GU34 5EW,51.112084,-1.054244,E07000085,E10000014,EMIS,EMIS
J82060,THE LIGHTHOUSE GROUP PRACTICE,PO5 1AT,50.79654,-1.080492,E06000044,E99999999,TPP,TPP
J82061,ODIHAM HEALTH CENTRE,RG29 1JY,51.254543,-0.941013,E07000089,E10000014,EMIS,EMIS
J82062,CHEVIOT ROAD SURGERY,SO15 5RP,50.92101,-1.430276,E06000045,E99999999,EMIS,EMIS
J82064,BISHOPS WALTHAM SURGERY,SO32 1GR,50.955273,-1.212135,E07000094,E10000014,EMIS,EMIS
J82066,THE CAMBRIDGE PRACTICE,GU11 1AY,51.254362,-0.765632,E07000092,E10000014,EMIS,EMIS
J82067,VOYAGER FAMILY HEALTH,GU14 0NP,51.293491,-0.789969,E07000092,E10000014,EMIS,EMIS
J82069,CAMROSE GILLIES AND HACKWOOD PARTNERSHIP,RG22 4EH,51.245046,-1.11404,E07000084,E10000014,EMIS,EMIS
J82071,ST. ANDREW'S SURGERY,SO50 5PT,50.965081,-1.35241,E07000086,E10000014,EMIS,EMIS
J82072,FORESTSIDE MEDICAL PRACTICE,SO45 4JA,50.851823,-1.416173,E07000091,E10000014,EMIS,EMIS
J82073,KIRKLANDS SURGERY,PO3 5AF,50.812631,-1.064988,E06000044,E99999999,TPP,TPP
J82074,ALMA ROAD SURGERY,SO51 8ED,50.99059,-1.49381,E07000093,E10000014,TPP,TPP
J82075,CHAWTON HOUSE SURGERY,SO41 9ND,50.757456,-1.546119,E07000091,E10000014,TPP,TPP
J82076,WOOLSTON AND CHARTWELL PARTNERSHIP,SO19 9AL,50.89728,-1.372833,E06000045,E99999999,TPP,TPP
J82079,CLIFT SURGERY,RG26 5BH,51.331214,-1.067223,E07000084,E10000014,EMIS,EMIS
J82080,UNIVERSITY HEALTH SERVICE SOUTHAMPTON,SO17 1BJ,50.934091,-1.395705,E06000045,E99999999,EMIS,EMIS
J82081,SOUTHAMPTON SEA CITY PARTNERSHIP,SO14 1LT,50.905737,-1.397466,E06000045,E99999999,TPP,TPP
J82082,SHEPHERDS SPRING MEDICAL CENTRE,SP10 5DE,51.221251,-1.469561,E07000093,E10000014,EMIS,EMIS
J82083,THE WILLOW GROUP,PO12 3JP,50.800568,-1.143022,E07000088,E10000014,EMIS,EMIS
J82084,BLOSSOM HEALTH - GOSPORT,PO12 3PW,50.793051,-1.148069,E07000088,E10000014,EMIS,EMIS
J82085,ISLAND CITY PRACTICE,PO1 4JT,50.804814,-1.078343,E06000044,E99999999,TPP,TPP
J82087,STONEHAM LANE SURGERY,SO16 2JA,50.939296,-1.378459,E06000045,E99999999,TPP,TPP
J82088,THE SHIRLEY HEALTH PARTNERSHIP,SO15 3JD,50.919395,-1.429257,E06000045,E99999999,EMIS,EMIS
J82092,ALDERMOOR SURGERY,SO16 5ST,50.940689,-1.427288,E06000045,E99999999,EMIS,EMIS
J82094,TADLEY MEDICAL P'SHIP,RG26 4ER,51.357024,-1.145516,E07000084,E10000014,EMIS,EMIS
J82098,SWAN MEDICAL GROUP,GU32 3AB,51.004349,-0.942585,E07000085,E10000014,EMIS,EMIS
J82099,RICHMOND SURGERY,GU52 7US,51.269324,-0.841077,E07000089,E10000014,EMIS,EMIS
J82101,THE PEARTREE PRACTICE,SO19 0HS,50.900314,-1.339331,E06000045,E99999999,EMIS,EMIS
J82102,THE DRAYTON SURGERY,PO6 1PA,50.846475,-1.046571,E06000044,E99999999,TPP,TPP
J82103,ST MARY'S SURGERY,SP10 1DP,51.210273,-1.477861,E07000093,E10000014,EMIS,EMIS
J82104,STUBBINGTON MEDICAL PRACTICE,PO14 2JP,50.824999,-1.21541,E07000087,E10000014,EMIS,EMIS
J82106,GRATTON SURGERY,SO21 3LE,51.154091,-1.335996,E07000094,E10000014,EMIS,EMIS
J82110,HART HEALTH PARTNERSHIP,GU51 4PE,51.288192,-0.848591,E07000089,E10000014,EMIS,EMIS
J82112,NEW HORIZONS MEDICAL PARTNERSHIP,SO40 8WU,50.916821,-1.514058,E07000091,E10000014,EMIS,EMIS
J82115,ATHERLEY HOUSE SURGERY,SO15 3FH,50.913332,-1.421565,E06000045,E99999999,TPP,TPP
J82116,TWYFORD SURGERY,SO21 1QY,51.019421,-1.314229,E07000094,E10000014,EMIS,EMIS
J82119,DENMEAD HEALTH CENTRE,PO7 6NR,50.904378,-1.067332,E07000094,E10000014,EMIS,EMIS
J82120,ALEXANDER HOUSE SURGERY,GU14 7AW,51.293749,-0.751984,E07000092,E10000014,EMIS,EMIS
J82121,NORTH BADDESLEY SURGERY,SO52 9EP,50.975238,-1.436477,E07000093,E10000014,EMIS,EMIS
J82122,ALMA ROAD SURGERY,SO14 6UX,50.921768,-1.400361,E06000045,E99999999,TPP,TPP
J82124,ALRESFORD SURGERY,SO24 9JL,51.088937,-1.161548,E07000094,E10000014,EMIS,EMIS
J82125,JENNER HOUSE SURGERY,GU14 0HQ,51.294302,-0.774501,E07000092,E10000014,EMIS,EMIS
J82126,RAYMOND ROAD SURGERY,SO15 5AL,50.919402,-1.419739,E06000045,E99999999,EMIS,EMIS
J82128,OLD FIRE STATION SURGERY,SO19 9AN,50.896299,-1.369476,E06000045,E99999999,TPP,TPP
J82129,NEW FOREST MEDICAL GROUP,SO42 7RY,50.81471,-1.576665,E07000091,E10000014,EMIS,EMIS
J82130,FRIARSGATE PRACTICE,SO22 6EL,51.074243,-1.336785,E07000094,E10000014,EMIS,EMIS
J82131,FORDINGBRIDGE SURGERY,SP6 1RS,50.928152,-1.793524,E07000091,E10000014,TPP,TPP
J82132,TESTVALE SURGERY,SO40 3PY,50.919398,-1.489889,E07000091,E10000014,EMIS,EMIS
J82134,VINE MEDICAL GROUP,PO7 7AH,50.878242,-1.035047,E07000090,E10000014,EMIS,EMIS
J82136,CHAWTON PARK SURGERY,GU34 1RJ,51.140744,-0.98982,E07000085,E10000014,EMIS,EMIS
J82138,WHITEWATER HEALTH,RG27 8QJ,51.306553,-0.901771,E07000089,E10000014,EMIS,EMIS
J82139,WISTARIA & MILFORD SURGERIES,SO41 9GJ,50.760041,-1.547285,E07000091,E10000014,EMIS,EMIS
J82142,THE BORDER PRACTICE,GU12 4DN,51.240993,-0.740547,E07000092,E10000014,EMIS,EMIS
J82143,PARK SURGERY,SO53 2ZH,50.985222,-1.385382,E07000086,E10000014,EMIS,EMIS
J82144,CROWN HEIGHTS MEDICAL CENTRE,RG21 7AN,51.267188,-1.086294,E07000084,E10000014,EMIS,EMIS
J82145,ABBEYWELL SURGERY,SO51 8EN,50.989096,-1.50189,E07000093,E10000014,EMIS,EMIS
J82146,LYNDHURST SURGERY,SO43 7EW,50.872264,-1.5766,E07000091,E10000014,EMIS,EMIS
J82147,THE CLANFIELD PRACTICE,PO8 0QL,50.935363,-1.000621,E07000085,E10000014,EMIS,EMIS
J82149,DERBY ROAD GROUP PRACTICE,PO2 8HP,50.815733,-1.081946,E06000044,E99999999,TPP,TPP
J82150,CORNERWAYS MEDICAL CENTRE,BH24 1SD,50.854056,-1.771008,E07000091,E10000014,TPP,TPP
J82151,TWIN OAKS MEDICAL CENTRE,BH23 8AD,50.781297,-1.737732,E07000091,E10000014,TPP,TPP
J82152,BRIDGEMARY MEDICAL CENTRE,PO13 0HR,50.827964,-1.174723,E07000088,E10000014,EMIS,EMIS
J82154,MEON HEALTH PRACTICE,PO15 6JF,50.86006,-1.209692,E07000087,E10000014,EMIS,EMIS
J82155,PORTSDOWN GROUP PRACTICE,PO2 8AL,50.812865,-1.080938,E06000044,E99999999,TPP,TPP
J82156,WATERFRONT AND SOLENT SURGERY,SO45 6AW,50.870004,-1.40337,E07000091,E10000014,EMIS,EMIS
J82157,WILSON PRACTICE,GU34 2QX,51.153736,-0.966959,E07000085,E10000014,EMIS,EMIS
J82161,WESTLANDS MEDICAL CENTRE,PO16 9AD,50.84434,-1.132476,E07000087,E10000014,EMIS,EMIS
J82163,OAKS HEALTHCARE,PO8 8DL,50.893875,-1.018159,E07000090,E10000014,EMIS,EMIS
J82169,BOYATT WOOD SURGERY,SO50 4QP,50.977856,-1.36001,E07000086,E10000014,EMIS,EMIS
J82174,LOCKSWOOD SURGERY,SO31 6DX,50.863567,-1.274969,E07000087,E10000014,EMIS,EMIS
J82178,PRINCES GARDENS SURGERY,GU11 1BJ,51.250405,-0.76644,E07000092,E10000014,EMIS,EMIS
J82181,MAYFIELD MEDICAL CENTRE,GU14 8UE,51.305521,-0.766542,E07000092,E10000014,EMIS,EMIS
J82184,PINEHILL SURGERY,GU35 0BS,51.108236,-0.858865,E07000085,E10000014,EMIS,EMIS
J82194,EAST SHORE PARTNERSHIP,PO3 6DW,50.800164,-1.062413,E06000044,E99999999,TPP,TPP
J82196,HOMEWELL CURLEW PRACTICE,PO9 2AQ,50.851057,-0.978004,E07000090,E10000014,EMIS,EMIS
J82198,THE WELLINGTON PRACTICE,GU11 1AY,51.254362,-0.765632,E07000092,E10000014,EMIS,EMIS
J82199,THE UNICITY MEDICAL CENTRE,PO1 1EA,50.80174,-1.088805,E06000044,E99999999,TPP,TPP
J82201,THE GRANGE SURGERY,GU31 4JR,51.001231,-0.937924,E07000085,E10000014,EMIS,EMIS
J82207,HILL LANE SURGERY,SO15 5DD,50.915794,-1.415702,E06000045,E99999999,EMIS,EMIS
J82208,ST. PETERS SURGERY,SO19 9RL,50.897819,-1.372783,E06000045,E99999999,TPP,TPP
J82210,THE ELMS PRACTICE,PO11 9AP,50.789783,-0.97646,E07000090,E10000014,EMIS,EMIS
J82213,BROOK HOUSE SURGERY,SO16 4NZ,50.921786,-1.445873,E06000045,E99999999,EMIS,EMIS
J82214,WHITCHURCH SURGERY,RG28 7AE,51.230252,-1.340357,E07000084,E10000014,EMIS,EMIS
J82215,SOLENT VIEW MEDICAL PRACTICE,PO13 9JG,50.802721,-1.201834,E07000088,E10000014,EMIS,EMIS
J82216,BROOK LANE SURGERY,SO31 7DQ,50.870907,-1.273959,E07000087,E10000014,EMIS,EMIS
J82217,HOMELESS HEALTHCARE TEAM,SO14 0LT,50.91397,-1.394871,E06000045,E99999999,TPP,TPP
J82218,CHINEHAM MEDICAL PRACTICE,RG24 8ND,51.288808,-1.058302,E07000084,E10000014,EMIS,EMIS
J82605,WALNUT TREE SURGERY,SO15 2HQ,50.915172,-1.406548,E06000045,E99999999,TPP,TPP
J82622,LIVING WELL PARTNERSHIP,SO19 9GH,50.888213,-1.370694,E06000045,E99999999,EMIS,EMIS
J82625,BOUNDARIES SURGERY,GU34 5HG,51.112125,-1.042672,E07000085,E10000014,EMIS,EMIS
J82628,CRONDALL NEW SURGERY,GU10 5RF,51.237163,-0.858044,E07000089,E10000014,EMIS,EMIS
J82630,NORTH CAMP SURGERY,GU14 6DH,51.276884,-0.749058,E07000092,E10000014,EMIS,EMIS
J82639,WATERSHIP DOWN HEALTH,RG20 5QX,51.326263,-1.246579,E07000084,E10000014,EMIS,EMIS
J82640,HORNDEAN SURGERY,PO8 0BN,50.914999,-0.996932,E07000085,E10000014,EMIS,EMIS
J82646,BLOSSOM HEALTH,PO9 3HN,50.862876,-0.999088,E07000090,E10000014,EMIS,EMIS
J82669,ROWNER HEALTH CENTRE,PO13 9SP,50.812827,-1.174352,E07000088,E10000014,EMIS,EMIS
J83001,MERCHISTON SURGERY,SN3 4BF,51.587175,-1.748316,E06000030,E99999999,TPP,TPP
J83002,WESTROP MEDICAL PRACTICE,SN6 7DN,51.633214,-1.714209,E06000030,E99999999,TPP,TPP
J83003,HARCOURT MEDICAL CENTRE,SP2 7TD,51.067483,-1.800753,E06000054,E99999999,TPP,TPP
J83004,WHITEPARISH SURGERY,SP5 2SU,51.009302,-1.650724,E06000054,E99999999,TPP,TPP
J83005,BARCROFT MEDICAL CENTRE,SP4 7DL,51.172934,-1.780515,E06000054,E99999999,TPP,TPP
J83006,PURTON SURGERY,SN5 4BD,51.585485,-1.878025,E06000054,E99999999,TPP,TPP
J83007,HATHAWAY SURGERY,SN14 6GT,51.467323,-2.139759,E06000054,E99999999,TPP,TPP
J83008,LOVEMEAD GROUP PRACTICE,BA14 7EH,51.318597,-2.202645,E06000054,E99999999,TPP,TPP
J83009,RIDGEWAY VIEW FAMILY PRACTICE,SN4 9LW,51.524176,-1.791562,E06000030,E99999999,TPP,TPP
J83010,PORCH SURGERY,SN13 9DL,51.432425,-2.191813,E06000054,E99999999,TPP,TPP
J83011,GIFFORDS PRIMARY CARE CTR,SN12 7EA,51.367813,-2.130879,E06000054,E99999999,TPP,TPP
J83013,BOX SURGERY,SN13 8NA,51.41764,-2.25015,E06000054,E99999999,TPP,TPP
J83014,CASTLE PRACTICE,SP11 9RA,51.256024,-1.61752,E06000054,E99999999,TPP,TPP
J83016,TROWBRIDGE HEALTH CENTRE,BA14 8LW,51.325367,-2.208214,E06000054,E99999999,TPP,TPP
J83018,AVENUE SURGERY,BA12 9AA,51.206317,-2.17853,E06000054,E99999999,TPP,TPP
J83019,THE ORCHARD PARTNERSHIP,SP2 0JU,51.077871,-1.865859,E06000054,E99999999,TPP,TPP
J83021,SALISBURY MEDICAL PRACTICE,SP2 7FD,51.072451,-1.809038,E06000054,E99999999,TPP,TPP
J83022,OLD TOWN SURGERY,SN1 4GB,51.55043,-1.796345,E06000030,E99999999,TPP,TPP
J83023,AVON VALLEY PRACTICE,SN9 6DZ,51.294101,-1.812094,E06000054,E99999999,TPP,TPP
J83024,PRIORY ROAD MEDICAL CENTRE,SN3 2EZ,51.552773,-1.747915,E06000030,E99999999,TPP,TPP
J83026,THREE CHEQUERS MEDICAL PRACTICE,SP1 3UH,51.072041,-1.794696,E06000054,E99999999,TPP,TPP
J83027,HAWTHORN MEDICAL CENTRE,SN2 1UU,51.576609,-1.778895,E06000030,E99999999,TPP,TPP
J83029,TINKERS LANE SURGERY,SN4 7AT,51.543578,-1.900605,E06000054,E99999999,TPP,TPP
J83030,BRADFORD-ON-AVON AND MELKSHAM HEALTH,BA15 1DQ,51.345213,-2.25313,E06000054,E99999999,TPP,TPP
J83033,WHALEBRIDGE PRACTICE,SN1 2DQ,51.5623,-1.781591,E06000030,E99999999,TPP,TPP
J83034,LANSDOWNE SURGERY,SN10 2BU,51.356205,-2.001739,E06000054,E99999999,TPP,TPP
J83035,ABBEY MEADS MEDICAL PRACT,SN25 4YZ,51.598017,-1.793286,E06000030,E99999999,TPP,TPP
J83036,ASHINGTON HOUSE SURGERY,SN5 7XY,51.557474,-1.826605,E06000030,E99999999,TPP,TPP
J83037,KENNET AND AVON MEDICAL PARTNERSHIP,SN8 4BY,51.418107,-1.72887,E06000054,E99999999,TPP,TPP
J83038,KINGSWOOD SURGERY,SN3 2RJ,51.556257,-1.754329,E06000030,E99999999,TPP,TPP
J83039,NORTHLANDS SURGERY,SN11 0HH,51.441672,-2.005872,E06000054,E99999999,TPP,TPP
J83040,WESTBURY GROUP PRACTICE,BA13 3FQ,51.252792,-2.203558,E06000054,E99999999,TPP,TPP
J83041,MALMESBURY MEDICAL PARTNERSHIP,SN16 0FB,51.577237,-2.094626,E06000054,E99999999,TPP,TPP
J83042,ROWDEN SURGERY,SN15 2SB,51.453852,-2.125096,E06000054,E99999999,TPP,TPP
J83043,DOWNTON SURGERY,SP5 3JP,50.990674,-1.742665,E06000054,E99999999,TPP,TPP
J83045,RAMSBURY SURGERY,SN8 2QT,51.446258,-1.593901,E06000054,E99999999,TPP,TPP
J83046,SPA MEDICAL CENTRE,SN12 6UN,51.366865,-2.126007,E06000054,E99999999,TPP,TPP
J83047,ELDENE SURGERY,SN3 3TQ,51.556131,-1.737525,E06000030,E99999999,TPP,TPP
J83048,ST MELOR HOUSE SURGERY,SP4 7LT,51.171219,-1.777291,E06000054,E99999999,TPP,TPP
J83049,SOUTHBROOM SURGERY,SN10 1LQ,51.352284,-1.98903,E06000054,E99999999,TPP,TPP
J83050,PATFORD HOUSE PARTNERSHIP,SN11 0EF,51.437563,-2.005684,E06000054,E99999999,TPP,TPP
J83052,SARUM HEALTH GROUP,SP1 3SL,51.071731,-1.797509,E06000054,E99999999,TPP,TPP
J83053,ST. JAMES SURGERY,SN10 1QU,51.352923,-1.989949,E06000054,E99999999,TPP,TPP
J83055,NEW COURT SURGERY,SN4 7AX,51.542395,-1.905149,E06000054,E99999999,TPP,TPP
J83056,MARKET LAVINGTON SURGERY,SN10 4AQ,51.289096,-1.975794,E06000054,E99999999,TPP,TPP
J83057,NORTH SWINDON PRACTICE,SN25 1QQ,51.592341,-1.807748,E06000030,E99999999,TPP,TPP
J83058,TISBURY SURGERY,SP3 6LF,51.06553,-2.078947,E06000054,E99999999,TPP,TPP
J83059,THE LAWN MEDICAL CENTRE,SN3 1JL,51.547821,-1.761903,E06000030,E99999999,TPP,TPP
J83060,MERE SURGERY,BA12 6DT,51.089867,-2.265337,E06000054,E99999999,TPP,TPP
J83064,RIDGE GREEN MEDICAL PRACTICE,SN5 5PX,51.567685,-1.836232,E06000030,E99999999,TPP,TPP
J83601,BURBAGE SURGERY,SN8 3TA,51.348493,-1.669534,E06000054,E99999999,TPP,TPP
J83603,JUBILEE FIELD SURGERY,SN14 7EJ,51.48409,-2.191871,E06000054,E99999999,TPP,TPP
J83609,CRICKLADE SURGERY,SN6 6AE,51.640488,-1.856504,E06000054,E99999999,TPP,TPP
J83615,OLD SCHOOL HOUSE SURGERY,SN8 3PF,51.375879,-1.60451,E06000054,E99999999,TPP,TPP
J83618,THE TOLSEY SURGERY,SN16 0LQ,51.571011,-2.213188,E06000054,E99999999,TPP,TPP
J83619,COURTYARD SURGERY,SN10 4JB,51.279307,-1.994753,E06000054,E99999999,TPP,TPP
J83625,LODGE SURGERY,SN15 3SY,51.447581,-2.101235,E06000054,E99999999,TPP,TPP
J83629,SILTON SURGERY,SP8 5DF,51.074742,-2.315695,E06000059,E99999999,TPP,TPP
J83630,HINDON SURGERY,SP3 6DJ,51.095814,-2.130793,E06000054,E99999999,TPP,TPP
J83633,VICTORIA CROSS SURGERY,SN1 3BU,51.555054,-1.777674,E06000030,E99999999,TPP,TPP
J83645,PHOENIX SURGERY,SN5 8SX,51.553556,-1.821831,E06000030,E99999999,TPP,TPP
J83646,PARK LANE PRACTICE,SN1 5HG,51.558792,-1.795817,E06000030,E99999999,TPP,TPP
J84003,VENTNOR MEDICAL PRACTICE,PO38 1EZ,50.594548,-1.203791,E06000046,E99999999,TPP,TPP
J84004,EAST COWES MEDICAL CENTRE,PO32 6RP,50.757449,-1.28618,E06000046,E99999999,TPP,TPP
J84005,ESPLANADE SURGERY,PO33 2EH,50.731932,-1.158687,E06000046,E99999999,TPP,TPP
J84007,ST. HELENS MEDICAL CENTRE,PO33 1UG,50.69874,-1.109198,E06000046,E99999999,TPP,TPP
J84008,ARGYLL HOUSE,PO33 2QG,50.726904,-1.16613,E06000046,E99999999,TPP,TPP
J84011,NEWPORT HEALTH CENTRE,PO30 1NR,50.691597,-1.312083,E06000046,E99999999,TPP,TPP
J84012,TOWER HOUSE SURGERY,PO33 1LP,50.726962,-1.151677,E06000046,E99999999,TPP,TPP
J84013,THE BAY MEDICAL PRACTICE,PO36 9GA,50.650525,-1.162207,E06000046,E99999999,TPP,TPP
J84015,COWES MEDICAL CENTRE,PO31 7ER,50.751439,-1.302105,E06000046,E99999999,TPP,TPP
J84016,SOUTH WIGHT MEDICAL PRACTICE,PO30 4BB,50.641532,-1.396211,E06000046,E99999999,TPP,TPP
J84017,SOLENT NHS TRUST T/A MEDINA HEALTHCARE,PO33 4NW,50.724203,-1.231065,E06000046,E99999999,TPP,TPP
J84019,WIGHT PRIMARY PARTNERSHIPS LTD,PO40 9DT,50.68147,-1.524304,E06000046,E99999999,TPP,TPP
K81001,THE WATERFIELD PRACTICE,RG12 9LH,51.409205,-0.733906,E06000036,E99999999,EMIS,EMIS
K81002,EASTFIELD HOUSE SURGERY,RG14 7LW,51.395554,-1.323233,E06000037,E99999999,EMIS,EMIS
K81003,SWALLOWFIELD MEDICAL PRACTICE,RG7 1QY,51.378289,-0.958531,E06000041,E99999999,EMIS,EMIS
K81004,THE POTTERIES,RG30 6BW,51.460297,-1.025614,E06000038,E99999999,EMIS/EVERGREENLIFE,EMIS
K81007,LONDON STREET SURGERY,RG1 4SJ,51.451368,-0.967864,E06000038,E99999999,EMIS,EMIS
K81010,KINGS CORNER SURGERY,SL5 0AE,51.39963,-0.650289,E06000040,E99999999,EMIS,EMIS
K81012,THE BOAT HOUSE SURGERY,RG8 7DP,51.486094,-1.085885,E06000037,E99999999,EMIS,EMIS
K81014,BALMORE PARK SURGERY,RG4 7SS,51.470984,-0.973368,E06000038,E99999999,EMIS,EMIS
K81015,WOODLANDS PARK SURGERY,SL6 3NW,51.502531,-0.761375,E06000040,E99999999,EMIS,EMIS
K81017,FALKLAND SURGERY,RG14 7DF,51.382273,-1.335744,E06000037,E99999999,EMIS,EMIS
K81018,LINDEN MEDICAL CENTRE,SL6 6JJ,51.530816,-0.737396,E06000040,E99999999,EMIS,EMIS
K81019,ROSS ROAD MEDICAL CENTRE,SL6 2SR,51.510616,-0.732811,E06000040,E99999999,EMIS,EMIS
K81020,CLAREMONT HOLYPORT SURGERY,SL6 8AN,51.524995,-0.719712,E06000040,E99999999,EMIS,EMIS
K81021,DATCHET HEALTH CENTRE,SL3 9EX,51.482059,-0.576297,E06000040,E99999999,EMIS,EMIS
K81022,WOKINGHAM MEDICAL CENTRE,RG40 1XS,51.411718,-0.831369,E06000041,E99999999,EMIS,EMIS
K81024,LANGLEY HEALTH CENTRE,SL3 8LE,51.495314,-0.541266,E06000039,E99999999,EMIS,EMIS
K81025,FINCHAMPSTEAD PRACTICE,RG40 3RG,51.375006,-0.858108,E06000041,E99999999,EMIS,EMIS
K81026,CHATHAM STREET SURGERY,RG1 7JE,51.455592,-0.981946,E06000038,E99999999,EMIS,EMIS
K81027,MORTIMER SURGERY,RG7 3SQ,51.377596,-1.068522,E06000037,E99999999,EMIS,EMIS
K81028,MAGNOLIA HOUSE SURGERY,SL5 0QJ,51.400009,-0.634105,E06000040,E99999999,EMIS,EMIS
K81030,RINGMEAD MEDICAL GROUP,RG12 7WW,51.390839,-0.75199,E06000036,E99999999,EMIS,EMIS
K81034,CROSBY HOUSE SURGERY,SL1 3NY,51.517964,-0.59942,E06000039,E99999999,EMIS,EMIS
K81036,THE CEDARS SURGERY,SL6 8AJ,51.52561,-0.720069,E06000040,E99999999,EMIS,EMIS
K81040,MILMAN & KENNET SURGERY,RG2 0AR,51.443733,-0.967735,E06000038,E99999999,EMIS,EMIS
K81041,EMMER GREEN SURGERY,RG4 8RA,51.483586,-0.972841,E06000038,E99999999,EMIS,EMIS
K81042,COOKHAM MEDICAL CENTRE,SL6 9HX,51.558359,-0.725786,E06000040,E99999999,EMIS,EMIS
K81043,HERSCHEL MEDICAL CENTRE,SL1 1TT,51.50637,-0.592441,E06000039,E99999999,EMIS,EMIS
K81045,PARKSIDE PRACTICE,RG6 1JS,51.445392,-0.934013,E06000038,E99999999,EMIS,EMIS
K81046,LEE HOUSE SURGERY,SL4 3EW,51.475839,-0.61478,E06000040,E99999999,EMIS,EMIS
K81047,BROOKSIDE GROUP PRACTICE,RG6 7HG,51.432882,-0.91133,E06000041,E99999999,EMIS,EMIS
K81048,LONG BARN LANE SURGERY,RG2 7SZ,51.436183,-0.967013,E06000038,E99999999,EMIS,EMIS
K81050,THE DOWNLAND PRACTICE,RG20 8UY,51.463442,-1.312384,E06000037,E99999999,EMIS,EMIS
K81051,WOODLEY PRACTICE,RG5 4JA,51.453486,-0.904004,E06000041,E99999999,EMIS,EMIS
K81052,LAMBOURN SURGERY,RG17 8PS,51.504044,-1.52583,E06000037,E99999999,TPP,TPP
K81055,WARGRAVE PRACTICE,RG10 8BP,51.501475,-0.862225,E06000041,E99999999,EMIS,EMIS
K81056,WESTWOOD ROAD SURGERY,RG31 5PR,51.460405,-1.04195,E06000038,E99999999,EMIS/ARCHVALE,EMIS
K81057,HUNGERFORD SURGERY,RG17 0HY,51.415577,-1.517758,E06000037,E99999999,TPP,TPP
K81060,BINFIELD SURGERY,RG42 4EX,51.422817,-0.778634,E06000036,E99999999,EMIS,EMIS
K81062,WESTERN ELMS & CIRCUIT LANE SURGERIES,RG30 1AT,51.455836,-0.992534,E06000038,E99999999,EMIS,EMIS
K81063,STRAWBERRY HILL MEDICAL CENTRE,RG14 1JU,51.405795,-1.327754,E06000037,E99999999,EMIS,EMIS
K81066,THE SYMONS MEDICAL CENTRE,SL6 6EL,51.522784,-0.738902,E06000040,E99999999,EMIS,EMIS
K81068,SHEET STREET SURGERY,SL4 1BZ,51.479649,-0.605491,E06000040,E99999999,EMIS,EMIS
K81069,LODDON VALE PRACTICE,RG5 4UX,51.454615,-0.888275,E06000041,E99999999,EMIS,EMIS
K81070,TWYFORD SURGERY,RG10 9JA,51.481955,-0.864252,E06000041,E99999999,EMIS,EMIS
K81073,THATCHAM HEALTH CENTRE,RG18 3HD,51.404017,-1.262367,E06000037,E99999999,EMIS,EMIS
K81074,CLARENCE MEDICAL CENTRE,SL4 5AS,51.479401,-0.61794,E06000040,E99999999,EMIS,EMIS
K81075,FARNHAM ROAD PRACTICE,SL2 1HD,51.53043,-0.617779,E06000039,E99999999,EMIS,EMIS
K81076,GREEN MEADOWS SURGERY,SL5 7GB,51.408936,-0.688262,E06000040,E99999999,EMIS,EMIS
K81077,THEALE MEDICAL CENTRE,RG7 5AS,51.438207,-1.080583,E06000037,E99999999,EMIS,EMIS
K81078,GROVELANDS MEDICAL CENTRE,RG30 1HG,51.460245,-1.009767,E06000038,E99999999,EMIS,EMIS
K81080,NEW WOKINGHAM ROAD SURGERY,RG45 6JL,51.370335,-0.802715,E06000036,E99999999,EMIS,EMIS
K81081,ABBEY MEDICAL CENTRE,RG1 7QA,51.454811,-0.975875,E06000038,E99999999,EMIS,EMIS
K81082,THE VILLAGE MEDICAL CENTRE,SL1 5ND,51.512953,-0.647418,E06000039,E99999999,EMIS,EMIS
K81083,BHARANI MEDICAL CENTRE,SL1 6BB,51.520758,-0.648974,E06000039,E99999999,EMIS,EMIS
K81084,ROSEMEAD SURGERY,SL6 8DS,51.525529,-0.70446,E06000040,E99999999,EMIS,EMIS
K81085,SHREEJI MEDICAL CENTRE,SL1 3DQ,51.518365,-0.606672,E06000039,E99999999,EMIS,EMIS
K81086,MANOR PARK MEDICAL CENTRE,SL1 3XU,51.524537,-0.600097,E06000039,E99999999,EMIS,EMIS
K81087,EASTHAMPSTEAD SURGERY,RG12 7BB,51.405544,-0.753948,E06000036,E99999999,EMIS,EMIS
K81092,WOOSEHILL PRACTICE,RG41 3DR,51.413312,-0.854392,E06000041,E99999999,EMIS,EMIS
K81094,GREAT HOLLANDS PRACTICE,RG12 8WY,51.398662,-0.77071,E06000036,E99999999,EMIS,EMIS
K81097,REDWOOD HOUSE SURGERY,SL6 3PH,51.511592,-0.761994,E06000040,E99999999,EMIS,EMIS
K81100,PEMBROKE SURGERY,RG1 5PG,51.448735,-0.951764,E06000038,E99999999,EMIS,EMIS
K81102,BURDWOOD SURGERY,RG19 4YF,51.396133,-1.244182,E06000037,E99999999,EMIS,EMIS
K81103,CHAPEL ROW SURGERY,RG7 6NS,51.425877,-1.170841,E06000037,E99999999,EMIS,EMIS
K81605,UNIVERSITY MEDICAL GROUP,RG2 7HE,51.440402,-0.954055,E06000038,E99999999,EMIS,EMIS
K81607,CORDWALLIS ROAD SURGERY,SL6 7DQ,51.528097,-0.723805,E06000040,E99999999,EMIS,EMIS
K81608,DR NABI,SL1 5PP,51.518854,-0.632139,E06000039,E99999999,EMIS,EMIS
K81610,FOREST HEALTH GROUP-MOUNT LANE,RG12 9PG,51.41381,-0.745829,E06000036,E99999999,EMIS,EMIS
K81616,KUMAR MEDICAL CENTRE,SL2 5JE,51.516824,-0.583874,E06000039,E99999999,EMIS,EMIS
K81630,SOUTH MEADOW SURGERY,SL4 6AP,51.488789,-0.610383,E06000040,E99999999,EMIS,EMIS
K81633,SOUTH READING & SHINFIELD GROUP MED PRAC,RG2 9EH,51.404886,-0.946339,E06000041,E99999999,EMIS,EMIS
K81636,COLEY PARK SURGERY,RG1 6DN,51.445459,-0.986243,E06000038,E99999999,EMIS,EMIS
K81644,TILEHURST VILLAGE SURGERY,RG31 5PP,51.461234,-1.042249,E06000038,E99999999,EMIS,EMIS
K81645,240 WEXHAM ROAD,SL2 5JP,51.516902,-0.578381,E06000039,E99999999,EMIS,EMIS
K81651,MELROSE SURGERY,RG1 5BS,51.451693,-0.959841,E06000038,E99999999,EMIS,EMIS
K81655,ASCOT MEDICAL CENTRE,SL5 7GB,51.408936,-0.688262,E06000040,E99999999,EMIS,EMIS
K81656,CROWN WOOD MEDICAL CENTRE,RG12 0TH,51.39592,-0.736917,E06000036,E99999999,EMIS,EMIS
K81657,EVERGREEN PRACTICE,RG12 1LH,51.417222,-0.752898,E06000036,E99999999,EMIS,EMIS
K82001,RECTORY MEADOW SURGERY,HP7 0HG,51.669083,-0.617478,E06000060,E99999999,EMIS,EMIS
K82003,WOLVERTON HEALTH CENTRE,MK12 5DF,52.054207,-0.814899,E06000042,E99999999,TPP,TPP
K82004,AMERSHAM HEALTH CENTRE,HP6 5AY,51.67504,-0.604164,E06000060,E99999999,EMIS,EMIS
K82006,THE IVERS PRACTICE,SL0 9NU,51.519293,-0.509496,E06000060,E99999999,EMIS,EMIS
K82007,THE SWAN PRACTICE,MK18 1NU,52.001593,-0.985664,E06000060,E99999999,EMIS,EMIS
K82008,THE HALL PRACTICE,SL9 9SX,51.606929,-0.561287,E06000060,E99999999,EMIS,EMIS
K82009,WATLING STREET PRACTICE,MK11 1YA,52.056277,-0.853177,E06000042,E99999999,TPP,TPP
K82010,TOWER HOUSE SURGERY,HP12 3AF,51.636376,-0.769985,E06000060,E99999999,EMIS,EMIS
K82011,MILLBARN MEDICAL CENTRE,HP9 1TX,51.599594,-0.656294,E06000060,E99999999,EMIS,EMIS
K82012,HIGHFIELD SURGERY,HP15 7UW,51.650049,-0.710987,E06000060,E99999999,EMIS,EMIS
K82013,THE RED HOUSE SURGERY,MK2 2EH,51.996295,-0.722887,E06000042,E99999999,TPP,TPP
K82014,OAKFIELD SURGERY,HP20 1LJ,51.817871,-0.789522,E06000060,E99999999,EMIS,EMIS
K82015,PARKSIDE MEDICAL CENTRE,MK3 6EN,51.997423,-0.747617,E06000042,E99999999,TPP,TPP
K82016,NEWPORT PAGNELL MED.CTR.,MK16 8QT,52.086476,-0.725277,E06000042,E99999999,TPP,TPP
K82017,DESBOROUGH SURGERY,HP11 2SD,51.631591,-0.762168,E06000060,E99999999,EMIS,EMIS
K82019,THE MANDEVILLE PRACTICE,HP21 8TR,51.802321,-0.821091,E06000060,E99999999,EMIS,EMIS
K82020,CHILTERN HOUSE MED CENTRE,HP13 5DN,51.633384,-0.752366,E06000060,E99999999,EMIS,EMIS
K82021,THE CROSS KEYS PRACTICE,HP27 0AX,51.72366,-0.830825,E06000060,E99999999,EMIS,EMIS
K82022,KINGSWOOD SURGERY,HP13 7UN,51.634406,-0.72276,E06000060,E99999999,EMIS,EMIS
K82023,MARLOW MEDICAL GROUP,SL7 1DN,51.573829,-0.770001,E06000060,E99999999,TPP,TPP
K82024,THE NEW SURGERY CHESHAM,HP5 3EZ,51.713277,-0.608226,E06000060,E99999999,EMIS,EMIS
K82025,SOVEREIGN MEDICAL CENTRE,MK15 8AJ,52.060796,-0.745218,E06000042,E99999999,TPP,TPP
K82026,WHADDON HEALTHCARE,MK3 7QU,52.000317,-0.766255,E06000042,E99999999,TPP,TPP
K82027,PURBECK HEALTH CENTRE,MK14 6BL,52.061376,-0.773894,E06000042,E99999999,TPP,TPP
K82028,HADDENHAM MEDICAL CENTRE,HP17 8JX,51.777813,-0.921761,E06000060,E99999999,EMIS,EMIS
K82030,WYE VALLEY SURGERY,HP11 2TT,51.626445,-0.753409,E06000060,E99999999,EMIS,EMIS
K82031,THREEWAYS SURGERY,SL2 4AZ,51.54975,-0.585102,E06000060,E99999999,EMIS,EMIS
K82032,OAKRIDGE PARK MEDICAL CENTRE,MK14 6GL,52.068655,-0.777853,E06000042,E99999999,TPP,TPP
K82033,BURNHAM HEALTH CENTRE,SL1 7DE,51.5349,-0.662137,E06000060,E99999999,EMIS,EMIS
K82035,THE JOHN HAMPDEN SURGERY,HP16 9EU,51.699545,-0.739548,E06000060,E99999999,EMIS,EMIS
K82036,RIVERSIDE SURGERY,HP11 2RZ,51.633178,-0.760911,E06000060,E99999999,EMIS,EMIS
K82037,WATER MEADOW SURGERY,HP5 1ET,51.702589,-0.61304,E06000060,E99999999,TPP,TPP
K82038,POPLAR GROVE PRACTICE,HP20 1XB,51.822582,-0.793821,E06000060,E99999999,EMIS,EMIS
K82039,BEDFORD STREET SURGERY,MK2 2TX,51.995794,-0.729761,E06000042,E99999999,TPP,TPP
K82040,WHITEHILL SURGERY,HP19 8EN,51.819398,-0.818614,E06000060,E99999999,EMIS,EMIS
K82044,CARRINGTON HOUSE SURGERY,HP13 6SL,51.632316,-0.74913,E06000060,E99999999,EMIS,EMIS
K82045,SOUTHMEAD SURGERY,SL2 3ER,51.55254,-0.616935,E06000060,E99999999,EMIS,EMIS
K82046,THE SIMPSON CENTRE,HP9 1TX,51.599594,-0.656294,E06000060,E99999999,EMIS,EMIS
K82047,UNITY HEALTH,HP27 9AX,51.723809,-0.837727,E06000060,E99999999,EMIS,EMIS
K82048,STOKENCHURCH MEDICAL CTRE,HP14 3SX,51.660508,-0.904206,E06000060,E99999999,EMIS,EMIS
K82049,HUGHENDEN VALLEY SURGERY,HP14 4LG,51.661264,-0.751094,E06000060,E99999999,EMIS,EMIS
K82051,THE MISBOURNE SURGERY,SL9 9RR,51.607788,-0.558024,E06000060,E99999999,EMIS,EMIS
K82053,PRIORY SURGERY,HP13 6SH,51.631654,-0.74948,E06000060,E99999999,EMIS,EMIS
K82054,ASHFIELD MEDICAL CENTRE,MK6 4NE,52.019676,-0.738252,E06000042,E99999999,TPP,TPP
K82055,DENHAM MEDICAL CENTRE,UB9 5GA,51.584564,-0.502236,E06000060,E99999999,EMIS,EMIS
K82057,COBBS GARDEN SURGERY,MK46 5QG,52.156565,-0.702491,E06000042,E99999999,TPP,TPP
K82058,GLADSTONE ROAD SURGERY,HP5 3EZ,51.713277,-0.608226,E06000060,E99999999,EMIS,EMIS
K82059,WESTFIELD ROAD SURGERY,MK2 2DJ,51.993344,-0.727762,E06000042,E99999999,TPP,TPP
K82061,ASHCROFT SURGERY,LU7 0NE,51.898041,-0.71666,E06000060,E99999999,EMIS,EMIS
K82064,FISHERMEAD MEDICAL CENTRE,MK6 2LR,52.03622,-0.747496,E06000042,E99999999,TPP,TPP
K82065,CENTRAL MILTON KEYNES MEDICAL CENTRE,MK13 8RN,52.041958,-0.775039,E06000042,E99999999,TPP,TPP
K82066,BOURNE END & WOOBURN GREEN MEDICAL CTR,HP10 0EE,51.588762,-0.682727,E06000060,E99999999,EMIS,EMIS
K82068,WADDESDON SURGERY,HP18 0LY,51.844241,-0.917708,E06000060,E99999999,EMIS,EMIS
K82070,3W HEALTH,LU7 0NE,51.898041,-0.71666,E06000060,E99999999,EMIS,EMIS
K82073,WESTONGROVE PARTNERSHIP,HP22 6LD,51.765887,-0.743756,E06000060,E99999999,EMIS,EMIS
K82078,THE ALLAN PRACTICE,SL9 9SA,51.606989,-0.560996,E06000060,E99999999,EMIS,EMIS
K82079,EDLESBOROUGH SURGERY,LU6 2HT,51.868524,-0.588782,E06000060,E99999999,EMIS,EMIS
K82603,CRESSEX HEALTH CENTRE,HP12 3PP,51.617117,-0.778782,E06000060,E99999999,EMIS,EMIS
K82610,THE GROVE SURGERY,MK6 4NG,52.023661,-0.735093,E06000042,E99999999,TPP,TPP
K82615,WALNUT TREE HEALTH CENTRE,MK7 7PB,52.021897,-0.691217,E06000042,E99999999,TPP,TPP
K82617,THE STONEDEAN PRACTICE,MK11 1YA,52.056277,-0.853177,E06000042,E99999999,TPP,TPP
K82618,PROSPECT HOUSE SURGERY,HP16 0BG,51.701187,-0.705293,E06000060,E99999999,EMIS/EVERGREENLIFE,EMIS
K82621,LITTLE CHALFONT SURGERY,HP7 9NU,51.667727,-0.566619,E06000060,E99999999,EMIS,EMIS
K82631,MILTON KEYNES VILLAGE SURG,MK10 9BQ,52.043891,-0.697865,E06000042,E99999999,TPP,TPP
K82633,WESTCROFT HEALTH CENTRE,MK4 4EN,52.006376,-0.795679,E06000042,E99999999,TPP,TPP
K83002,LAKESIDE HEALTHCARE,NN17 1TR,52.491707,-0.698076,E06000061,E99999999,TPP,TPP
K83003,QUEENSVIEW MEDICAL CENTRE,NN2 6LS,52.253351,-0.903188,E06000062,E99999999,TPP,TPP
K83005,QUEENSWAY MEDICAL CENTRE,NN8 3QE,52.304913,-0.718489,E06000061,E99999999,EMIS,EMIS
K83006,HEADLANDS SURGERY,NN15 7HP,52.394007,-0.728022,E06000061,E99999999,TPP,TPP
K83007,HARBOROUGH FIELD SURGERY,NN10 0GP,52.286316,-0.582065,E06000061,E99999999,EMIS,EMIS
K83008,THE PINES SURGERY,NN2 8LL,52.272701,-0.902476,E06000062,E99999999,TPP,TPP
K83009,MOULTON SURGERY,NN3 7QP,52.285984,-0.852771,E06000062,E99999999,TPP,TPP
K83010,ELEANOR CROSS HEALTHCARE,NN4 8QF,52.219578,-0.902834,E06000062,E99999999,TPP,TPP
K83011,THE REDWELL MEDICAL CENTRE,NN8 4UT,52.314806,-0.701538,E06000061,E99999999,EMIS,EMIS
K83012,KING EDWARD ROAD SURGERY,NN1 5LY,52.24278,-0.866408,E06000062,E99999999,TPP,TPP
K83013,ESKDAILL MEDICAL,NN16 8DN,52.401546,-0.733524,E06000061,E99999999,TPP,TPP
K83014,LEICESTER TCE HEALTHCARE CTR,NN2 6AL,52.246108,-0.89783,E06000062,E99999999,TPP,TPP
K83015,DANETRE MEDICAL PRACTICE,NN11 4DY,52.252056,-1.160851,E06000062,E99999999,TPP,TPP
K83017,WANSFORD,PE8 6PL,52.578855,-0.421699,E06000061,E99999999,TPP,TPP
K83018,SPRINGFIELD SURGERY,NN13 6JJ,52.037925,-1.154105,E06000062,E99999999,EMIS,EMIS
K83019,THE LONG BUCKBY PRACTICE,NN6 7QB,52.30049,-1.08255,E06000062,E99999999,TPP,TPP
K83021,ROTHWELL MEDICAL CENTRE,NN14 6JQ,52.425813,-0.807967,E06000061,E99999999,TPP,TPP
K83022,TOWCESTER MEDICAL CENTRE,NN12 6HH,52.127065,-0.992081,E06000062,E99999999,EMIS,EMIS
K83023,OUNDLE,PE8 4JA,52.4856,-0.472282,E06000061,E99999999,TPP,TPP
K83024,RUSHDEN MEDICAL CENTRE,NN10 9TR,52.290466,-0.605158,E06000061,E99999999,TPP,TPP
K83025,THE MOUNTS MEDICAL CENTRE,NN1 3DS,52.242246,-0.897252,E06000062,E99999999,TPP,TPP
K83026,ALBANY HOUSE MEDICAL CENTRE,NN8 4RW,52.303509,-0.695386,E06000061,E99999999,TPP,TPP
K83027,LANGHAM PLACE SURGERY,NN2 6AA,52.247183,-0.897378,E06000062,E99999999,TPP,TPP
K83028,SPINNEY BROOK MEDICAL CENTRE,NN9 5GA,52.324395,-0.614025,E06000061,E99999999,EMIS,EMIS
K83029,ABINGTON PARK SURGERY,NN1 5LT,52.24123,-0.867926,E06000062,E99999999,TPP,TPP
K83030,THE COTTONS MEDICAL CENTRE,NN9 6UA,52.345663,-0.547767,E06000061,E99999999,TPP,TPP
K83031,BYFIELD MEDICAL CENTRE,NN11 6XN,52.174084,-1.242879,E06000062,E99999999,EMIS,EMIS
K83032,ABBEY HOUSE MEDICAL PRACTICE,NN11 4FE,52.260335,-1.16071,E06000062,E99999999,TPP,TPP
K83035,KINGSTHORPE MEDICAL CTR.,NN2 7JN,52.258155,-0.891964,E06000062,E99999999,TPP,TPP
K83036,LINDEN MEDICAL GROUP,NN15 7NX,52.397061,-0.716118,E06000061,E99999999,TPP,TPP
K83037,DR SPENCER & PARTNERS,NN15 5PU,52.359905,-0.677309,E06000061,E99999999,TPP,TPP
K83039,DRYLAND MEDICAL CENTRE,NN16 8JZ,52.402535,-0.729365,E06000061,E99999999,TPP,TPP
K83040,WOODVIEW MEDICAL CENTRE,NN3 8AW,52.268696,-0.841874,E06000062,E99999999,TPP,TPP
K83041,ST LUKES PRIMARY CARE CENTRE,NN5 6FR,52.245202,-0.940211,E06000062,E99999999,TPP,TPP
K83042,PARK AVE MED CNT & KINGS HEATH PRACTICE,NN3 2HZ,52.257928,-0.8709,E06000062,E99999999,TPP,TPP
K83043,ABINGTON MEDICAL CENTRE,NN3 2JG,52.253277,-0.865876,E06000062,E99999999,TPP,TPP
K83044,PARKLANDS MEDICAL CENTRE,NN10 9EB,52.283498,-0.596038,E06000061,E99999999,EMIS,EMIS
K83047,ABBEY MEDICAL PRACTICE,NN8 1LT,52.298109,-0.677947,E06000061,E99999999,TPP,TPP
K83048,BROOK MEDICAL CENTRE,NN3 5EN,52.256317,-0.804177,E06000062,E99999999,TPP,TPP
K83049,BRACKLEY MEDICAL CENTRE,NN13 6QZ,52.038067,-1.137701,E06000062,E99999999,TPP,TPP
K83050,THE CRESCENT MEDICAL CTR.,NN1 4SB,52.250464,-0.876378,E06000062,E99999999,EMIS,EMIS
K83051,WEAVERS MEDICAL,NN16 8DN,52.401546,-0.733524,E06000061,E99999999,TPP,TPP
K83052,THE PARKS MEDICAL PRACTICE,NN7 2NN,52.15931,-0.897868,E06000062,E99999999,TPP,TPP
K83053,CRICK MEDICAL PRACTICE,NN6 7TT,52.343228,-1.135847,E06000062,E99999999,EMIS,EMIS
K83055,WOOTTON MEDICAL CENTRE,NN4 6LW,52.202287,-0.886417,E06000062,E99999999,TPP,TPP
K83056,COUNTY SURGERY,NN1 4QA,52.248802,-0.873725,E06000062,E99999999,TPP,TPP
K83059,WOODSEND MEDICAL CENTRE,NN18 0QP,52.48386,-0.711414,E06000061,E99999999,TPP,TPP
K83064,THE SAXON SPIRES PRACTICE,NN6 8QE,52.356813,-1.031505,E06000062,E99999999,EMIS,EMIS
K83065,NENE VALLEY SURGERY,NN14 4QL,52.399796,-0.537451,E06000061,E99999999,TPP/EMIS,TPP
K83066,GREENS NORTON & WEEDON MEDICAL PRACTICE,NN7 4RX,52.225841,-1.081482,E06000062,E99999999,TPP,TPP
K83068,DENTON VILLAGE SURGERY,NN7 1HT,52.213981,-0.773712,E06000062,E99999999,TPP,TPP
K83069,MARSHALLS ROAD SURGERY,NN9 6ET,52.34501,-0.539304,E06000061,E99999999,TPP,TPP
K83070,BUGBROOKE MEDICAL PRACTICE,NN7 3QN,52.211424,-1.005411,E06000062,E99999999,TPP,TPP
K83076,MAYFIELD SURGERY,NN3 8DW,52.26834,-0.841253,E06000062,E99999999,TPP,TPP
K83077,GREENVIEW SURGERY,NN2 7PB,52.25826,-0.88213,E06000062,E99999999,TPP,TPP
K83080,HIGHAM FERRERS SURGERY,NN10 8ED,52.308107,-0.593822,E06000061,E99999999,EMIS,EMIS
K83081,SUMMERLEE MEDICAL CENTRE,NN9 5LJ,52.337036,-0.652129,E06000061,E99999999,TPP,TPP
K83601,EARLS BARTON MEDICAL CENTRE,NN6 0EU,52.264662,-0.758145,E06000061,E99999999,TPP,TPP
K83610,DANES CAMP MEDICAL CENTRE,NN4 0NY,52.205152,-0.904374,E06000062,E99999999,TPP,TPP
K83616,THE MEADOWS SURGERY,NN14 4GD,52.399512,-0.53774,E06000061,E99999999,TPP,TPP
K83618,DR ABBAS,NN3 8DW,52.26834,-0.841253,E06000062,E99999999,TPP,TPP
K83620,THE BROOK HEALTH CENTRE,NN12 6HD,52.126891,-0.992728,E06000062,E99999999,TPP,TPP
K83621,MAPLE ACCESS PARTNERSHIP LLP,NN1 1LG,52.236973,-0.89107,E06000062,E99999999,TPP,TPP
K83622,GREAT OAKLEY MEDICAL CENTRE,NN18 8LU,52.470391,-0.721303,E06000061,E99999999,TPP,TPP
K84001,THE HART SURGERY,RG9 2DR,51.538741,-0.90797,E07000179,E10000025,EMIS,EMIS
K84002,DIDCOT HEALTH CENTRE PRACTICE,OX11 7JH,51.606526,-1.247613,E07000179,E10000025,EMIS,EMIS
K84003,ISLIP SURGERY,OX5 2TQ,51.824952,-1.238583,E07000177,E10000025,EMIS,EMIS
K84004,DONNINGTON MEDICAL PARTNERSHIP,OX4 4DH,51.735365,-1.232254,E07000178,E10000025,EMIS,EMIS
K84006,EYNSHAM MEDICAL GROUP,OX29 4QB,51.781468,-1.375694,E07000181,E10000025,EMIS,EMIS
K84007,TEMPLE COWLEY HEALTH CENTRE,OX4 2HL,51.734812,-1.212439,E07000178,E10000025,EMIS,EMIS
K84008,CHALGROVE & WATLINGTON SURGERIES,OX49 5AF,51.640789,-0.994611,E07000179,E10000025,EMIS,EMIS
K84009,HEDENA HEALTH,OX3 9JA,51.76203,-1.204547,E07000178,E10000025,EMIS,EMIS
K84010,BAMPTON SURGERY,OX18 2LJ,51.729037,-1.550325,E07000181,E10000025,EMIS,EMIS
K84011,SUMMERTOWN HEALTH CENTRE,OX2 7BS,51.774389,-1.263262,E07000178,E10000025,EMIS,EMIS
K84012,ELM TREE SURGERY,SN6 8AG,51.599137,-1.653987,E07000180,E10000025,TPP,TPP
K84013,ST BARTHOLOMEWS & HOLLOW WAY MED CENTRE,OX4 1XB,51.747674,-1.232089,E07000178,E10000025,EMIS,EMIS
K84014,MORLAND HOUSE SURGERY,OX33 1DP,51.748686,-1.138162,E07000179,E10000025,EMIS,EMIS
K84015,NETTLEBED SURGERY,RG9 5AJ,51.576286,-0.991865,E07000179,E10000025,EMIS,EMIS
K84016,BEAUMONT ELMS PRACTICE,OX1 2NA,51.754821,-1.261436,E07000178,E10000025,EMIS,EMIS
K84017,WINDRUSH MEDICAL PRACTICE,OX28 6JS,51.787506,-1.488607,E07000181,E10000025,EMIS,EMIS
K84019,NEWBURY STREET PRACTICE,OX12 9BN,51.598801,-1.425845,E07000180,E10000025,EMIS,EMIS
K84020,SONNING COMMON HEALTH CTR,RG4 9SW,51.515606,-0.982094,E07000179,E10000025,EMIS,EMIS
K84021,BANBURY ROAD MEDICAL CENTRE,OX2 7BT,51.774777,-1.263516,E07000178,E10000025,EMIS,EMIS
K84023,BERINSFIELD HEALTH CENTRE,OX10 7NE,51.663993,-1.176754,E07000179,E10000025,EMIS,EMIS
K84024,WINDRUSH SURGERY,OX16 9SA,52.05891,-1.343279,E07000177,E10000025,EMIS,EMIS
K84026,OBSERVATORY MEDICAL PRACTICE,OX2 6NW,51.760298,-1.26594,E07000178,E10000025,EMIS,EMIS
K84027,MALTHOUSE SURGERY,OX14 3JY,51.672062,-1.282956,E07000180,E10000025,EMIS,EMIS
K84028,BANBURY CROSS HEALTH CENTRE,OX16 9AD,52.057439,-1.340675,E07000177,E10000025,EMIS,EMIS
K84030,CHIPPING NORTON HEALTH CENTRE,OX7 5FA,51.945593,-1.535071,E07000181,E10000025,EMIS,EMIS
K84031,THE LEYS HEALTH CENTRE,OX4 7EX,51.717534,-1.19699,E07000178,E10000025,EMIS,EMIS
K84032,BARTLEMAS SURGERY,OX4 1XD,51.747191,-1.232474,E07000178,E10000025,EMIS,EMIS
K84033,CHURCH STREET PRACTICE,OX12 9BN,51.598801,-1.425845,E07000180,E10000025,EMIS,EMIS
K84034,CLIFTON HAMPDEN SURGERY,OX14 3EL,51.658629,-1.211432,E07000179,E10000025,EMIS,EMIS
K84035,THE BELL SURGERY,RG9 2DR,51.538741,-0.90797,E07000179,E10000025,EMIS,EMIS
K84036,MILL STREAM SURGERY,OX10 6RL,51.620587,-1.106139,E07000179,E10000025,EMIS,EMIS
K84037,WALLINGFORD MEDICAL PRACTICE,OX10 9DU,51.594677,-1.128274,E07000179,E10000025,EMIS,EMIS
K84038,MONTGOMERY HOUSE SURGERY,OX26 6HT,51.896198,-1.158059,E07000177,E10000025,EMIS,EMIS
K84041,MARCHAM RD FAMILY HEALTH CENTRE,OX14 1BT,51.669583,-1.302937,E07000180,E10000025,EMIS,EMIS
K84042,WOODSTOCK SURGERY,OX20 1UB,51.846621,-1.354528,E07000181,E10000025,EMIS,EMIS
K84043,WOODLANDS MEDICAL CENTRE,OX11 0BB,51.603639,-1.25888,E07000179,E10000025,EMIS,EMIS
K84044,MANOR SURGERY,OX3 9BP,51.76148,-1.215018,E07000178,E10000025,EMIS,EMIS
K84045,GOSFORD HILL MEDICAL CENTRE,OX5 2NS,51.815507,-1.280842,E07000177,E10000025,EMIS,EMIS
K84046,WYCHWOOD SURGERY,OX7 6BW,51.863267,-1.597363,E07000181,E10000025,EMIS,EMIS
K84047,BURFORD SURGERY,OX18 4LS,51.807728,-1.638774,E07000181,E10000025,EMIS,EMIS
K84050,THE RYCOTE PRACTICE,OX9 3JZ,51.745009,-0.968545,E07000179,E10000025,EMIS,EMIS
K84051,WHITE HORSE MEDICAL PRACTICE,SN7 7YU,51.651595,-1.580001,E07000180,E10000025,EMIS,EMIS
K84052,BICESTER HEALTH CENTRE,OX26 6AT,51.89675,-1.15722,E07000177,E10000025,EMIS,EMIS
K84054,THE ABINGDON SURGERY,OX14 3LB,51.672026,-1.281496,E07000180,E10000025,EMIS,EMIS
K84055,DEDDINGTON HEALTH CENTRE,OX15 0TQ,51.982933,-1.322009,E07000177,E10000025,EMIS,EMIS
K84056,CROPREDY SURGERY,OX17 1FB,52.116743,-1.320012,E07000177,E10000025,EMIS,EMIS
K84058,BLOXHAM SURGERY,OX15 4ES,52.018118,-1.372962,E07000177,E10000025,EMIS,EMIS
K84059,HIGHTOWN SURGERY,OX16 9DB,52.051239,-1.336478,E07000177,E10000025,EMIS,EMIS
K84060,ST. CLEMENT'S SURGERY,OX4 1JS,51.748273,-1.241321,E07000178,E10000025,EMIS,EMIS
K84062,WOODLANDS SURGERY,OX16 3WT,52.06714,-1.320123,E07000177,E10000025,EMIS,EMIS
K84063,COWLEY ROAD MEDICAL PRACTICE,OX4 1XD,51.747191,-1.232474,E07000178,E10000025,EMIS,EMIS
K84065,SIBFORD SURGERY,OX15 5RQ,52.037625,-1.47923,E07000177,E10000025,EMIS,EMIS
K84066,LUTHER STREET MEDICAL PRACTICE,OX1 1UL,51.747642,-1.257932,E07000178,E10000025,EMIS,EMIS
K84071,GORING & WOODCOTE MEDICAL PRACTICE,RG8 0PR,51.534347,-1.076989,E07000179,E10000025,EMIS,EMIS
K84072,NUFFIELD HEALTH CENTRE,OX28 6JQ,51.786446,-1.486778,E07000181,E10000025,EMIS,EMIS
K84075,BROADSHIRES HEALTH CENTRE,OX18 1JA,51.765046,-1.586701,E07000181,E10000025,EMIS,EMIS
K84078,JERICHO HEALTH CENTRE,OX2 6NW,51.760298,-1.26594,E07000178,E10000025,EMIS,EMIS
K84079,LONG FURLONG MEDICAL CENTRE,OX14 1XR,51.688163,-1.275136,E07000180,E10000025,EMIS,EMIS
K84080,NORTHGATE HEALTH CENTRE,OX1 3EF,51.753008,-1.257684,E07000178,E10000025,EMIS,EMIS
K84082,THE KEY MEDICAL PRACTICE,OX5 1AP,51.821564,-1.289219,E07000177,E10000025,EMIS,EMIS
K84605,KES@NORTHGATE,OX1 3EF,51.753008,-1.257684,E07000178,E10000025,EMIS,EMIS
K84610,THE CHARLBURY MEDICAL CENTRE,OX7 3PQ,51.874181,-1.482178,E07000181,E10000025,EMIS,EMIS
K84613,ALCHESTER MEDICAL GROUP,OX26 6XX,51.89129,-1.138329,E07000177,E10000025,EMIS,EMIS
K84618,COGGES SURGERY,OX28 3FS,51.782271,-1.473749,E07000181,E10000025,EMIS,EMIS
K84624,OAK TREE HEALTH CENTRE,OX11 7GD,51.614989,-1.240945,E07000179,E10000025,EMIS,EMIS
L81004,PORTISHEAD MEDICAL GROUP,BS20 6AQ,51.482805,-2.767318,E06000024,E99999999,EMIS,EMIS
L81007,BRIDGE VIEW MEDICAL,BS3 1AS,51.445379,-2.599759,E06000023,E99999999,EMIS,EMIS
L81008,SHIREHAMPTON GROUP PRACTICE,BS11 9SB,51.489091,-2.676713,E06000023,E99999999,EMIS,EMIS
L81009,STOCKWOOD MEDICAL CENTRE,BS14 8PT,51.411562,-2.544145,E06000023,E99999999,EMIS,EMIS
L81010,HOPE HOUSE SURGERY,BA3 3EP,51.293048,-2.446483,E06000022,E99999999,TPP,TPP
L81012,MONTPELIER HEALTH CENTRE,BS6 5PT,51.466526,-2.589456,E06000023,E99999999,EMIS,EMIS
L81013,FISHPONDS FAMILY PRACTICE,BS16 3TD,51.479683,-2.526567,E06000023,E99999999,EMIS,EMIS
L81014,FROME VALLEY MEDICAL CENTRE,BS36 2DE,51.533232,-2.494761,E06000025,E99999999,EMIS,EMIS
L81015,CHARLOTTE KEEL MEDICAL PRACTICE,BS5 0UA,51.465463,-2.571721,E06000023,E99999999,EMIS,EMIS
L81016,GRAHAM ROAD SURGERY,BS23 1YA,51.34467,-2.97439,E06000024,E99999999,EMIS/EVERGREENLIFE,EMIS
L81017,WESTBURY ON TRYM PRIMARY CARE CENTRE,BS9 3AA,51.493005,-2.617685,E06000023,E99999999,EMIS,EMIS
L81018,SEVERN VIEW FAMILY PRACTICE,BS35 1DP,51.612862,-2.517723,E06000025,E99999999,EMIS,EMIS
L81019,CONCORD MEDICAL CENTRE,BS34 6BQ,51.52942,-2.554878,E06000025,E99999999,EMIS,EMIS
L81020,WIDCOMBE SURGERY,BA2 4JT,51.376368,-2.35432,E06000022,E99999999,TPP,TPP
L81021,WINSCOMBE SURGERY,BS25 1AF,51.315196,-2.830538,E06000024,E99999999,EMIS/EVERGREENLIFE,EMIS
L81022,HORFIELD HC,BS7 9RR,51.489997,-2.576277,E06000023,E99999999,EMIS,EMIS
L81023,EAST TREES HEALTH CENTRE,BS5 6SA,51.470242,-2.563372,E06000023,E99999999,EMIS,EMIS
L81024,COURTSIDE SURGERY,BS37 4DQ,51.539224,-2.415161,E06000025,E99999999,EMIS,EMIS
L81025,SOMER VALLEY MEDICAL GROUP,BA3 2UH,51.28783,-2.476847,E06000022,E99999999,TPP,TPP
L81026,THE DOWNEND HEALTH GROUP,BS16 5SG,51.485109,-2.505301,E06000025,E99999999,EMIS,EMIS
L81027,BATHEASTON MEDICAL CENTRE,BA1 7NP,51.40603,-2.317385,E06000022,E99999999,TPP,TPP
L81029,THREE SHIRES MEDICAL PRACTICE,BS30 5QQ,51.452311,-2.422346,E06000025,E99999999,EMIS,EMIS
L81030,HARPTREE SURGERY,BS40 6HF,51.310321,-2.632199,E06000022,E99999999,TPP,TPP
L81031,THE ARMADA FAMILY PRACTICE,BS14 0SU,51.413543,-2.571977,E06000023,E99999999,EMIS,EMIS
L81033,NIGHTINGALE VALLEY PRACTICE,BS4 4HU,51.446244,-2.547939,E06000023,E99999999,EMIS,EMIS
L81034,TYNTESFIELD MEDICAL GROUP,BS48 2XX,51.432903,-2.760123,E06000024,E99999999,EMIS,EMIS
L81037,PIONEER MEDICAL GROUP,BS10 6SP,51.510305,-2.61763,E06000023,E99999999,EMIS,EMIS
L81038,AIR BALLOON SURGERY,BS5 7PD,51.458998,-2.531438,E06000023,E99999999,EMIS,EMIS
L81039,HEART OF BATH,BA2 3HT,51.376361,-2.373946,E06000022,E99999999,TPP,TPP
L81040,CLEVEDON MEDICAL CENTRE,BS21 6DG,51.437226,-2.845725,E06000024,E99999999,EMIS,EMIS
L81041,HILLVIEW FAMILY PRACTICE,BS13 0JP,51.407624,-2.601334,E06000023,E99999999,EMIS,EMIS
L81042,KENNEDY WAY SURGERY,BS37 4AA,51.539619,-2.415136,E06000025,E99999999,EMIS,EMIS
L81044,TUDOR LODGE SURGERY,BS23 4JP,51.332396,-2.975378,E06000024,E99999999,EMIS/EVERGREENLIFE,EMIS
L81045,ST AUGUSTINE'S MEDICAL PRACTICE,BS31 2GN,51.422877,-2.494733,E06000022,E99999999,TPP,TPP
L81046,LEAP VALLEY MEDICAL CENTRE,BS16 6UG,51.496503,-2.48791,E06000025,E99999999,EMIS,EMIS
L81047,WEST WALK SURGERY,BS37 4AX,51.540459,-2.414235,E06000025,E99999999,EMIS,EMIS
L81050,CLOSE FARM SURGERY,BS30 5JZ,51.44988,-2.468216,E06000025,E99999999,EMIS,EMIS
L81051,168 MEDICAL GROUP,BS23 3HQ,51.345793,-2.958059,E06000024,E99999999,EMIS,EMIS
L81053,THE LENNARD SURGERY,BS13 7JD,51.425915,-2.613084,E06000023,E99999999,EMIS,EMIS
L81054,GRANGE ROAD SURGERY,BS13 8LD,51.41305,-2.619453,E06000023,E99999999,EMIS,EMIS
L81055,ORCHARD MEDICAL CENTRE,BS15 8NJ,51.462121,-2.510675,E06000025,E99999999,EMIS,EMIS
L81058,THE MILTON SURGERY,BS22 8AG,51.352664,-2.949199,E06000024,E99999999,EMIS/EVERGREENLIFE,EMIS
L81059,ELM HAYES SURGERY,BS39 7SF,51.300542,-2.492758,E06000022,E99999999,TPP,TPP
L81061,THE WELLSPRING SURGERY,BS5 9QY,51.455283,-2.560842,E06000023,E99999999,EMIS,EMIS
L81062,FIRECLAY HEALTH,BS5 7PH,51.460575,-2.528707,E06000023,E99999999,EMIS,EMIS
L81063,KINGSWOOD HEALTH CENTRE,BS15 4EJ,51.462895,-2.499974,E06000025,E99999999,EMIS,EMIS
L81065,COMBE DOWN SURGERY,BA2 5EG,51.361,-2.345598,E06000022,E99999999,TPP,TPP
L81066,STAFFORD MEDICAL GROUP,BS24 7DX,51.352588,-2.91476,E06000024,E99999999,EMIS,EMIS
L81068,THE PULTENEY PRACTICE,BA2 4BY,51.385329,-2.35255,E06000022,E99999999,TPP,TPP
L81069,ST. MICHAEL'S SURGERY,BA2 1ER,51.381851,-2.399482,E06000022,E99999999,TPP,TPP
L81070,NEWBRIDGE SURGERY,BA1 3PT,51.387649,-2.394574,E06000022,E99999999,TPP,TPP
L81071,FAIRFIELD PARK HEALTH CENTRE,BA1 6EA,51.394968,-2.352595,E06000022,E99999999,TPP,TPP
L81072,CHEW MEDICAL PRACTICE,BS40 8UE,51.356187,-2.629198,E06000022,E99999999,TPP,TPP
L81073,WEST VIEW SURGERY,BS31 1BX,51.411921,-2.50212,E06000022,E99999999,TPP,TPP
L81075,THE OLD SCHOOL SURGERY,BS16 2JD,51.481903,-2.52871,E06000023,E99999999,EMIS,EMIS
L81078,GLOUCESTER ROAD MEDICAL CENTRE,BS7 8SA,51.48495,-2.587648,E06000023,E99999999,EMIS,EMIS
L81079,HANHAM HEALTH,BS15 3HY,51.443583,-2.512008,E06000025,E99999999,EMIS,EMIS
L81081,PEMBROKE ROAD SURGERY,BS8 3EU,51.464335,-2.618521,E06000023,E99999999,EMIS,EMIS
L81082,BEDMINSTER FAMILY PRACTICE,BS3 4AT,51.444157,-2.594218,E06000023,E99999999,EMIS,EMIS
L81083,HARTWOOD HEALTHCARE,BS13 0JP,51.407624,-2.601334,E06000023,E99999999,EMIS,EMIS
L81084,PRIORY SURGERY,BS4 2QJ,51.434217,-2.566008,E06000023,E99999999,EMIS,EMIS
L81085,HEYWOOD FAMILY PRACTICE,BS20 0DL,51.480594,-2.689158,E06000024,E99999999,EMIS,EMIS
L81086,MENDIP VALE MEDICAL PRACTICE,BS40 5EL,51.341491,-2.785903,E06000024,E99999999,EMIS,EMIS
L81087,BEECHWOOD MEDICAL PRACTICE,BS16 3TD,51.479683,-2.526567,E06000023,E99999999,EMIS,EMIS
L81089,LAWRENCE HILL HEALTH CENTRE,BS2 0AN,51.457546,-2.572687,E06000023,E99999999,EMIS,EMIS
L81090,THE FAMILY PRACTICE,BS6 6DF,51.462706,-2.60337,E06000023,E99999999,EMIS,EMIS
L81091,WHITELADIES MEDICAL GROUP,BS8 2PU,51.465096,-2.612384,E06000023,E99999999,EMIS,EMIS
L81095,DOWNTON ROAD SURGERY,BS4 1WH,51.428745,-2.596291,E06000023,E99999999,EMIS,EMIS
L81098,GREENWAY COMMUNITY PRACTICE,BS10 6AF,51.499593,-2.611276,E06000023,E99999999,EMIS,EMIS
L81103,ST MARY STREET SURGERY,BS35 2AT,51.606642,-2.525465,E06000025,E99999999,EMIS,EMIS
L81106,STREAMSIDE SURGERY,BS35 1DP,51.612862,-2.517723,E06000025,E99999999,EMIS,EMIS
L81118,STOKES MEDICAL GROUP,BS34 8UE,51.517726,-2.546492,E06000025,E99999999,EMIS,EMIS
L81120,BIRCHWOOD MEDICAL PRACTICE,BS4 4HU,51.446244,-2.547939,E06000023,E99999999,EMIS,EMIS
L81122,ST. MARY'S SURGERY,BA2 0HX,51.326079,-2.47987,E06000022,E99999999,TPP,TPP
L81123,HILLCREST SURGERY,BA2 8JQ,51.311978,-2.431688,E06000022,E99999999,TPP,TPP
L81125,WELLS ROAD SURGERY,BS4 2DF,51.438591,-2.572666,E06000023,E99999999,EMIS,EMIS
L81127,ALMONDSBURY SURGERY,BS32 4DS,51.553545,-2.573533,E06000025,E99999999,EMIS,EMIS
L81130,CADBURY HEATH HEALTHCARE,BS30 8HS,51.447306,-2.488652,E06000025,E99999999,EMIS,EMIS
L81131,FALLODON WAY MEDICAL CENTRE,BS9 4HT,51.483067,-2.609543,E06000023,E99999999,EMIS,EMIS
L81132,WESTFIELD SURGERY,BA3 3UJ,51.284952,-2.458993,E06000022,E99999999,TPP,TPP
L81133,STUDENT HEALTH SERVICE,BS6 6AU,51.462342,-2.604084,E06000023,E99999999,EMIS,EMIS
L81600,HARBOURSIDE FAMILY PRACTICE,BS20 7QA,51.484456,-2.758272,E06000024,E99999999,EMIS,EMIS
L81617,UNIVERSITY MEDICAL CENTRE,BA2 7AY,51.379324,-2.327157,E06000022,E99999999,TPP,TPP
L81632,EMERSONS GREEN MEDICAL CENTRE,BS16 7AL,51.492762,-2.477023,E06000025,E99999999,EMIS,EMIS
L81642,WELLINGTON ROAD SURGERY,BS37 5UY,51.548907,-2.417759,E06000025,E99999999,EMIS,EMIS
L81643,THE CEDARS SURGERY,BS22 6AJ,51.357753,-2.925678,E06000024,E99999999,EMIS/EVERGREENLIFE,EMIS
L81644,RUSH HILL SURGERY,BA2 2QH,51.365227,-2.393735,E06000022,E99999999,TPP,TPP
L81669,MVMG - MONKS PARK,BS7 0UE,51.497535,-2.582782,E06000023,E99999999,EMIS,EMIS
L81670,HORIZON HEALTH CENTRE,BS23 3SJ,51.331294,-2.965121,E06000024,E99999999,EMIS/EVERGREENLIFE,EMIS
L82001,LANDER MEDICAL PRACTICE,TR1 2JA,50.259971,-5.055912,E06000052,E99999999,TPP,TPP
L82003,PORT ISAAC SURGERY,PL29 3TR,50.5898,-4.824633,E06000052,E99999999,EMIS,EMIS
L82004,WADEBRIDGE & CAMEL ESTUARY PRACTICE,PL27 7BS,50.514806,-4.83577,E06000052,E99999999,EMIS,EMIS
L82006,PENRYN SURGERY,TR10 8HX,50.167492,-5.103407,E06000052,E99999999,TPP,TPP
L82007,CAMELFORD MEDICAL CENTRE,PL32 9YT,50.624019,-4.676826,E06000052,E99999999,EMIS,EMIS
L82008,STRATTON MEDICAL CENTRE,EX23 9BP,50.83005,-4.516157,E06000052,E99999999,TPP,TPP
L82010,BOSVENA HEALTH,PL31 2JJ,50.471918,-4.720077,E06000052,E99999999,EMIS,EMIS
L82011,BRANNEL SURGERY,PL26 7RL,50.340259,-4.890985,E06000052,E99999999,TPP,TPP
L82012,TAMAR VALLEY HEALTH,PL17 7AW,50.503465,-4.320106,E06000052,E99999999,TPP,TPP
L82013,PERRANPORTH SURGERY,TR6 0PS,50.345262,-5.154799,E06000052,E99999999,TPP,TPP
L82015,CHACEWATER HEALTH CENTRE,TR4 8QS,50.25595,-5.155824,E06000052,E99999999,TPP,TPP
L82016,OAK TREE SURGERY,PL14 3XA,50.460716,-4.451958,E06000052,E99999999,EMIS,EMIS
L82017,ST MARY'S HEALTH CENTRE,TR21 0HE,49.911605,-6.308668,E06000053,E99999999,TPP,TPP
L82018,HELSTON MEDICAL CENTRE,TR13 8AU,50.099581,-5.270132,E06000052,E99999999,TPP,TPP
L82022,OLD BRIDGE SURGERY,PL13 1HA,50.356799,-4.455344,E06000052,E99999999,EMIS,EMIS
L82023,PETROC GROUP PRACTICE,TR9 6RS,50.428888,-4.944177,E06000052,E99999999,EMIS,EMIS
L82025,MEVAGISSEY SURGERY,PL26 6UE,50.270756,-4.78844,E06000052,E99999999,TPP,TPP
L82026,MIDDLEWAY SURGERY,PL24 2JL,50.356426,-4.713258,E06000052,E99999999,EMIS,EMIS
L82028,THREE SPIRES MEDICAL PRACTICE,TR1 2JA,50.259971,-5.055912,E06000052,E99999999,TPP,TPP
L82029,NARROWCLIFF SURGERY,TR7 2QF,50.417648,-5.070937,E06000052,E99999999,EMIS,EMIS
L82030,LAUNCESTON MEDICAL CENTRE,PL15 9HH,50.627659,-4.360038,E06000052,E99999999,TPP,TPP
L82035,FOWEY RIVER PRACTICE,PL23 1DT,50.337915,-4.635394,E06000052,E99999999,EMIS,EMIS
L82036,BODRIGGY HEALTH CENTRE,TR27 4PB,50.187062,-5.412891,E06000052,E99999999,EMIS,EMIS
L82038,ATLANTIC MEDICAL GROUP,TR18 3DX,50.122359,-5.545153,E06000052,E99999999,EMIS,EMIS
L82039,LOSTWITHIEL SURGERY,PL22 0EF,50.407802,-4.668786,E06000052,E99999999,EMIS,EMIS
L82041,CARN TO COAST HEALTH CENTRES,TR15 3DU,50.226212,-5.268203,E06000052,E99999999,EMIS,EMIS
L82042,LEATSIDE HEALTH CENTRE,TR15 1AU,50.234347,-5.232462,E06000052,E99999999,EMIS,EMIS
L82043,QUAY LANE SURGERY,PL12 5LH,50.395338,-4.305731,E06000052,E99999999,EMIS,EMIS
L82044,VEOR SURGERY,TR14 8SN,50.209958,-5.299615,E06000052,E99999999,EMIS,EMIS
L82045,PROBUS SURGERY,TR2 4JZ,50.290109,-4.948587,E06000052,E99999999,TPP,TPP
L82046,SALTASH HEALTH CENTRE,PL12 6DL,50.409716,-4.220922,E06000052,E99999999,TPP,TPP
L82047,MARAZION SURGERY,TR17 0HW,50.126814,-5.464439,E06000052,E99999999,EMIS,EMIS
L82048,ROSELAND SURGERIES,TR2 5EE,50.178018,-4.978755,E06000052,E99999999,TPP,TPP
L82049,FALMOUTH HEALTH CENTRE,TR11 2LH,50.156385,-5.086067,E06000052,E99999999,TPP,TPP
L82050,ROSEDEAN SURGERY,PL14 4AQ,50.453673,-4.466021,E06000052,E99999999,EMIS,EMIS
L82051,CLAYS PRACTICE,PL26 8JF,50.409221,-4.833147,E06000052,E99999999,TPP,TPP
L82052,TRESCOBEAS SURGERY,TR11 2UN,50.155297,-5.08538,E06000052,E99999999,TPP,TPP
L82054,ST. AGNES SURGERY,TR5 0TN,50.310758,-5.202636,E06000052,E99999999,TPP,TPP
L82056,THE MULLION & CONSTANTINE GROUP PRACTICE,TR12 7DQ,50.025454,-5.244412,E06000052,E99999999,TPP,TPP
L82057,ST KEVERNE HEALTH CENTRE,TR12 6PB,50.048431,-5.091247,E06000052,E99999999,TPP,TPP
L82058,BOTTREAUX SURGERY,PL35 0BG,50.683994,-4.691805,E06000052,E99999999,EMIS,EMIS
L82059,COBER VALLEY HEALTH,TR13 8RT,50.099405,-5.271589,E06000052,E99999999,TPP,TPP
L82061,CARNON DOWNS SURGERY,TR3 6JD,50.223438,-5.091952,E06000052,E99999999,TPP,TPP
L82066,PORT VIEW SURGERY,PL12 4BU,50.407319,-4.214082,E06000052,E99999999,EMIS,EMIS
L82068,GODOLPHIN HEALTH,TR14 0LB,50.173753,-5.309264,E06000052,E99999999,EMIS,EMIS
L82070,SUNNYSIDE SURGERY,TR18 3DX,50.122359,-5.545153,E06000052,E99999999,EMIS,EMIS
L82620,HARRIS MEMORIAL SURGERY,TR16 4RX,50.246637,-5.267147,E06000052,E99999999,EMIS,EMIS
L82622,WESTOVER SURGERY,TR11 4QJ,50.148914,-5.075057,E06000052,E99999999,EMIS,EMIS
L83002,HONITON SURGERY,EX14 2NY,50.794569,-3.188054,E07000040,E10000008,TPP,TPP
L83003,QUEEN'S MEDICAL CENTRE,EX32 8HY,51.080157,-4.057219,E07000043,E10000008,TPP,TPP
L83004,KINGSTEIGNTON MEDICAL PRACTICE,TQ12 3HN,50.548968,-3.59741,E07000045,E10000008,TPP,TPP
L83005,BARTON SURGERY,EX7 9QH,50.579836,-3.473832,E07000045,E10000008,TPP,TPP
L83006,MAYFLOWER MEDICAL GROUP,PL5 1PL,50.404933,-4.188582,E06000026,E99999999,TPP,TPP
L83007,SEATON & COLYTON MEDICAL PRACTICE,EX12 2DU,50.713063,-3.074122,E07000040,E10000008,TPP,TPP
L83008,PATHFIELDS MEDICAL GROUP,PL7 1AD,50.386213,-4.052595,E06000026,E99999999,TPP,TPP
L83010,ASHBURTON SURGERY,TQ13 7AP,50.519041,-3.748613,E07000045,E10000008,TPP,TPP
L83011,BUDLEIGH SALTERTON MEDICAL PRACTICE,EX9 6LS,50.630086,-3.327673,E07000040,E10000008,TPP,TPP
L83012,BRADWORTHY SURGERY,EX22 7SY,50.901785,-4.38534,E07000046,E10000008,TPP,TPP
L83013,BRUNEL MEDICAL PRACTICE,TQ1 3SL,50.479335,-3.516962,E06000027,E99999999,EMIS,EMIS
L83014,MAYFIELD MEDICAL CENTRE,TQ4 5LA,50.433445,-3.569441,E06000027,E99999999,EMIS,EMIS
L83015,OAKSIDE SURGERY,PL5 3PY,50.411243,-4.159455,E06000026,E99999999,TPP,TPP
L83016,ST THOMAS MEDICAL GROUP,EX4 1HJ,50.714461,-3.545195,E07000041,E10000008,TPP,TPP
L83019,ELM SURGERY,PL6 8UF,50.408366,-4.095973,E06000026,E99999999,TPP,TPP
L83020,AXMINSTER MEDICAL PRACTICE,EX13 5AG,50.780889,-2.999233,E07000040,E10000008,TPP,TPP
L83021,DEAN CROSS SURGERY,PL9 9DL,50.358925,-4.095384,E06000026,E99999999,TPP,TPP
L83023,AMICUS HEALTH - MID DEVON SITES,EX16 8EZ,50.915074,-3.706186,E07000043,E10000008,EMIS,EMIS
L83024,BARNFIELD HILL SURGERY,EX1 1SR,50.723245,-3.520775,E07000041,E10000008,TPP,TPP
L83025,WALLINGBROOK HEALTH CENTRE,EX18 7DL,50.914379,-3.875056,E07000043,E10000008,TPP,TPP
L83026,TORRINGTON HEALTH CENTRE,EX38 8EL,50.952056,-4.140076,E07000046,E10000008,TPP,TPP
L83027,CROFT HALL MEDICAL PRACTICE,TQ2 5UA,50.466658,-3.535847,E06000027,E99999999,EMIS,EMIS
L83028,ST NEOTS SURGERY,PL2 3HY,50.387965,-4.160929,E06000026,E99999999,TPP,TPP
L83029,SOUTHOVER MEDICAL PRACTICE,TQ1 3HD,50.47472,-3.528089,E06000027,E99999999,EMIS,EMIS
L83030,NORTH ROAD WEST MED.CTR.,PL1 5BZ,50.376048,-4.146294,E06000026,E99999999,TPP,TPP
L83031,KINGSKERSWELL & IPPLEPEN MED PRACTICE,TQ12 5DJ,50.500155,-3.583157,E07000045,E10000008,TPP,TPP
L83034,ALBANY SURGERY,TQ12 1GJ,50.528661,-3.607786,E07000045,E10000008,TPP,TPP
L83035,LITCHDON MEDICAL CENTRE,EX32 9LL,51.069583,-4.041734,E07000043,E10000008,TPP,TPP
L83036,TOPSHAM SURGERY,EX3 0EN,50.683813,-3.462111,E07000041,E10000008,TPP,TPP
L83038,TAVYSIDE HEALTH CENTRE,PL19 9FD,50.545832,-4.146047,E07000047,E10000008,EMIS,EMIS
L83039,SOUTHWAY SURGERY,PL6 6DX,50.427665,-4.133265,E06000026,E99999999,TPP,TPP
L83040,PINHOE SURGERY,EX1 3SY,50.737517,-3.469637,E07000041,E10000008,EMIS,EMIS
L83041,WESTBANK PRACTICE,EX6 8DF,50.679131,-3.493771,E07000045,E10000008,TPP,TPP
L83042,ST LEONARDS PRACTICE,EX1 1SB,50.723732,-3.522746,E07000041,E10000008,TPP,TPP
L83043,LEATSIDE SURGERY,TQ9 5JA,50.43495,-3.683723,E07000044,E10000008,TPP,TPP
L83044,BLACKDOWN PRACTICE,EX15 3SF,50.913103,-3.229136,E07000042,E10000008,EMIS,EMIS
L83045,BOVEY TRACEY & CHUDLEIGH PRACTICE,TQ13 9QP,50.59211,-3.673737,E07000045,E10000008,TPP,TPP
L83046,DEVON SQUARE SURGERY,TQ12 2HH,50.529984,-3.60508,E07000045,E10000008,TPP,TPP
L83048,ROBOROUGH SURGERY,PL6 6PH,50.427457,-4.115106,E06000026,E99999999,TPP,TPP
L83049,MORETONHAMPSTEAD HEALTH CENTRE,TQ13 8LW,50.663427,-3.765956,E07000045,E10000008,TPP,TPP
L83050,NORTHAM SURGERY,EX39 1AZ,51.038077,-4.21549,E07000046,E10000008,TPP,TPP
L83051,CRICKETFIELD SURGERY,TQ12 2AS,50.531899,-3.607755,E07000045,E10000008,TPP,TPP
L83052,CASTLE PLACE PRACTICE,EX16 6NP,50.908877,-3.49288,E07000042,E10000008,EMIS,EMIS
L83054,TOWNSEND HOUSE MEDICAL CENTRE,EX12 2RY,50.708493,-3.073238,E07000040,E10000008,TPP,TPP
L83055,COMPASS HOUSE MEDICAL CENTRES,TQ5 9TF,50.395844,-3.512199,E06000027,E99999999,EMIS,EMIS
L83056,ROLLE MEDICAL PARTNERSHIP,EX8 2JF,50.621128,-3.401512,E07000040,E10000008,TPP,TPP
L83057,FREMINGTON MEDICAL CENTRE,EX31 2PG,51.069903,-4.12217,E07000043,E10000008,TPP,TPP
L83058,SOUTHERNHAY HOUSE SURGERY,EX1 1RX,50.72259,-3.523431,E07000041,E10000008,TPP,TPP
L83059,NORTON BROOK MEDICAL CENTRE,TQ7 1AE,50.288739,-3.782122,E07000044,E10000008,TPP,TPP
L83064,CHURCH VIEW SURGERY,PL9 9BN,50.356809,-4.086011,E06000026,E99999999,TPP,TPP
L83066,MOUNT PLEASANT HEALTH CENTRE,EX4 7BW,50.732814,-3.515955,E07000041,E10000008,TPP,TPP
L83067,SID VALLEY PRACTICE,EX10 9YA,50.69949,-3.247743,E07000040,E10000008,TPP,TPP
L83069,RUBY COUNTRY MEDICAL GROUP,EX22 6GH,50.818825,-4.350199,E07000046,E10000008,TPP,TPP
L83070,BUCKFASTLEIGH MEDICAL CENTRE,TQ11 0DE,50.480921,-3.782009,E07000045,E10000008,TPP,TPP
L83071,STOKE SURGERY,PL3 4DP,50.378987,-4.166808,E06000026,E99999999,EMIS,EMIS
L83072,FRIARY HOUSE SURGERY,PL4 9BH,50.372646,-4.128322,E06000026,E99999999,TPP,TPP
L83073,BRANNAM MEDICAL CENTRE,EX32 8GP,51.077575,-4.056262,E07000043,E10000008,TPP,TPP
L83075,SOUTH BRENT HEALTH CENTRE,TQ10 9HT,50.423557,-3.833496,E07000044,E10000008,TPP,TPP
L83076,WYCLIFFE SURGERY,PL4 0BZ,50.368635,-4.122883,E06000026,E99999999,TPP,TPP
L83077,HEAVITREE PRACTICE,EX1 2RX,50.723191,-3.505557,E07000041,E10000008,TPP,TPP
L83079,IDE LANE SURGERY,EX2 8UP,50.69946,-3.534987,E07000041,E10000008,TPP,TPP
L83081,YEALM MEDICAL CENTRE,PL8 2EA,50.348555,-3.997739,E07000044,E10000008,TPP,TPP
L83082,CHAGFORD HEALTH CENTRE,TQ13 8BW,50.671443,-3.836765,E07000047,E10000008,TPP,TPP
L83083,BIDEFORD MEDICAL CENTRE,EX39 3AF,51.017192,-4.211784,E07000046,E10000008,TPP,TPP
L83084,SOUTH LAWN MEDICAL PRACTICE,EX1 2RX,50.723191,-3.505557,E07000041,E10000008,TPP,TPP
L83085,AMICUS HEALTH,EX16 6NJ,50.904923,-3.487733,E07000042,E10000008,EMIS,EMIS
L83086,MODBURY HEALTH CENTRE,PL21 0QL,50.348415,-3.88819,E07000044,E10000008,TPP,TPP
L83087,OKEHAMPTON MEDICAL CENTRE,EX20 1AY,50.738787,-3.997615,E07000047,E10000008,TPP,TPP
L83088,REDFERN HEALTH CENTRE,TQ8 8DJ,50.238893,-3.769141,E07000044,E10000008,TPP,TPP
L83089,KNOWLE HOUSE SURGERY,PL5 3JB,50.408617,-4.134127,E06000026,E99999999,TPP,TPP
L83092,COLLEGE SURGERY PARTNERSHIP,EX15 1FE,50.864169,-3.392717,E07000042,E10000008,TPP,TPP
L83094,DARTMOUTH MEDICAL PRACTICE,TQ6 0JL,50.346764,-3.603421,E07000044,E10000008,TPP,TPP
L83095,COLERIDGE MEDICAL CENTRE,EX11 1EQ,50.751693,-3.283579,E07000040,E10000008,TPP,TPP
L83096,COMBE COASTAL PRACTICE,EX34 8EG,51.203741,-4.126871,E07000043,E10000008,TPP,TPP
L83097,CAEN MEDICAL CENTRE,EX33 1LR,51.107422,-4.163019,E07000043,E10000008,TPP/EMIS,TPP
L83098,CHERITON BISHOP SURGERY,EX6 6JA,50.725123,-3.74263,E07000042,E10000008,TPP,TPP
L83099,ISCA MEDICAL PRACTICE,EX1 2DW,50.727749,-3.512603,E07000041,E10000008,TPP,TPP
L83100,BEACON MEDICAL GROUP,PL7 1AD,50.386213,-4.052595,E06000026,E99999999,TPP,TPP
L83101,ABBEY SURGERY,PL19 8BU,50.546967,-4.150306,E07000047,E10000008,EMIS,EMIS
L83102,YELVERTON SURGERY,PL20 6AS,50.491332,-4.082851,E07000047,E10000008,EMIS,EMIS
L83103,CORNER PLACE SURGERY,TQ4 5AH,50.43328,-3.566999,E06000027,E99999999,EMIS,EMIS
L83105,CASTLE GARDENS SURGERY,EX38 8EU,50.951633,-4.140071,E07000046,E10000008,TPP,TPP
L83106,WOODA SURGERY,EX39 4AU,51.01776,-4.200761,E07000046,E10000008,TPP,TPP
L83111,CHILCOTE PRACTICE,TQ1 3LA,50.482551,-3.520011,E06000027,E99999999,EMIS,EMIS
L83112,WEST HOE SURGERY,PL1 3BS,50.364695,-4.149325,E06000026,E99999999,EMIS,EMIS
L83113,BUDSHEAD MEDICAL PRACTICE,PL5 4DU,50.41743,-4.150318,E06000026,E99999999,TPP,TPP
L83115,WHIPTON SURGERY,EX4 8EG,50.733011,-3.488116,E07000041,E10000008,TPP,TPP
L83116,WOODBURY SURGERY,EX5 1NZ,50.673989,-3.40017,E07000040,E10000008,TPP,TPP
L83118,CHELSTON HALL SURGERY,TQ2 6HW,50.463279,-3.547151,E06000027,E99999999,EMIS/EVERGREENLIFE,EMIS
L83120,CHANNEL VIEW MEDICAL GROUP,TQ14 8AY,50.546122,-3.494037,E07000045,E10000008,TPP,TPP
L83127,REDLANDS PRIMARY CARE,EX17 3FD,50.783644,-3.643459,E07000042,E10000008,TPP,TPP
L83128,BRAMBLEHAIES SURGERY,EX15 1TZ,50.859644,-3.391374,E07000042,E10000008,TPP,TPP
L83129,HARTLAND SURGERY,EX39 6BL,50.992721,-4.482549,E07000046,E10000008,TPP,TPP
L83131,PEMBROKE MEDICAL GROUP,TQ3 2EZ,50.445512,-3.560262,E06000027,E99999999,EMIS,EMIS
L83134,WYNDHAM HOUSE SURGERY,EX5 4HZ,50.817548,-3.483178,E07000042,E10000008,TPP,TPP
L83136,HALDON HOUSE SURGERY,EX8 1DQ,50.619752,-3.416314,E07000040,E10000008,TPP,TPP
L83137,SOUTH MOLTON MEDICAL CENTRE,EX36 3BZ,51.018273,-3.832533,E07000043,E10000008,TPP,TPP
L83143,HILL BARTON SURGERY,EX1 3EN,50.723353,-3.481703,E07000041,E10000008,TPP,TPP
L83146,CATHERINE HOUSE SURGERY,TQ9 5WB,50.428912,-3.683312,E07000044,E10000008,TPP,TPP
L83147,LISSON GROVE MEDICAL CTR.,PL4 7DL,50.382498,-4.131604,E06000026,E99999999,TPP,TPP
L83148,CHILLINGTON HEALTH CENTRE,TQ7 2LB,50.272604,-3.693666,E07000044,E10000008,TPP,TPP
L83607,OLD FARM SURGERY,TQ3 3TB,50.438674,-3.585091,E06000027,E99999999,EMIS,EMIS
L83624,DEVONPORT HEALTH CENTRE,PL1 4JZ,50.369991,-4.167875,E06000026,E99999999,TPP,TPP
L83628,IMPERIAL SURGERY,EX8 1DQ,50.619752,-3.416314,E07000040,E10000008,TPP,TPP
L83639,WEMBURY SURGERY,PL9 0BE,50.321845,-4.072595,E07000044,E10000008,TPP,TPP
L83646,ST. LEVAN SURGERY,PL2 1JR,50.383908,-4.177358,E06000026,E99999999,TPP,TPP
L83648,PEVERELL PARK SURGERY,PL2 3PX,50.392981,-4.146988,E06000026,E99999999,TPP,TPP
L83651,ADELAIDE STREET SURGERY,PL1 3JF,50.370548,-4.155792,E06000026,E99999999,TPP,TPP
L83655,WONFORD GREEN SURGERY,EX2 6NF,50.713808,-3.499491,E07000041,E10000008,TPP,TPP
L83663,BLACK TORRINGTON SURGERY,EX21 5QE,50.827903,-4.17908,E07000046,E10000008,TPP,TPP
L83666,BUCKLAND SURGERY,TQ12 4HG,50.53017,-3.587575,E07000045,E10000008,TPP,TPP
L83673,INCLUSION HEALTH DEVON CIC,EX4 6PD,50.727536,-3.524839,E07000041,E10000008,TPP,TPP
L84003,UNDERWOOD SURGERY,GL50 3EQ,51.901646,-2.089361,E07000078,E10000013,TPP,TPP
L84004,WINCHCOMBE MEDICAL CENTRE,GL54 5GZ,51.960566,-1.96346,E07000083,E10000013,TPP,TPP
L84005,MINCHINHAMPTON SURGERY,GL6 9FB,51.709392,-2.174111,E07000082,E10000013,TPP,TPP
L84006,STAUNTON & CORSE SURGERY,GL19 3RB,51.959526,-2.298679,E07000080,E10000013,TPP,TPP
L84007,ROWCROFT MEDICAL CENTRE,GL5 3BE,51.745659,-2.219485,E07000082,E10000013,TPP,TPP
L84008,ST. GEORGE'S SURGERY,GL50 4DP,51.906714,-2.081493,E07000078,E10000013,TPP,TPP
L84009,HADWEN HEALTH,GL4 4BL,51.841487,-2.204319,E07000081,E10000013,TPP,TPP
L84010,UPPER THAMES MEDICAL GROUP,GL7 1US,51.71388,-1.974209,E07000079,E10000013,TPP,TPP
L84011,LYDNEY PRACTICE,GL15 5NQ,51.727917,-2.529868,E07000080,E10000013,TPP,TPP
L84012,PHOENIX HEALTH GROUP,GL7 1XG,51.709807,-1.976947,E07000079,E10000013,TPP,TPP
L84014,HUCCLECOTE SURGERY,GL3 3HB,51.857167,-2.19366,E07000081,E10000013,TPP,TPP
L84015,SIXWAYS CLINIC,GL52 6HS,51.888955,-2.05378,E07000078,E10000013,TPP,TPP
L84016,FRITHWOOD SURGERY,GL6 8DE,51.729711,-2.162374,E07000082,E10000013,TPP,TPP
L84018,CIRENCESTER HEALTH GROUP,GL7 1EH,51.713464,-1.964164,E07000079,E10000013,TPP,TPP
L84021,YORKLEY HEALTH CENTRE(WG),GL15 4RS,51.760414,-2.525351,E07000080,E10000013,TPP,TPP
L84022,YORKLEIGH SURGERY(CT),GL50 3ED,51.900139,-2.084693,E07000078,E10000013,TPP,TPP
L84023,CHURCH STREET PRACTICE,GL20 5GJ,51.99229,-2.153433,E07000083,E10000013,TPP,TPP
L84024,DRYBROOK SURGERY,GL17 9JE,51.851813,-2.516804,E07000080,E10000013,TPP,TPP
L84025,HOYLAND HOUSE,GL6 6RD,51.791001,-2.194173,E07000082,E10000013,TPP,TPP
L84026,ASPEN MEDICAL PRACTICE,GL1 3PX,51.865976,-2.225793,E07000081,E10000013,TPP,TPP
L84027,CULVERHAY SURGERY,GL12 7LS,51.638923,-2.348646,E07000082,E10000013,TPP,TPP
L84028,FOREST HEALTH CARE,GL14 2NX,51.823796,-2.508648,E07000080,E10000013,TPP,TPP
L84029,DEAN MEDICAL PRACTICE,GL15 4ED,51.759122,-2.476364,E07000080,E10000013,TPP,TPP
L84030,BERKELEY PLACE SURGERY,GL52 3EY,51.910586,-2.056045,E07000078,E10000013,TPP,TPP
L84031,STOW SURGERY,GL54 1AX,51.927647,-1.715852,E07000079,E10000013,TPP,TPP
L84033,WESTON HOUSE PRACTICE,GL50 4DP,51.906714,-2.081493,E07000078,E10000013,TPP,TPP
L84034,"PARTNERS IN HEALTH, PAVILION FAMILY DRS",GL1 5JJ,51.8534,-2.242587,E07000081,E10000013,TPP,TPP
L84036,CLEEVELANDS MEDICAL CENTRE,GL52 7YU,51.955038,-2.071598,E07000083,E10000013,TPP,TPP
L84037,THE HOLTS HEALTH CENTRE,GL18 1BA,51.931564,-2.406966,E07000080,E10000013,TPP,TPP
L84038,COTSWOLD MEDICAL PRACTICE,GL54 2AZ,51.886317,-1.75678,E07000079,E10000013,EMIS,EMIS
L84039,BEECHES GREEN SURGERY,GL5 4BH,51.747303,-2.220246,E07000082,E10000013,TPP,TPP
L84040,THE LECKHAMPTON SURGERY,GL53 0LA,51.883739,-2.085911,E07000078,E10000013,TPP,TPP
L84041,OVERTON PARK SURGERY,GL50 3BP,51.899347,-2.085287,E07000078,E10000013,TPP,TPP
L84043,CHIPPING CAMPDEN SURGERY,GL55 6AU,52.051513,-1.78282,E07000079,E10000013,TPP,TPP
L84045,MITCHELDEAN SURGERY,GL17 0AU,51.865943,-2.48837,E07000080,E10000013,TPP,TPP
L84046,DOCKHAM SURGERY,GL14 2NX,51.823796,-2.508648,E07000080,E10000013,TPP,TPP
L84047,CHURCHDOWN SURGERY,GL3 2JH,51.882493,-2.171555,E07000083,E10000013,TPP,TPP
L84048,"THE STOKE ROAD SURGERY,",GL52 8RP,51.946687,-2.06837,E07000083,E10000013,TPP,TPP
L84049,THE ROYAL WELL SURGERY,GL50 4DP,51.906714,-2.081493,E07000078,E10000013,TPP,TPP
L84050,ROSEBANK SURGERY,GL1 5JQ,51.852618,-2.242191,E07000081,E10000013,TPP,TPP
L84051,CHIPPING SURGERY,GL12 7BD,51.635859,-2.35407,E07000082,E10000013,TPP,TPP
L84052,SEVERNSIDE MEDICAL PRACTICE,GL1 2TZ,51.866202,-2.251588,E07000081,E10000013,TPP,TPP
L84053,HILARY COTTAGE SURGERY,GL7 4BQ,51.707731,-1.774018,E07000079,E10000013,TPP,TPP
L84054,MYTHE MEDICAL PRACTICE,GL20 5GJ,51.99229,-2.153433,E07000083,E10000013,TPP,TPP
L84058,ST. CATHERINE'S SURGERY,GL50 4DP,51.906714,-2.081493,E07000078,E10000013,TPP,TPP
L84059,ROYAL CRESCENT SURGERY,GL52 3EY,51.910586,-2.056045,E07000078,E10000013,TPP,TPP
L84060,CAM & ULEY FAMILY PRACTICE,GL11 5NE,51.699796,-2.363194,E07000082,E10000013,TPP,TPP
L84063,RENDCOMB SURGERY,GL7 7EY,51.78412,-1.978432,E07000079,E10000013,EMIS,EMIS
L84065,PRICES MILL SURGERY,GL6 0DQ,51.693804,-2.224934,E07000082,E10000013,TPP,TPP
L84067,LONGLEVENS SURGERY,GL2 0AJ,51.875918,-2.212029,E07000081,E10000013,TPP,TPP
L84068,MANN COTTAGE SURGERY,GL56 0DS,51.983564,-1.705946,E07000079,E10000013,TPP,TPP
L84072,WHITE HOUSE SURGERY,GL56 0DS,51.983564,-1.705946,E07000079,E10000013,TPP,TPP
L84075,MAY LANE SURGERY,GL11 4JN,51.680033,-2.357424,E07000082,E10000013,TPP,TPP
L84077,FIVE VALLEYS MEDICAL PRACTICE,GL5 3BS,51.745679,-2.218457,E07000082,E10000013,TPP,TPP
L84080,THE WILLOW TREE PRACTICE,GL10 2NG,51.747097,-2.282777,E07000082,E10000013,TPP,TPP
L84081,KINGSHOLM SURGERY,GL1 3EN,51.868036,-2.23902,E07000081,E10000013,TPP,TPP
L84084,BROCKWORTH SURGERY,GL3 4PE,51.844582,-2.15669,E07000083,E10000013,TPP,TPP
L84085,SEVERNBANK SURGERY,GL15 5PF,51.725445,-2.525756,E07000080,E10000013,TPP,TPP
L84606,THE ALNEY PRACTICE,GL2 8DH,51.884226,-2.299154,E07000083,E10000013,EMIS,EMIS
L84613,STONEHOUSE HEALTH CLINIC,GL10 2NG,51.747097,-2.282777,E07000082,E10000013,TPP,TPP
L84617,QUEDGELEY MEDICAL CENTRE,GL2 4NF,51.83132,-2.27422,E07000081,E10000013,TPP,TPP
L85001,FRENCH WEIR HEALTH CENTRE,TA1 1NW,51.019189,-3.112904,E06000066,E99999999,EMIS,EMIS
L85002,WELLS HEALTH CENTRE,BA5 1XJ,51.203403,-2.655326,E06000066,E99999999,EMIS,EMIS
L85003,EXMOOR MEDICAL CENTRE,TA22 9EN,51.038503,-3.544841,E06000066,E99999999,EMIS/EVERGREENLIFE,EMIS
L85004,"CREWKERNE HEALTH CENTRE, CREWKERNE",TA18 8BX,50.880623,-2.798175,E06000066,E99999999,EMIS/EVERGREENLIFE,EMIS
L85006,CROWN MEDICAL CENTRE,TA2 8QY,51.029111,-3.08097,E06000066,E99999999,EMIS,EMIS
L85007,"CHURCH STREET SURGERY, MARTOCK",TA12 6JL,50.969687,-2.767047,E06000066,E99999999,EMIS/EVERGREENLIFE,EMIS
L85008,FROME MEDICAL PRACTICE,BA11 2FH,51.237312,-2.311565,E06000066,E99999999,EMIS,EMIS
L85009,WEST SOMERSET HEALTHCARE,TA4 4QE,51.161416,-3.318688,E06000066,E99999999,EMIS,EMIS
L85011,CHEDDAR MEDICAL CENTRE,BS27 3NZ,51.274669,-2.775544,E06000066,E99999999,EMIS,EMIS
L85012,WELLINGTON MEDICAL CENTRE,TA21 8BD,50.975579,-3.233221,E06000066,E99999999,EMIS,EMIS
L85013,QUANTOCK MEDICAL CENTRE,TA5 1NW,51.149207,-3.154219,E06000066,E99999999,EMIS,EMIS
L85014,TAUNTON VALE HEALTHCARE,TA1 2LB,51.014957,-3.080897,E06000066,E99999999,EMIS,EMIS
L85015,"PRESTON GROVE MEDICAL CENTRE, YEOVIL",BA20 2BQ,50.941842,-2.644279,E06000066,E99999999,EMIS,EMIS
L85016,SYMPHONY NORTH HEALTHCARE,TA8 1EU,51.23811,-2.992953,E06000066,E99999999,EMIS/EVERGREENLIFE,EMIS
L85017,"PENN HILL SURGERY, YEOVIL",BA20 1SB,50.939469,-2.632733,E06000066,E99999999,EMIS/EVERGREENLIFE,EMIS
L85018,CANNINGTON HEALTH CENTRE,TA5 2HB,51.14976,-3.064657,E06000066,E99999999,EMIS,EMIS
L85019,MINEHEAD MEDICAL CENTRE,TA24 5DL,51.204392,-3.476749,E06000066,E99999999,EMIS,EMIS
L85020,BECKINGTON FAMILY PRACTICE,BA11 6SE,51.266478,-2.281549,E06000066,E99999999,EMIS,EMIS
L85021,COLLEGE WAY SURGERY,TA1 4TY,51.005242,-3.121308,E06000066,E99999999,EMIS,EMIS
L85022,DIAMOND HEALTH GROUP,BA20 1UJ,50.93803,-2.637609,E06000066,E99999999,EMIS,EMIS
L85023,ST JAMES MEDICAL CENTRE,TA1 1JP,51.018116,-3.101815,E06000066,E99999999,EMIS,EMIS
L85024,POLDEN MEDICAL PRACTICE,TA7 9HA,51.149977,-2.875764,E06000066,E99999999,EMIS,EMIS
L85025,CRANLEIGH GARDENS MEDICAL CENTRE,TA6 5JS,51.127471,-2.995921,E06000066,E99999999,EMIS,EMIS
L85026,"HAMDON MEDICAL CENTRE, STOKE-SUB-HAMDON",TA14 6QE,50.951488,-2.753009,E06000066,E99999999,EMIS/EVERGREENLIFE,EMIS
L85027,WINCANTON HEALTH CENTRE,BA9 9FQ,51.053194,-2.419588,E06000066,E99999999,EMIS/EVERGREENLIFE,EMIS
L85029,VINE SURGERY PARTNERSHIP,BA16 0ET,51.126181,-2.737857,E06000066,E99999999,EMIS,EMIS
L85030,ARIEL HEALTHCARE,TA20 2EW,50.869562,-2.967972,E06000066,E99999999,EMIS,EMIS
L85031,MILBORNE PORT SURGERY,DT9 5FH,50.967842,-2.470826,E06000066,E99999999,EMIS/EVERGREENLIFE,EMIS
L85032,BRUTON SURGERY,BA10 0EG,51.112108,-2.45175,E06000066,E99999999,EMIS/EVERGREENLIFE,EMIS
L85033,LANGPORT SURGERY,TA10 9RH,51.037986,-2.827566,E06000066,E99999999,EMIS,EMIS
L85034,WELLS CITY PRACTICE,BA5 1XJ,51.203403,-2.655326,E06000066,E99999999,EMIS,EMIS
L85035,EAST QUAY MEDICAL CENTRE,TA6 4GP,51.135669,-3.000471,E06000066,E99999999,EMIS,EMIS
L85036,QUANTOCK VALE SURGERY,TA4 3LH,51.057729,-3.187115,E06000066,E99999999,EMIS,EMIS
L85037,NORTH CURRY,TA3 6NQ,51.019727,-2.972865,E06000066,E99999999,EMIS,EMIS
L85038,LISTER HOUSE PARTNERSHIP,TA4 2BF,51.041213,-3.313688,E06000066,E99999999,EMIS,EMIS
L85039,GLASTONBURY SURGERY,BA6 9LP,51.148456,-2.721857,E06000066,E99999999,EMIS,EMIS
L85040,"MILLBROOK SURGERY, CASTLE CARY",BA7 7EE,51.087612,-2.517162,E06000066,E99999999,EMIS/EVERGREENLIFE,EMIS
L85042,TAUNTON ROAD MEDICAL CENTRE,TA6 3LS,51.124679,-3.001634,E06000066,E99999999,EMIS,EMIS
L85043,PARK MEDICAL PRACTICE,BA4 5RT,51.186031,-2.546721,E06000066,E99999999,EMIS,EMIS
L85044,QUEEN CAMEL MEDICAL CENTRE,BA22 7LT,51.018168,-2.579689,E06000066,E99999999,EMIS,EMIS
L85046,MENDIP COUNTRY PRACTICE,BA3 5NQ,51.241338,-2.450479,E06000066,E99999999,EMIS,EMIS
L85047,GLASTONBURY HEALTH CENTRE,BA6 9DD,51.148727,-2.712897,E06000066,E99999999,EMIS/EVERGREENLIFE,EMIS
L85051,REDGATE MEDICAL CENTRE,TA6 5BF,51.126433,-2.987882,E06000066,E99999999,EMIS,EMIS
L85052,WARWICK HOUSE MEDICAL PRACTICE,TA1 2QA,51.006817,-3.078156,E06000066,E99999999,EMIS,EMIS
L85053,GROVE HOUSE SURGERY,BA4 5UH,51.187319,-2.55774,E06000066,E99999999,EMIS,EMIS
L85054,SUMMERVALE SURGERY,TA19 9FE,50.924891,-2.919477,E06000066,E99999999,EMIS,EMIS
L85055,AXBRIDGE SURGERY,BS26 2BJ,51.286294,-2.820523,E06000066,E99999999,EMIS,EMIS
L85056,NORTH PETHERTON SURGERY,TA6 6LX,51.09139,-3.013922,E06000066,E99999999,EMIS,EMIS
L85061,THE MEADOWS SURGERY,TA19 9FE,50.924891,-2.919477,E06000066,E99999999,EMIS,EMIS
L85062,LYNGFORD PARK,TA2 8SQ,51.036437,-3.090924,E06000066,E99999999,EMIS,EMIS
L85064,OAKLANDS SURGERY,BA21 5RL,50.954236,-2.617415,E06000066,E99999999,EMIS/EVERGREENLIFE,EMIS
L85065,DUNSTER & PORLOCK SURGERIES,TA24 6SN,51.181599,-3.446961,E06000066,E99999999,EMIS,EMIS
L85066,BUTTERCROSS HEALTH CENTRE,TA11 7PB,51.055725,-2.730944,E06000066,E99999999,EMIS/EVERGREENLIFE,EMIS
L85601,BRENT AREA MEDICAL CENTRE,TA9 4JD,51.263379,-2.937227,E06000066,E99999999,EMIS,EMIS
L85607,SOMERSET BRIDGE MEDICAL CENTRE,TA6 6LD,51.114764,-2.995833,E06000066,E99999999,EMIS,EMIS
L85609,CREECH,TA3 5FA,51.028533,-3.045605,E06000066,E99999999,EMIS,EMIS
L85611,OAKHILL SURGERY,BA3 5HT,51.223264,-2.523892,E06000066,E99999999,EMIS,EMIS
L85624,CHURCH VIEW MEDICAL CENTRE,TA19 9RX,50.935614,-2.960336,E06000066,E99999999,EMIS,EMIS
M81001,ST STEPHEN'S MEDICAL PARTNERSHIP,B97 4AL,52.307641,-1.943289,E07000236,E10000034,EMIS,EMIS
M81002,ELGAR HOUSE,B97 4AB,52.307875,-1.942203,E07000236,E10000034,EMIS,EMIS
M81004,RIVERSIDE SURGERY,WR11 1JP,52.086647,-1.947873,E07000238,E10000034,EMIS,EMIS
M81005,NORTHUMBERLAND HOUSE SURGERY,DY11 6SF,52.384204,-2.261091,E07000239,E10000034,EMIS,EMIS
M81006,SEVERN VALLEY MEDICAL PRACTICE,WR2 5HL,52.190427,-2.235042,E07000237,E10000034,EMIS,EMIS
M81007,BREDON HILL SURGERY,GL20 7QN,52.030176,-2.104849,E07000238,E10000034,EMIS,EMIS
M81008,SPRING GARDENS GROUP MEDICAL PRACTICE,WR1 2BS,52.191677,-2.216367,E07000237,E10000034,EMIS,EMIS
M81009,GOLDEN VALLEY PRACTICE,HR2 0EU,51.952668,-2.891855,E06000019,E99999999,EMIS,EMIS
M81010,KIDDERMINSTER MEDICAL CENTRE,DY10 2BG,52.389054,-2.246485,E07000239,E10000034,EMIS,EMIS
M81011,OMBERSLEY MEDICAL CENTRE,WR9 0EL,52.276568,-2.229019,E07000238,E10000034,EMIS,EMIS
M81012,LEDBURY HEALTH PARTNERSHIP,HR8 2AQ,52.036313,-2.425657,E06000019,E99999999,EMIS,EMIS
M81015,STANMORE HOUSE SURGERY,DY10 3AA,52.391152,-2.231464,E07000239,E10000034,EMIS,EMIS
M81016,RYELAND SURGERY,HR6 8HD,52.225963,-2.744518,E06000019,E99999999,EMIS,EMIS
M81017,ELBURY MOOR MEDICAL CENTRE,WR4 9TX,52.20593,-2.193594,E07000237,E10000034,EMIS,EMIS
M81018,WEOBLEY & STAUNTON ON WYE SURGERIES,HR4 8SN,52.159268,-2.871872,E06000019,E99999999,EMIS,EMIS
M81019,WINYATES HEALTH CENTRE,B98 0NR,52.303347,-1.894547,E07000236,E10000034,EMIS,EMIS
M81020,THE DOW SURGERY,B97 4AJ,52.307425,-1.942439,E07000236,E10000034,EMIS,EMIS
M81021,NEW ROAD SURGERY BROMSGROVE,B60 2JS,52.33061,-2.056284,E07000234,E10000034,EMIS,EMIS
M81022,HARESFIELD HOUSE SURGERY,WR5 1HG,52.194829,-2.202996,E07000237,E10000034,EMIS,EMIS
M81024,MUCH BIRCH SURGERY,HR2 8HT,51.970459,-2.723245,E06000019,E99999999,EMIS,EMIS
M81025,NEW ROAD SURGERY,B45 9HY,52.392321,-2.022092,E07000234,E10000034,EMIS,EMIS
M81026,HEREFORD MEDICAL GROUP,HR1 1BB,52.061798,-2.71127,E06000019,E99999999,EMIS,EMIS
M81027,HAGLEY SURGERY,DY9 0NH,52.420797,-2.144098,E07000234,E10000034,EMIS,EMIS
M81029,NEW BARN CLOSE SURGERY,WR12 7DE,52.040438,-1.869854,E07000238,E10000034,EMIS,EMIS
M81032,CANTILUPE SURGERY,HR1 2JB,52.055445,-2.712278,E06000019,E99999999,EMIS,EMIS
M81033,GREAT WITLEY SURGERY,WR6 6HR,52.291152,-2.361004,E07000235,E10000034,EMIS,EMIS
M81034,SALTERS MEDICAL PRACTICE,WR9 8RD,52.266891,-2.153486,E07000238,E10000034,EMIS,EMIS
M81035,ST MARTIN'S GATE SURGERY,WR5 1EZ,52.194953,-2.203918,E07000237,E10000034,EMIS,EMIS
M81037,THORNELOE LODGE SURGERY,WR1 1RU,52.202338,-2.226837,E07000237,E10000034,EMIS,EMIS
M81038,UPTON SURGERY,WR8 0QL,52.057692,-2.228945,E07000235,E10000034,EMIS,EMIS
M81039,WHITEACRES MEDICAL CENTRE,WR14 1GQ,52.124727,-2.300543,E07000235,E10000034,EMIS,EMIS
M81040,STOURPORT MEDICAL CENTRE,DY13 0AA,52.335398,-2.283831,E07000239,E10000034,EMIS,EMIS
M81041,HILLVIEW MEDICAL CENTRE,B97 4RN,52.305568,-1.951153,E07000236,E10000034,EMIS,EMIS
M81042,TENBURY SURGERY,WR15 8AA,52.31265,-2.593942,E07000235,E10000034,EMIS,EMIS
M81043,THE MORTIMER MEDICAL PRAC,HR6 9QL,52.249815,-2.815155,E06000019,E99999999,EMIS,EMIS
M81044,ALTON STREET SURGERY,HR9 5AB,51.911942,-2.582973,E06000019,E99999999,EMIS,EMIS
M81045,KNIGHTWICK SURGERY,WR6 5PH,52.200411,-2.394829,E07000235,E10000034,EMIS,EMIS
M81046,ABBOTTSWOOD MEDICAL CENTRE,WR10 1HZ,52.106557,-2.076382,E07000238,E10000034,EMIS,EMIS
M81047,SPA MEDICAL PRACTICE,WR9 8RD,52.266891,-2.153486,E07000238,E10000034,EMIS,EMIS
M81048,NUNWELL SURGERY,HR7 4BZ,52.187943,-2.507175,E06000019,E99999999,EMIS,EMIS
M81049,BARBOURNE HEALTH CENTRE,WR3 7LH,52.208752,-2.224953,E07000237,E10000034,EMIS,EMIS
M81054,KINGTON MEDICAL PRACTICE,HR5 3EA,52.199121,-3.022201,E06000019,E99999999,EMIS,EMIS
M81055,CORNHILL SURGERY,B45 9JT,52.392366,-2.023121,E07000234,E10000034,EMIS,EMIS
M81056,THE CHURCH STREET PRACTICE,DY10 2JG,52.388623,-2.250714,E07000239,E10000034,EMIS,EMIS
M81057,BEWDLEY MEDICAL CENTRE,DY12 2EF,52.376588,-2.316765,E07000239,E10000034,EMIS,EMIS
M81058,MERSTOW GREEN MEDICAL PRACTICE,WR11 4BS,52.091054,-1.951006,E07000238,E10000034,EMIS,EMIS
M81061,PENDEEN SURGERY,HR9 5AH,51.910928,-2.584341,E06000019,E99999999,EMIS,EMIS
M81063,ST JOHNS HOUSE SURGERY,WR2 5ER,52.186352,-2.24953,E07000237,E10000034,EMIS,EMIS
M81064,HOLLYWOOD MEDICAL CENTRE,B47 5DP,52.389586,-1.882147,E07000234,E10000034,EMIS,EMIS
M81066,WARGRAVE HOUSE SURGERY,HR1 2JB,52.055445,-2.712278,E06000019,E99999999,EMIS,EMIS
M81067,THE SURGERY KINGSTONE,HR2 9HN,52.022729,-2.841379,E06000019,E99999999,EMIS,EMIS
M81068,AYLMER LODGE COOKLEY PARTNERSHIP,DY11 6SF,52.384204,-2.261091,E07000239,E10000034,EMIS,EMIS
M81069,DAVENAL HOUSE SURGERY PARTNERSHIP,B61 0DD,52.33898,-2.055429,E07000234,E10000034,EMIS,EMIS
M81070,CHURCHFIELDS SURGERY,B61 0AZ,52.337611,-2.059728,E07000234,E10000034,EMIS,EMIS
M81072,ALBANY HOUSE SURGERY,WR1 3DU,52.200341,-2.227193,E07000237,E10000034,EMIS,EMIS
M81074,PERSHORE MEDICAL PRACTICE,WR10 1PX,52.114055,-2.077768,E07000238,E10000034,EMIS,EMIS
M81075,MALVERN HEALTH CENTRE,WR14 2GP,52.113548,-2.308776,E07000235,E10000034,EMIS,EMIS
M81076,COLWALL SURGERY,WR13 6QJ,52.081381,-2.358899,E06000019,E99999999,EMIS,EMIS
M81077,THE RIDGEWAY SURGERY,B96 6DS,52.260377,-1.938925,E07000236,E10000034,EMIS,EMIS
M81078,BARNT GREEN SURGERY,B45 8NF,52.360004,-1.99102,E07000234,E10000034,EMIS,EMIS
M81081,ST SAVIOURS SURGERY,WR14 1DD,52.130335,-2.308484,E07000235,E10000034,EMIS,EMIS
M81082,ST. JOHNS SURGERY,B61 0AZ,52.337611,-2.059728,E07000234,E10000034,EMIS,EMIS
M81083,HOLLYOAKS MEDICAL CENTRE,B47 6ET,52.377993,-1.869044,E07000234,E10000034,EMIS,EMIS
M81084,CATSHILL VILLAGE SURGERY,B61 0PU,52.366617,-2.054435,E07000234,E10000034,EMIS,EMIS
M81090,CHADDESLEY SURGERY,DY10 4SF,52.361975,-2.158033,E07000239,E10000034,EMIS,EMIS
M81091,CORBETT MEDICAL PRACTICE,WR9 7BE,52.263283,-2.148785,E07000238,E10000034,EMIS,EMIS
M81092,THE BRIDGE SURGERY,B97 4LA,52.293573,-1.946313,E07000236,E10000034,EMIS,EMIS
M81093,BELMONT MEDICAL CENTRE,HR2 7XT,52.041261,-2.739492,E06000019,E99999999,EMIS,EMIS
M81094,ABBEY MEDICAL PRACTICE,WR11 4BS,52.091054,-1.951006,E07000238,E10000034,EMIS,EMIS
M81600,CRADLEY SURGERY,WR13 5LT,52.118284,-2.40212,E06000019,E99999999,EMIS,EMIS
M81604,FOWNHOPE MEDICAL CENTRE,HR1 4PZ,52.007664,-2.594618,E06000019,E99999999,EMIS,EMIS
M81605,THE GLEBELAND SURGERY,DY9 9TH,52.390467,-2.117196,E07000234,E10000034,EMIS,EMIS
M81608,WOLVERLEY SURGERY,DY11 5TH,52.411155,-2.253444,E07000239,E10000034,EMIS,EMIS
M81616,CRABBS CROSS MEDICAL CENTRE,B97 5JX,52.281407,-1.943704,E07000236,E10000034,EMIS,EMIS
M81617,CRABBS CROSS SURGERY,B97 5JX,52.281407,-1.943704,E07000236,E10000034,EMIS,EMIS
M81627,DEMONTFORT MEDICAL CENTRE,WR11 3HD,52.092271,-1.938861,E07000238,E10000034,EMIS,EMIS
M81629,NEW COURT SURGERY,WR14 2GP,52.113548,-2.308776,E07000235,E10000034,EMIS,EMIS
M82002,MYTTON OAK MEDICAL PRACT.,SY3 5LZ,52.707682,-2.79776,E06000051,E99999999,EMIS,EMIS
M82003,STIRCHLEY MEDICAL PRACTICE,TF3 1FB,52.655203,-2.433776,E06000020,E99999999,EMIS,EMIS
M82004,BRIDGNORTH MEDICAL PRACTICE,WV16 4EN,52.537889,-2.422945,E06000051,E99999999,EMIS,EMIS
M82005,PLAS FFYNNON MEDICAL CTRE,SY11 2RB,52.857508,-3.050214,E06000051,E99999999,EMIS,EMIS
M82006,RIVERSIDE MED PRACTICE,SY1 1QJ,52.708314,-2.757468,E06000051,E99999999,EMIS,EMIS
M82007,CHARLTON MEDICAL PRACTICE,TF2 6AQ,52.694604,-2.451004,E06000020,E99999999,EMIS,EMIS
M82008,CHURCH STRETTON MEDICAL CENTRE,SY6 6BL,52.537301,-2.806168,E06000051,E99999999,EMIS,EMIS
M82009,DAWLEY MEDICAL PRACTICE,TF4 2AA,52.664337,-2.466779,E06000020,E99999999,EMIS,EMIS
M82010,MARKET DRAYTON MEDICAL PRACTICE,TF9 3AL,52.90875,-2.485925,E06000051,E99999999,EMIS,EMIS
M82011,SHAWBURY MEDICAL PRACTICE,SY4 4JS,52.782995,-2.65437,E06000051,E99999999,EMIS,EMIS
M82012,DONNINGTON MEDICAL PRACTICE,TF2 8EA,52.715179,-2.437109,E06000020,E99999999,EMIS,EMIS
M82013,WESTBURY MEDICAL CENTRE,SY5 9QX,52.678755,-2.955351,E06000051,E99999999,EMIS,EMIS
M82014,STATION DRIVE SURGERY,SY8 2AB,52.370146,-2.71514,E06000051,E99999999,EMIS,EMIS
M82016,RADBROOK GREEN SURGERY,SY3 6DU,52.69643,-2.775507,E06000051,E99999999,EMIS,EMIS
M82017,CLIVE MEDICAL PRACTICE,SY4 5PS,52.814232,-2.718401,E06000051,E99999999,EMIS,EMIS
M82018,BEECHES MEDICAL PRACTICE,SY3 0PF,52.673832,-2.772327,E06000051,E99999999,EMIS,EMIS
M82019,MUCH WENLOCK & CRESSAGE MEDICAL PRACTICE,TF13 6BL,52.595602,-2.559969,E06000051,E99999999,EMIS,EMIS
M82020,KNOCKIN MEDICAL CENTRE,SY10 8HL,52.793444,-2.99304,E06000051,E99999999,EMIS,EMIS
M82021,ALBRIGHTON MEDICAL PRACT,WV7 3DT,52.636466,-2.271517,E06000051,E99999999,EMIS,EMIS
M82022,THE CAXTON SURGERY,SY11 1RD,52.861445,-3.051274,E06000051,E99999999,EMIS,EMIS
M82023,PRESCOTT SURGERY,SY4 2DR,52.78436,-2.852687,E06000051,E99999999,EMIS,EMIS
M82024,BROWN CLEE MEDICAL CENTRE,WV16 6SS,52.499127,-2.573665,E06000051,E99999999,EMIS,EMIS
M82025,CHURCHMERE MEDICAL GROUP,SY12 0DB,52.907861,-2.896493,E06000051,E99999999,EMIS,EMIS
M82026,CAMBRIAN MEDICAL PRACTICE,SY11 1GA,52.862824,-3.047787,E06000051,E99999999,EMIS,EMIS
M82028,WELLINGTON ROAD SURGERY,TF10 7HG,52.764256,-2.378899,E06000020,E99999999,EMIS,EMIS
M82030,PONTESBURY & WORTHEN MEDICAL PRACTICE,SY5 0RF,52.650564,-2.888159,E06000051,E99999999,EMIS,EMIS
M82032,SEVERN FIELDS MEDICAL PRACTICE,SY1 4RQ,52.728046,-2.721619,E06000051,E99999999,EMIS,EMIS
M82033,BISHOPS CASTLE MEDICAL PRACTICE,SY9 5ER,52.494716,-2.994912,E06000051,E99999999,EMIS,EMIS
M82034,CLAREMONT BANK SURGERY,SY1 1RL,52.708199,-2.75862,E06000051,E99999999,EMIS,EMIS
M82035,WEM AND PREES MEDICAL PRACTICE,SY4 5AF,52.859352,-2.722563,E06000051,E99999999,EMIS,EMIS
M82038,SHIFNAL & PRIORSLEE MEDICAL PRACTICE,TF11 8DD,52.674308,-2.372469,E06000051,E99999999,EMIS,EMIS
M82039,WELLINGTON MEDICAL PRACTICE,TF1 1PZ,52.699893,-2.514201,E06000020,E99999999,EMIS,EMIS
M82040,MARYSVILLE MEDICAL PRACT,SY3 7QR,52.696905,-2.749131,E06000051,E99999999,EMIS,EMIS
M82041,CLEOBURY MORTIMER SURGERY,DY14 8DB,52.377534,-2.485591,E06000051,E99999999,EMIS,EMIS
M82042,WOODSIDE MEDICAL PRACTICE,TF7 5NR,52.637964,-2.466173,E06000020,E99999999,EMIS,EMIS
M82043,LUDLOW - PORTCULLIS,SY8 1GT,52.368918,-2.715957,E06000051,E99999999,EMIS,EMIS
M82046,CRAVEN ARMS SURGERY,SY7 9PY,52.442323,-2.835416,E06000051,E99999999,EMIS,EMIS
M82047,MARDEN MEDICAL PRACTICE,SY2 6DL,52.698125,-2.730833,E06000051,E99999999,EMIS,EMIS
M82048,BELVIDERE MEDICAL PRACT.,SY2 5LS,52.707355,-2.729862,E06000051,E99999999,EMIS,EMIS
M82051,BROSELEY MEDICAL PRACTICE,TF12 5EL,52.611554,-2.481266,E06000051,E99999999,EMIS,EMIS
M82056,LINDEN HALL SURGERY,TF10 7EN,52.763587,-2.374537,E06000020,E99999999,EMIS,EMIS
M82057,HOLLINSWOOD SURGERY,TF3 2EW,52.673951,-2.437452,E06000020,E99999999,EMIS,EMIS
M82058,HODNET MEDICAL PRACTICE,TF9 3NF,52.855767,-2.574185,E06000051,E99999999,EMIS,EMIS
M82059,SHAWBIRCH MEDICAL CENTRE,TF5 0DU,52.717664,-2.538972,E06000020,E99999999,EMIS,EMIS
M82060,SOUTH HERMITAGE SURGERY,SY3 7JS,52.699743,-2.752495,E06000051,E99999999,EMIS,EMIS
M82601,ALVELEY MEDICAL PRACTICE,WV15 6NG,52.454753,-2.353306,E06000051,E99999999,EMIS,EMIS
M82606,IRONBRIDGE MEDICAL PRACTICE,TF8 7DT,52.632852,-2.491843,E06000020,E99999999,EMIS,EMIS
M82616,COURT STREET MEDICAL PRACTICE,TF7 5EE,52.63933,-2.449785,E06000020,E99999999,EMIS,EMIS
M82620,THE MEADOWS MEDICAL PRACTICE,SY7 8HZ,52.421763,-3.02393,E06000051,E99999999,EMIS,EMIS
M83001,HORSEFAIR PRACTICE,WS15 2FH,52.767064,-1.947546,E07000192,E10000028,EMIS,EMIS
M83004,MAYFIELD SURGERY,ST3 4DW,52.982726,-2.134559,E06000021,E99999999,EMIS,EMIS
M83005,HEATHCOTE STREET SURGERY,ST5 7EB,53.043474,-2.250956,E07000195,E10000028,EMIS,EMIS
M83006,THE WESTGATE PRACTICE,WS13 6JL,52.683553,-1.821169,E07000194,E10000028,EMIS,EMIS
M83007,THE VILLAGE SURGERY,ST5 0ET,53.033918,-2.220032,E07000195,E10000028,EMIS,EMIS
M83009,BREWOOD MEDICAL PRACTICE,ST19 9BQ,52.676553,-2.187388,E07000196,E10000028,EMIS,EMIS
M83010,GORDON STREET SURGERY,DE14 2JA,52.811016,-1.644608,E07000193,E10000028,EMIS,EMIS
M83011,WERRINGTON VILLAGE SURGERY,ST9 0JS,53.021676,-2.098021,E07000198,E10000028,EMIS,EMIS
M83012,LEEK HEALTH CENTRE,ST13 6JB,53.105709,-2.019345,E07000198,E10000028,EMIS,EMIS
M83013,YOXALL,DE13 8PD,52.768002,-1.793169,E07000193,E10000028,EMIS,EMIS
M83014,TRENT VALE MEDICAL PRACTICE,ST4 5NX,52.987341,-2.201964,E06000021,E99999999,EMIS,EMIS
M83015,MADELEY PRACTICE,CW3 9NQ,52.999784,-2.345274,E07000195,E10000028,EMIS,EMIS
M83016,HIGH STREET SURGERY,WS6 7AB,52.660751,-2.031812,E07000196,E10000028,EMIS,EMIS
M83017,ASHLEY SURGERY,TF9 4LF,52.92578,-2.355231,E07000195,E10000028,EMIS,EMIS
M83018,GRAVEL HILL SURGERY,WV5 9HA,52.534067,-2.185717,E07000196,E10000028,EMIS,EMIS
M83020,CUMBERLAND HOUSE,ST15 8AP,52.901565,-2.145842,E07000197,E10000028,EMIS,EMIS
M83021,FURLONG MEDICAL CENTRE,ST6 5UD,53.063342,-2.20814,E06000021,E99999999,EMIS,EMIS
M83022,HAZELDENE HOUSE SURGERY,ST18 0SU,52.800705,-2.004491,E07000197,E10000028,EMIS,EMIS
M83023,KIDSGROVE MEDICAL CENTRE,ST7 4AY,53.087366,-2.234085,E07000195,E10000028,EMIS,EMIS
M83024,CASTLEFIELDS,ST16 1BS,52.800956,-2.129648,E07000197,E10000028,EMIS,EMIS
M83025,MILLER STREET SURGERY,ST5 1JD,53.013821,-2.218423,E07000195,E10000028,EMIS,EMIS
M83026,CARLTON STREET SURGERY,DE13 0TE,52.821445,-1.647847,E07000193,E10000028,TPP,TPP
M83027,TRENT MEADOWS,DE14 3EY,52.786512,-1.673513,E07000193,E10000028,EMIS,EMIS
M83028,GLEBEDALE MEDICAL PRACTICE,ST4 3AQ,52.998791,-2.162085,E06000021,E99999999,EMIS,EMIS
M83030,THE LANGTON MEDICAL GROUP,WS13 7FA,52.696405,-1.837644,E07000194,E10000028,EMIS,EMIS
M83031,RUSSELL HOUSE SURGERY,WV8 1PE,52.624868,-2.189648,E07000196,E10000028,EMIS,EMIS
M83032,THE ALDERGATE MED.PRACT.,B79 8BH,52.639096,-1.695638,E07000199,E10000028,EMIS,EMIS
M83033,HEDNESFORD MEDICAL PRACTICE,WS12 4DJ,52.710747,-2.00176,E07000192,E10000028,EMIS,EMIS
M83034,SILVERDALE MEDICAL CENTRE,ST5 6PS,53.015645,-2.267264,E07000195,E10000028,EMIS,EMIS
M83035,ALREWAS,DE13 7AS,52.733101,-1.745395,E07000194,E10000028,EMIS,EMIS
M83036,RISING BROOK,ST17 9LY,52.787293,-2.120102,E07000197,E10000028,EMIS,EMIS
M83037,TUTBURY HEALTH CENTRE,DE13 9NA,52.858472,-1.686357,E07000193,E10000028,EMIS,EMIS
M83038,ORCHARD SURGERY,ST6 8HY,53.064303,-2.162421,E06000021,E99999999,EMIS,EMIS
M83042,BRIDGE SURGERY,DE15 9AW,52.795149,-1.621335,E07000193,E10000028,TPP,TPP
M83044,STAFFORD HEALTH AND WELLBEING,ST16 3EB,52.817738,-2.123288,E07000197,E10000028,EMIS,EMIS
M83045,PENKRIDGE MEDICAL PRACTICE,ST19 5AP,52.725744,-2.118348,E07000196,E10000028,EMIS,EMIS
M83046,BIDDULPH VALLEY SURGERY,ST8 6AG,53.116111,-2.178498,E07000198,E10000028,EMIS,EMIS
M83047,MEIR PARK & WESTON COYNEY MEDICAL PRACT,ST3 7TW,52.966306,-2.094889,E06000021,E99999999,EMIS,EMIS
M83048,THE NILE PRACTICE,WS6 7AE,52.660156,-2.036942,E07000196,E10000028,EMIS,EMIS
M83049,HOLMCROFT,ST16 1JG,52.822474,-2.132087,E07000197,E10000028,EMIS,EMIS
M83050,WOLVERHAMPTON ROAD SURGERY,ST17 4BS,52.802502,-2.112802,E07000197,E10000028,EMIS,EMIS
M83051,WETMORE ROAD SURGERY,DE14 1SL,52.808064,-1.626059,E07000193,E10000028,EMIS,EMIS
M83052,WEEPING CROSS HEALTH CENTRE,ST17 0EG,52.791527,-2.077776,E07000197,E10000028,EMIS,EMIS
M83054,AUDLEY HEALTH CENTRE,ST7 8EW,53.054209,-2.300579,E07000195,E10000028,EMIS,EMIS
M83056,WOLSTANTON MEDICAL CENTRE,ST5 8BN,53.031197,-2.218169,E07000195,E10000028,EMIS,EMIS
M83057,MILL BANK,ST16 2AG,52.804905,-2.118623,E07000197,E10000028,EMIS,EMIS
M83059,ABBOTS BROMLEY SURGERY,WS15 3BT,52.819991,-1.880963,E07000193,E10000028,EMIS,EMIS
M83061,MILLRISE MEDICAL PRACTICE,ST2 7BW,53.049588,-2.141869,E06000021,E99999999,EMIS,EMIS
M83062,LAUREL HOUSE SURGERY,B79 7JN,52.636599,-1.693025,E07000199,E10000028,EMIS,EMIS
M83063,NORTON CANES HEALTH CENTRE,WS11 9SE,52.673993,-1.970239,E07000192,E10000028,EMIS,EMIS
M83065,BARTON,DE13 8LT,52.761751,-1.725223,E07000193,E10000028,EMIS,EMIS
M83066,HARTSHILL MEDICAL CENTRE,ST4 6AT,53.009943,-2.210624,E06000021,E99999999,TPP,TPP
M83067,LYME VALLEY MEDICAL CENTRE,ST5 3TF,53.006296,-2.223795,E07000195,E10000028,TPP,TPP
M83068,BELGRAVE MEDICAL CENTRE,ST3 4LR,52.979033,-2.132642,E06000021,E99999999,EMIS,EMIS
M83069,MANSION HOUSE,ST15 8YE,52.899959,-2.143756,E07000197,E10000028,EMIS,EMIS
M83070,GNOSALL,ST20 0GP,52.790007,-2.256519,E07000197,E10000028,EMIS,EMIS
M83071,PARK MEDICAL CENTRE,ST13 6QR,53.107273,-2.020511,E07000198,E10000028,EMIS,EMIS
M83072,SALTERS MEADOW HEALTH CTR,WS7 1AQ,52.682177,-1.933017,E07000194,E10000028,EMIS,EMIS
M83073,STAPENHILL MEDICAL CENTRE,DE15 9QD,52.785542,-1.624903,E07000193,E10000028,TPP,TPP
M83074,BALANCE STREET,ST14 8JG,52.897138,-1.863524,E07000193,E10000028,EMIS,EMIS
M83075,NORFOLK STREET SURGERY,ST1 4PB,53.015778,-2.182495,E06000021,E99999999,EMIS,EMIS
M83076,HARLEY STREET MEDICAL CTR,ST1 3RX,53.022439,-2.170731,E06000021,E99999999,EMIS,EMIS
M83079,DR J GREIG & PARTNERS,ST13 6LU,53.106743,-2.019585,E07000198,E10000028,EMIS,EMIS
M83084,MOUNT ROAD PRACTICE,ST7 4AY,53.087366,-2.234085,E07000195,E10000028,EMIS,EMIS
M83088,HOLLIES PRACTICE,B79 7EA,52.636838,-1.695122,E07000199,E10000028,EMIS,EMIS
M83089,BIDDULPH DOCTORS,ST8 6AG,53.116111,-2.178498,E07000198,E10000028,EMIS,EMIS
M83090,DUNROBIN STREET MEDICAL CENTRE,ST3 4LL,52.981201,-2.131233,E06000021,E99999999,EMIS,EMIS
M83092,CROWN SURGERY,ST21 6BW,52.85943,-2.253513,E07000197,E10000028,EMIS,EMIS
M83093,DALE MEDICAL PRACTICE,WV5 8DX,52.533025,-2.19615,E07000196,E10000028,EMIS,EMIS
M83094,BROOK MEDICAL CENTRE,ST6 7NN,53.057219,-2.175927,E06000021,E99999999,EMIS,EMIS
M83096,TARDIS SURGERY,ST10 1BH,52.988375,-1.98658,E07000198,E10000028,EMIS,EMIS
M83097,BILBROOK MEDICAL CENTRE,WV8 1DX,52.62479,-2.181745,E07000196,E10000028,EMIS,EMIS
M83100,DR RAJU AND PARTNERS,ST3 6AB,52.978505,-2.102928,E06000021,E99999999,EMIS,EMIS
M83102,POTTERIES MEDICAL CENTRE,ST2 0JG,53.020073,-2.136807,E06000021,E99999999,EMIS,EMIS
M83103,ALLEN STREET CLINIC,ST10 1HJ,52.983844,-1.982441,E07000198,E10000028,EMIS,EMIS
M83107,ALDERWOOD MEDICAL PRACTICE,WS11 1QN,52.68369,-2.040438,E07000192,E10000028,EMIS,EMIS
M83108,WELL STREET MEDICAL CENTRE,ST10 1EY,52.986406,-1.983706,E07000198,E10000028,TPP,TPP
M83109,DR MANICKAM & PARTNER,WS12 4DJ,52.710747,-2.00176,E07000192,E10000028,EMIS,EMIS
M83110,HEATHVIEW MEDICAL PRACTICE,B77 2ED,52.621983,-1.663803,E07000199,E10000028,EMIS,EMIS
M83111,RIVERSIDE SURGERY,B79 7BH,52.632354,-1.699512,E07000199,E10000028,EMIS,EMIS
M83113,DR KHARE'S SURGERY,B77 4JA,52.617686,-1.651222,E07000199,E10000028,EMIS,EMIS
M83117,CROWN MEDICAL PRACTICE,B79 7EA,52.636838,-1.695122,E07000199,E10000028,EMIS,EMIS
M83121,TEAN SURGERY,ST10 4EG,52.954432,-1.988034,E07000198,E10000028,EMIS,EMIS
M83122,WATERHOUSES MEDICAL PRACT,ST10 3HT,53.053607,-1.883365,E07000198,E10000028,EMIS,EMIS
M83123,BIRCHES HEAD MEDICAL CTR.,ST1 6RS,53.035684,-2.154096,E06000021,E99999999,EMIS,EMIS
M83125,CLAVERLEY,WV5 7BY,52.539315,-2.307364,E06000051,E99999999,EMIS,EMIS
M83126,LONGTON HALL SURGERY,ST3 2NA,52.986216,-2.140469,E06000021,E99999999,EMIS,EMIS
M83127,COBRIDGE SURGERY,ST6 2JN,53.035863,-2.186115,E06000021,E99999999,EMIS,EMIS
M83129,HEATH HAYES HEALTH CENTRE,WS12 3TG,52.690636,-1.988279,E07000192,E10000028,EMIS,EMIS
M83130,RED LION SURGERY,WS11 5XY,52.693257,-2.030609,E07000192,E10000028,EMIS,EMIS
M83132,LAKESIDE,WV6 7PD,52.595483,-2.203679,E07000196,E10000028,EMIS,EMIS
M83138,HANFORD GP,ST4 8EX,52.974049,-2.194634,E06000021,E99999999,EMIS,EMIS
M83139,MOSS STREET SURGERY,WS11 6DE,52.702691,-2.012887,E07000192,E10000028,EMIS,EMIS
M83140,HIGHERLAND SURGERY,ST5 2UE,53.009075,-2.232692,E07000195,E10000028,EMIS,EMIS
M83141,KINGSBRIDGE MEDICAL CENTRE,ST5 3HP,52.992718,-2.226198,E07000195,E10000028,EMIS,EMIS
M83143,GOLDENHILL MEDICAL CENTRE,ST6 5QJ,53.076918,-2.221386,E06000021,E99999999,EMIS,EMIS
M83146,THE MOORCROFT MEDICAL CTR,ST1 3NJ,53.022001,-2.168791,E06000021,E99999999,EMIS,EMIS
M83148,THE PEEL MEDICAL PRACTICE,B79 7DJ,52.634794,-1.697308,E07000199,E10000028,EMIS,EMIS
M83601,BRINSLEY AVENUE PRACTICE,ST4 8LT,52.96581,-2.191977,E06000021,E99999999,EMIS,EMIS
M83608,QUINTON PRACTICE,WS6 6EW,52.65714,-2.017484,E07000196,E10000028,EMIS,EMIS
M83616,DR I RASIB & PARTNERS,WS11 5XY,52.693257,-2.030609,E07000192,E10000028,EMIS,EMIS
M83617,DARWIN MEDICAL PRACTICE,WS7 0AQ,52.67588,-1.901509,E07000194,E10000028,EMIS,EMIS
M83619,HONEYWALL MEDICAL PRACTICE,ST4 7JB,53.005458,-2.188323,E06000021,E99999999,TPP,TPP
M83624,CAMBRIDGE HOUSE,ST2 0EU,53.013448,-2.128618,E06000021,E99999999,EMIS,EMIS
M83625,PRIMA CARE SURGERIES,ST1 2BN,53.027212,-2.170496,E06000021,E99999999,EMIS,EMIS
M83627,APSLEY SURGERY,ST6 2JN,53.035863,-2.186115,E06000021,E99999999,TPP,TPP
M83632,TRINITY MEDICAL CENTRE,ST11 9HQ,52.969181,-2.070907,E07000198,E10000028,EMIS,EMIS
M83637,CHADSMOOR MEDICAL PRACTICE,WS11 5JT,52.708065,-2.023427,E07000192,E10000028,EMIS,EMIS
M83638,THE COLLIERY PRACTICE,WS11 1DJ,52.688629,-2.024776,E07000192,E10000028,EMIS,EMIS
M83640,ALTON SURGERY,ST10 4AP,52.976649,-1.891064,E07000198,E10000028,EMIS,EMIS
M83641,MILL VIEW SURGERY,ST14 5JX,52.950681,-1.837429,E07000193,E10000028,EMIS,EMIS
M83650,TUNSTALL PRIMARY CARE CENTRE,ST6 6BE,53.057232,-2.206514,E06000021,E99999999,EMIS,EMIS
M83661,ADDERLEY GREEN SURGERY,ST3 1EQ,52.992082,-2.135393,E06000021,E99999999,EMIS,EMIS
M83668,TAMAR MEDICAL CENTRE,WV6 7QU,52.593959,-2.201354,E07000196,E10000028,EMIS,EMIS
M83670,KEELE PRACTICE,ST5 5BG,53.00309,-2.273713,E07000195,E10000028,EMIS,EMIS
M83680,NORTHGATE SURGERY,ST14 7FN,52.899307,-1.866431,E07000193,E10000028,EMIS,EMIS
M83681,ALL SAINTS SURGERY,DE14 3NA,52.793361,-1.64493,E07000193,E10000028,EMIS,EMIS
M83682,LUCIE WEDGEWOOD SURGERY LTD,ST6 2AB,53.045271,-2.194091,E06000021,E99999999,EMIS,EMIS
M83693,TRI-LINKS MEDICAL PRACTICE,B77 3BZ,52.634866,-1.66403,E07000199,E10000028,EMIS,EMIS
M83697,MILEHOUSE MEDICAL PRACTICE,ST5 9GA,53.021714,-2.241154,E07000195,E10000028,EMIS,EMIS
M83698,SOUTHFIELD WAY SURGERY,WS6 6JZ,52.658407,-2.018726,E07000196,E10000028,EMIS,EMIS
M83701,TALKE PITS CLINIC,ST7 1QQ,53.068936,-2.257193,E07000195,E10000028,EMIS,EMIS
M83703,BRERETON SURGERY,WS15 1DU,52.747499,-1.924312,E07000192,E10000028,EMIS,EMIS
M83709,BADDELEY GREEN SURGERY,ST9 9PB,53.061121,-2.133998,E06000021,E99999999,EMIS,EMIS
M83711,TRENTHAM MEWS MEDICAL CENTRE,ST4 8XP,52.970451,-2.189898,E06000021,E99999999,EMIS,EMIS
M83713,MEIR MEDICAL PRACTICE,ST3 6AB,52.978505,-2.102928,E06000021,E99999999,EMIS,EMIS
M83715,FEATHERSTONE,WV10 7BS,52.645789,-2.089561,E07000196,E10000028,EMIS,EMIS
M83717,NORTON CANES SURGERY,WS11 9SE,52.673993,-1.970239,E07000192,E10000028,EMIS,EMIS
M83718,PEEL CROFT,DE14 3RH,52.799342,-1.633906,E07000193,E10000028,EMIS,EMIS
M83719,RAWNSLEY SURGERY,WS12 1JF,52.708649,-1.970086,E07000192,E10000028,EMIS,EMIS
M83723,LOOMER MEDICAL PARTNERSHIP,ST5 7JS,53.036306,-2.248632,E07000195,E10000028,TPP,TPP
M83725,BLURTON MEDICAL PRACTICE,ST3 3BS,52.972019,-2.156564,E06000021,E99999999,EMIS,EMIS
M83727,NORTON CANES PRACTICE,WS11 9SE,52.673993,-1.970239,E07000192,E10000028,EMIS,EMIS
M83738,AELFGAR SURGERY,WS15 2AB,52.763643,-1.937622,E07000192,E10000028,EMIS,EMIS
M84001,RED ROOFS SURGERY,CV11 5TW,52.519012,-1.467449,E07000219,E10000031,EMIS,EMIS
M84002,POOL MEDICAL CENTRE,B80 7QU,52.270794,-1.896705,E07000221,E10000031,EMIS,EMIS
M84003,ARBURY MEDICAL CENTRE,CV10 8LW,52.516637,-1.497953,E07000219,E10000031,EMIS,EMIS
M84004,WHITEHALL MEDICAL PRACTICE,CV21 3AQ,52.370602,-1.251409,E07000220,E10000031,EMIS,EMIS
M84005,CHAPEL END SURGERY,CV10 0JH,52.537247,-1.51631,E07000219,E10000031,EMIS,EMIS
M84006,PEAR TREE SURGERY,B78 2NR,52.563711,-1.680137,E07000218,E10000031,EMIS,EMIS
M84007,DORDON & POLESWORTH GROUP PRACTICE,B78 1QA,52.604042,-1.614151,E07000218,E10000031,EMIS,EMIS
M84008,SPRING HILL MEDICAL CENTRE,CV7 8FD,52.510358,-1.585355,E07000218,E10000031,EMIS,EMIS
M84009,FENNY COMPTON SURGERY,CV47 2YG,52.168573,-1.390124,E07000221,E10000031,EMIS,EMIS
M84010,AVONSIDE HEALTH CENTRE,CV34 5GJ,52.289281,-1.560588,E07000222,E10000031,EMIS,EMIS
M84011,BEDWORTH HEALTH CENTRE,CV12 8NQ,52.478643,-1.472649,E07000219,E10000031,EMIS,EMIS
M84012,PARK LEYS MEDICAL PRACTICE,CV6 2FL,52.438011,-1.531076,E08000026,E99999999,EMIS,EMIS
M84013,CASTLE MEDICAL CENTRE,CV8 1JP,52.341508,-1.575821,E07000222,E10000031,EMIS,EMIS
M84014,BRIDGE HOUSE MEDICAL CENTRE,CV37 6HE,52.19055,-1.709924,E07000221,E10000031,EMIS,EMIS
M84015,CROFT MEDICAL CENTRE,CV31 1SA,52.278398,-1.511375,E07000222,E10000031,EMIS,EMIS
M84016,WOLSTON SURGERY,CV8 3HG,52.376806,-1.392727,E07000220,E10000031,EMIS,EMIS
M84017,CLARENDON LODGE MEDICAL CENTRE,CV32 5SS,52.294043,-1.531716,E07000222,E10000031,EMIS,EMIS
M84018,BIDFORD HEALTH CENTRE,B50 4LX,52.171802,-1.834935,E07000221,E10000031,EMIS,EMIS
M84019,THE ATHERSTONE SURGERY,CV9 1EU,52.578507,-1.542359,E07000218,E10000031,EMIS,EMIS
M84020,CLIFTON ROAD SURGERY,CV21 3QF,52.371937,-1.25215,E07000220,E10000031,EMIS,EMIS
M84021,ROTHER HOUSE MEDICAL CENTRE,CV37 6PP,52.193742,-1.713737,E07000221,E10000031,EMIS,EMIS
M84022,MANOR COURT SURGERY,CV11 5HX,52.527005,-1.4777,E07000219,E10000031,EMIS,EMIS
M84023,CENTRAL SURGERY,CV21 3SP,52.37176,-1.265461,E07000220,E10000031,EMIS,EMIS
M84024,HENLEY-IN-ARDEN MED CTR,B95 5GD,52.290681,-1.778708,E07000221,E10000031,EMIS,EMIS
M84025,SHIPSTON MEDICAL CENTRE,CV36 4BD,52.067242,-1.623543,E07000221,E10000031,EMIS,EMIS
M84026,SOUTHAM SURGERY,CV47 1NY,52.251228,-1.38574,E07000221,E10000031,EMIS,EMIS
M84028,PRIORY MEDICAL CENTRE,CV34 4NA,52.283444,-1.585023,E07000222,E10000031,EMIS,EMIS
M84029,VALLEY ROAD MEDICAL PRACTICE,CV32 7SJ,52.302526,-1.517225,E07000222,E10000031,EMIS,EMIS
M84030,HASTINGS HOUSE SURGERY,CV35 9RH,52.19634,-1.593808,E07000221,E10000031,EMIS,EMIS
M84031,REVEL SURGERY,CV23 0LU,52.412297,-1.361411,E07000220,E10000031,EMIS,EMIS
M84032,WATERSIDE MEDICAL CENTRE,CV31 2BB,52.283186,-1.530496,E07000222,E10000031,EMIS,EMIS
M84035,WESTSIDE MEDICAL CENTRE,CV21 2DN,52.372723,-1.265636,E07000220,E10000031,EMIS,EMIS
M84036,ABBEY MEDICAL CENTRE,CV8 1JD,52.342979,-1.577451,E07000222,E10000031,EMIS,EMIS
M84037,THE GRANGE MEDICAL CENTRE,CV11 6AB,52.526837,-1.458215,E07000219,E10000031,EMIS,EMIS
M84040,SHERBOURNE MEDICAL CENTRE,CV32 4RA,52.292905,-1.532607,E07000222,E10000031,EMIS,EMIS
M84041,RIVERSLEY ROAD SURGERY,CV11 5QT,52.519003,-1.469262,E07000219,E10000031,EMIS,EMIS
M84042,HAZELWOOD GROUP PRACTICE,B46 3LD,52.496975,-1.706753,E07000218,E10000031,EMIS,EMIS
M84043,TRINITY COURT SURGERY,CV37 6HJ,52.194836,-1.712721,E07000221,E10000031,EMIS,EMIS
M84044,HARBURY SURGERY,CV33 9HR,52.236945,-1.458117,E07000221,E10000031,EMIS,EMIS
M84046,DUNCHURCH SURGERY,CV22 6AP,52.337891,-1.290181,E07000220,E10000031,EMIS,EMIS
M84047,TANWORTH-IN-ARDEN MED CTR,B94 5DP,52.3435,-1.84083,E07000221,E10000031,EMIS,EMIS
M84049,ALCESTER HEALTH CENTRE,B49 6QR,52.218533,-1.861433,E07000221,E10000031,EMIS,EMIS
M84050,MARKET QUARTER MEDICAL PRACTICE,CV21 3HX,52.377521,-1.253774,E07000220,E10000031,EMIS,EMIS
M84051,OLD MILL SURGERY,CV11 5PQ,52.51945,-1.474827,E07000219,E10000031,EMIS,EMIS
M84055,STOCKINGFORD MEDICAL CENTRE,CV10 8EJ,52.520607,-1.492897,E07000219,E10000031,EMIS,EMIS
M84059,SPA MEDICAL CENTRE,CV31 1NE,52.284514,-1.525278,E07000222,E10000031,EMIS,EMIS
M84060,THE ARROW SURGERY,B49 6QR,52.218533,-1.861433,E07000221,E10000031,EMIS,EMIS
M84061,BULKINGTON SURGERY,CV12 9JB,52.476453,-1.423131,E07000219,E10000031,EMIS,EMIS
M84062,VALE OF RED HORSE,CV35 0LP,52.157984,-1.51034,E07000221,E10000031,EMIS,EMIS
M84063,CHASE MEADOW HEALTH CENTRE,CV34 6JY,52.268852,-1.608592,E07000222,E10000031,EMIS,EMIS
M84064,WHITNASH MEDICAL CENTRE,CV31 2LT,52.262436,-1.525909,E07000222,E10000031,EMIS,EMIS
M84065,BEECH TREE MEDICAL PRACTICE,CV21 3HX,52.377521,-1.253774,E07000220,E10000031,EMIS,EMIS
M84066,MEON MEDICAL CENTRE,CV37 8TA,52.120527,-1.742992,E07000221,E10000031,EMIS,EMIS
M84067,BENNFIELD SURGERY,CV21 2DN,52.372723,-1.265636,E07000220,E10000031,EMIS,EMIS
M84069,BUDBROOKE MEDICAL CENTRE,CV35 8SA,52.282852,-1.62301,E07000222,E10000031,EMIS,EMIS
M84070,WARWICK GATES FAM.HTH.CTR,CV34 6DZ,52.268681,-1.538679,E07000222,E10000031,EMIS,EMIS
M84609,WOODLANDS SURGERY,CV12 0AJ,52.479444,-1.491368,E07000219,E10000031,EMIS,EMIS
M84612,STATION STREET SURGERY,CV9 1DB,52.576705,-1.548295,E07000218,E10000031,EMIS,EMIS
M84615,HARTSHILL HEALTH CENTRE,CV10 0GQ,52.540758,-1.521963,E07000218,E10000031,EMIS,EMIS
M84616,BROOKSIDE SURGERY,CV23 9NH,52.350497,-1.399077,E07000220,E10000031,EMIS,EMIS
M84618,RUGBY ROAD SURGERY,CV12 9JE,52.476731,-1.419343,E07000219,E10000031,EMIS,EMIS
M84620,LAPWORTH SURGERY,B94 6LH,52.337839,-1.728366,E07000222,E10000031,EMIS,EMIS
M84621,QUEENS ROAD SURGERY,CV11 5LE,52.522137,-1.474515,E07000219,E10000031,EMIS,EMIS
M84627,THE OLD COLE HOUSE PRACTICE,CV12 8LH,52.477243,-1.475021,E07000219,E10000031,EMIS,EMIS
M84629,ST WULFSTAN SURGERY,CV47 0FG,52.247706,-1.398312,E07000221,E10000031,EMIS,EMIS
M85001,SHAH ZAMAN SURGERY,B35 7QX,52.516846,-1.794464,E08000025,E99999999,TPP,TPP
M85005,THE PARK MEDICAL CENTRE,B10 0JL,52.46635,-1.848413,E08000025,E99999999,EMIS,EMIS
M85006,GREEN RIDGE SURGERY,B13 0HN,52.428448,-1.871029,E08000025,E99999999,EMIS,EMIS
M85007,WEST HEATH SURGERY,B31 3HB,52.401812,-1.962013,E08000025,E99999999,EMIS,EMIS
M85009,HAMSTEAD ROAD SURGERY,B20 2QR,52.504501,-1.918983,E08000025,E99999999,EMIS,EMIS
M85011,THE SWAN MEDICAL CENTRE,B25 8AA,52.462594,-1.817591,E08000025,E99999999,TPP,TPP
M85013,CHURCH LANE - KHAN,B33 9EJ,52.487187,-1.793823,E08000025,E99999999,TPP,TPP
M85014,KINGSBURY ROAD MEDICAL CENTRE,B24 8RD,52.515333,-1.83871,E08000025,E99999999,EMIS,EMIS
M85016,HILLCREST SURGERY,B44 0NN,52.544646,-1.864747,E08000025,E99999999,TPP,TPP
M85018,YARDLEY WOOD HEALTH CENTRE,B14 4DU,52.418662,-1.859162,E08000025,E99999999,EMIS,EMIS
M85019,TOWER HILL PARTNERSHIP,B42 1BT,52.530117,-1.910666,E08000025,E99999999,EMIS,EMIS
M85020,RAYDOCS NEWTOWN,B19 2ET,52.500938,-1.903168,E08000025,E99999999,EMIS,EMIS
M85021,MOSELEY MEDICAL CENTRE,B13 9EZ,52.445119,-1.882913,E08000025,E99999999,EMIS,EMIS
M85023,MILLENNIUM MEDICAL CENTRE,B29 5QD,52.437648,-1.966941,E08000025,E99999999,EMIS,EMIS
M85024,THE LIMES MEDICAL CENTRE,B10 0BS,52.467122,-1.862247,E08000025,E99999999,EMIS,EMIS
M85025,BATH ROW MEDICAL PRACTICE,B15 1LZ,52.472642,-1.908471,E08000025,E99999999,EMIS,EMIS
M85026,ASHFIELD SURGERY,B76 1QN,52.540724,-1.799896,E08000025,E99999999,EMIS,EMIS
M85027,LEACH HEATH MEDICAL CENTRE,B45 9BU,52.392152,-2.012996,E08000025,E99999999,TPP,TPP
M85028,LORDSWOOD HOUSE GROUP MEDICAL PRACTICE,B17 9DB,52.459069,-1.961215,E08000025,E99999999,TPP,TPP
M85029,COLLEGE GREEN MEDICAL PRACTICE,B31 2GH,52.429902,-1.952916,E08000025,E99999999,TPP,TPP
M85030,ST HELIERS MEDICAL PRACTICE,B31 1QT,52.412774,-1.97578,E08000025,E99999999,EMIS,EMIS
M85031,THE HARLEQUIN SURGERY,B34 7BP,52.495438,-1.777802,E08000025,E99999999,TPP,TPP
M85033,THE MANOR PRACTICE,B72 1RL,52.558175,-1.82361,E08000025,E99999999,EMIS,EMIS
M85034,OMNIA PRACTICE,B9 5PU,52.475723,-1.839077,E08000025,E99999999,TPP,TPP
M85035,WOODGATE VALLEY HEALTH CENTRE,B32 3SD,52.442677,-1.991417,E08000025,E99999999,TPP,TPP
M85037,KINGSFIELD MEDICAL CENTRE,B14 6AA,52.427292,-1.893004,E08000025,E99999999,EMIS,EMIS
M85041,BOURNBROOK VARSITY MEDICAL CENTRE,B29 7DU,52.445713,-1.929903,E08000025,E99999999,EMIS,EMIS
M85042,SELLY PARK SURGERY,B29 7NT,52.444059,-1.91643,E08000025,E99999999,EMIS,EMIS
M85043,HAWKESLEY MEDICAL PRACTICE,B38 9TJ,52.395454,-1.937491,E08000025,E99999999,EMIS,EMIS
M85046,SUTTON COLDFIELD GROUP PRACTICE,B75 6DX,52.57737,-1.806681,E08000025,E99999999,TPP,TPP
M85047,WOODLAND ROAD SURGERY,B31 2HZ,52.410236,-1.962168,E08000025,E99999999,EMIS,EMIS
M85048,CHURCH ROAD SURGERY,B26 3TP,52.458881,-1.780754,E08000025,E99999999,TPP,TPP
M85051,FIRSTCARE PRACTICE,B12 9LP,52.457404,-1.888061,E08000025,E99999999,EMIS,EMIS
M85053,THE ST.CLEMENTS SURGERY,B7 5PR,52.498198,-1.86797,E08000025,E99999999,EMIS,EMIS
M85055,SELLY OAK HEALTH CENTRE,B29 6JG,52.438266,-1.939138,E08000025,E99999999,EMIS,EMIS
M85056,WEOLEY PARK SURGERY,B29 5HA,52.438103,-1.95682,E08000025,E99999999,EMIS,EMIS
M85058,HARBORNE MEDICAL PRACTICE,B17 0HG,52.458596,-1.946278,E08000025,E99999999,EMIS,EMIS
M85060,THE OAKS MEDICAL CENTRE,B44 9ER,52.552454,-1.895827,E08000025,E99999999,TPP,TPP
M85061,YARDLEY GREEN MEDICAL CENTRE,B9 5PU,52.475723,-1.839077,E08000025,E99999999,TPP,TPP
M85062,SHENLEY GREEN SURGERY,B29 4HH,52.426448,-1.97389,E08000025,E99999999,TPP,TPP
M85063,MIDLANDS MEDICAL PARTNERSHIP,B24 0SY,52.519817,-1.813123,E08000025,E99999999,TPP,TPP
M85065,POPLARS SURGERY,B24 9JN,52.528655,-1.831998,E08000025,E99999999,EMIS,EMIS
M85066,WARD END MEDICAL CENTRE,B8 2JN,52.493173,-1.826478,E08000025,E99999999,TPP,TPP
M85070,RESERVOIR ROAD SURGERY,B23 6DJ,52.523897,-1.857324,E08000025,E99999999,EMIS,EMIS
M85071,WYCHALL LANE SURGERY,B38 8TE,52.409981,-1.93556,E08000025,E99999999,EMIS,EMIS
M85074,WAKE GREEN SURGERY,B13 9HD,52.446117,-1.883352,E08000025,E99999999,EMIS,EMIS
M85076,GREAT PARK MEDICAL GROUP,B31 5ER,52.403993,-1.998816,E08000025,E99999999,EMIS,EMIS
M85077,NORTHWOOD MEDICAL CENTRE,B30 1BY,52.4155,-1.932964,E08000025,E99999999,EMIS,EMIS
M85078,OAKWOOD SURGERY,B11 4BW,52.444571,-1.858639,E08000025,E99999999,EMIS,EMIS
M85079,EDEN COURT MEDICAL PRACTICE,B35 6EE,52.518122,-1.794001,E08000025,E99999999,TPP,TPP
M85081,THE DOVE MEDICAL PRACTICE,B23 5DD,52.53517,-1.864599,E08000025,E99999999,EMIS,EMIS
M85082,HANDSWORTH MEDICAL PRACT.,B21 9NH,52.505414,-1.94158,E08000025,E99999999,EMIS,EMIS
M85084,THE WAND MEDICAL CENTRE,B12 0UF,52.464201,-1.888677,E08000025,E99999999,EMIS,EMIS
M85086,COFTON MEDICAL CENTRE,B31 4TU,52.39276,-1.966796,E08000025,E99999999,EMIS,EMIS
M85087,COLLEGE ROAD SURGERY,B44 0HL,52.536781,-1.874207,E08000025,E99999999,TPP,TPP
M85088,KARIS MEDICAL CENTRE,B16 9AL,52.474635,-1.931654,E08000025,E99999999,EMIS,EMIS
M85094,YARDLEY MEDICAL CENTRE,B25 8BY,52.463203,-1.828392,E08000025,E99999999,EMIS,EMIS
M85097,CRANES PARK ROAD SURGERY,B26 3SE,52.456344,-1.779457,E08000025,E99999999,EMIS,EMIS
M85098,ROTTON PARK MEDICAL CENTRE,B16 0LU,52.482177,-1.947074,E08000025,E99999999,EMIS,EMIS
M85105,VICTORIA ROAD SURGERY,B27 7XZ,52.444464,-1.819637,E08000025,E99999999,EMIS,EMIS
M85107,FIRS SURGERY,B36 8LR,52.506322,-1.801497,E08000025,E99999999,TPP,TPP
M85108,SMALL HEATH MEDICAL PRACTICE,B10 9QE,52.47257,-1.861877,E08000025,E99999999,EMIS,EMIS
M85110,SALTLEY AND FERNBANK MEDICAL PRACTICE,B8 1RZ,52.490852,-1.851953,E08000025,E99999999,TPP,TPP
M85113,BUCKLANDS END LANE SURGERY,B34 6BP,52.497824,-1.799857,E08000025,E99999999,TPP,TPP
M85115,SUTTON ROAD SURGERY,B23 5TJ,52.534323,-1.828556,E08000025,E99999999,EMIS,EMIS
M85116,FERNLEY MEDICAL CENTRE,B11 4AN,52.451617,-1.864561,E08000025,E99999999,EMIS,EMIS
M85117,BARTLEY GREEN MEDICAL PRACTICE,B32 3PR,52.43625,-2.003039,E08000025,E99999999,TPP,TPP
M85118,BALDWINS LANE SURGERY,B28 0RF,52.41452,-1.846222,E08000025,E99999999,EMIS,EMIS
M85123,AL-SHAFA MEDICAL CENTRE,B6 6JY,52.506268,-1.891577,E08000025,E99999999,EMIS,EMIS
M85124,BELLEVUE MEDICAL CENTRE,B5 7LX,52.465408,-1.900847,E08000025,E99999999,TPP,TPP
M85128,DR WALJI AND COLLEAGUES,B12 9LP,52.457404,-1.888061,E08000025,E99999999,EMIS,EMIS
M85136,DRUIDS HEATH SURGERY,B14 5SB,52.405307,-1.898789,E08000025,E99999999,EMIS,EMIS
M85139,ALPHA MEDICAL PRACTICE,B8 1JA,52.490786,-1.856254,E08000025,E99999999,TPP,TPP
M85141,SCHOOLACRE ROAD SURGERY,B34 6RB,52.497673,-1.78579,E08000025,E99999999,TPP,TPP
M85143,JIGGINS LANE MEDICAL CENTRE,B32 3LE,52.436816,-1.995405,E08000025,E99999999,TPP,TPP
M85145,THE SLIEVE SURGERY,B20 2NR,52.520023,-1.927163,E08000025,E99999999,EMIS,EMIS
M85146,THE KHATTAK MEMORIAL SURGERY,B10 0AU,52.465737,-1.861398,E08000025,E99999999,EMIS,EMIS
M85149,ALUM ROCK MEDICAL CENTRE,B8 3QD,52.489916,-1.85066,E08000025,E99999999,TPP,TPP
M85153,WEATHER OAK MEDICAL CENTRE,B11 4RA,52.456924,-1.867533,E08000025,E99999999,EMIS,EMIS
M85154,FINCH ROAD PRIMARY CARE CENTRE,B19 1HS,52.503785,-1.910469,E08000025,E99999999,EMIS,EMIS
M85155,KINGSTANDING CIRCLE SURGERY,B44 0UY,52.553959,-1.881458,E08000025,E99999999,EMIS,EMIS
M85156,RIVER BROOK MEDICAL CENTRE,B30 2SH,52.433045,-1.913803,E08000025,E99999999,EMIS,EMIS
M85158,APOLLO SURGERY,B44 9HW,52.554717,-1.89389,E08000025,E99999999,EMIS,EMIS
M85164,NEWPORT MEDICAL GROUP,B12 8QE,52.452244,-1.879627,E08000025,E99999999,EMIS,EMIS
M85167,UNIVERSITY MEDICAL PRACTICE,B15 2QU,52.456371,-1.938054,E08000025,E99999999,TPP,TPP
M85170,GATE MEDICAL CENTRE,B8 1RE,52.494255,-1.855859,E08000025,E99999999,TPP,TPP
M85171,ROWLANDS ROAD SURGERY,B26 1AT,52.463286,-1.806152,E08000025,E99999999,TPP,TPP
M85172,RIDGACRE HOUSE SURGERY,B32 2TJ,52.460927,-1.990104,E08000025,E99999999,TPP,TPP
M85174,THE BROOK SURGERY,B11 1LU,52.462673,-1.871328,E08000025,E99999999,EMIS,EMIS
M85175,THE HAWTHORNS SURGERY,B72 1DL,52.53876,-1.825958,E08000025,E99999999,EMIS,EMIS
M85176,KIRPAL MEDICAL PRACTICE,B21 9RY,52.503109,-1.934939,E08000025,E99999999,EMIS,EMIS
M85177,SWANSWELL MEDICAL CENTRE,B27 7AL,52.43253,-1.816523,E08000029,E99999999,EMIS,EMIS
M85178,MODALITY BIRMINGHAM,B19 1BP,52.501203,-1.920535,E08000025,E99999999,TPP,TPP
M85179,MAYPOLE HEALTH SURGERY Y,B14 5DJ,52.409754,-1.88471,E08000025,E99999999,EMIS,EMIS
M85600,REA VALLEY HEALTH PARTNERSHIP,B38 8QS,52.404602,-1.930746,E08000025,E99999999,EMIS,EMIS
M85624,PERRY PARK SURGERY,B42 1TY,52.525698,-1.904352,E08000025,E99999999,EMIS,EMIS
M85634,HEATHFIELD FAMILY CENTRE,B19 1HL,52.506356,-1.910081,E08000025,E99999999,EMIS,EMIS
M85642,CAVENDISH MEDICAL PRACTICE,B18 7AL,52.487701,-1.937348,E08000025,E99999999,EMIS,EMIS
M85669,TUDOR PRACTICE STOCKLAND GREEN,B23 6DJ,52.523897,-1.857324,E08000025,E99999999,TPP,TPP
M85670,GREENFIELD MEDICAL CENTRE,B8 1RT,52.491684,-1.855765,E08000025,E99999999,TPP,TPP
M85676,VICTORIA ROAD MEDICAL CTR,B6 5HP,52.501868,-1.887198,E08000025,E99999999,EMIS,EMIS
M85679,CHARLES ROAD SURGERY,B10 9AB,52.472214,-1.850616,E08000025,E99999999,EMIS,EMIS
M85680,COTTERILS LANE SURGERY,B8 3RZ,52.485903,-1.828599,E08000025,E99999999,EMIS,EMIS
M85684,CITY ROAD MEDICAL CENTRE,B18 4HL,52.486292,-1.942003,E08000025,E99999999,EMIS,EMIS
M85686,DR KULSHRESTHA FAMILY PRACTICE,B18 7AL,52.487701,-1.937348,E08000025,E99999999,EMIS,EMIS
M85693,FEATHERSTONE MEDICAL CENTRE,B14 6AA,52.427292,-1.893004,E08000025,E99999999,EMIS,EMIS
M85694,GARRETTS GREEN LANE SURGERY,B26 2SB,52.468461,-1.788685,E08000025,E99999999,EMIS,EMIS
M85697,CHURCH ROAD SURGERY,B6 5UP,52.50333,-1.875232,E08000025,E99999999,EMIS,EMIS
M85699,COVENTRY ROAD MEDICAL CENTRE,B10 0UG,52.47013,-1.859073,E08000025,E99999999,EMIS,EMIS
M85701,BURBURY MEDICAL CENTRE,B19 1TT,52.502229,-1.910369,E08000025,E99999999,EMIS,EMIS
M85706,DRUID GROUP - EMC SURGERY,B16 0HZ,52.485861,-1.943947,E08000025,E99999999,TPP,TPP
M85711,CITY HEALTH CENTRE,B17 8LG,52.476707,-1.958196,E08000025,E99999999,EMIS,EMIS
M85713,HIGHGATE MEDICAL CENTRE,B12 0YA,52.46438,-1.887455,E08000025,E99999999,EMIS,EMIS
M85715,SOHO ROAD PRIMARY CARE CENTRE,B21 9RY,52.503109,-1.934939,E08000025,E99999999,EMIS,EMIS
M85716,DR KHUROO'S PRACTICE,B23 6DJ,52.523897,-1.857324,E08000025,E99999999,EMIS,EMIS
M85717,DOWNSFIELD MEDICAL CENTRE,B26 2TY,52.466952,-1.779684,E08000025,E99999999,TPP,TPP
M85721,HOLYHEAD PRIMARY HEALTH CARE CENTRE,B21 0HL,52.505713,-1.948298,E08000025,E99999999,EMIS,EMIS
M85722,NASEBY MEDICAL CENTRE,B8 3HE,52.489189,-1.844948,E08000025,E99999999,EMIS,EMIS
M85730,DOSKI MEDICAL PRACTICE,B31 1TR,52.421361,-1.98326,E08000025,E99999999,EMIS,EMIS
M85732,BLOOMSBURY SURGERY,B7 5BT,52.493258,-1.871887,E08000025,E99999999,EMIS,EMIS
M85733,MOOR GREEN LANE MEDICAL CENTRE,B13 8QS,52.438194,-1.910527,E08000025,E99999999,EMIS,EMIS
M85735,GREET MEDICAL PRACTICE,B11 3ND,52.453209,-1.857773,E08000025,E99999999,EMIS,EMIS
M85736,ACOCKS GREEN MEDICAL CENTRE,B27 6QJ,52.449495,-1.829313,E08000025,E99999999,EMIS,EMIS
M85739,PAK HEALTH CENTRE,B8 1JA,52.490786,-1.856254,E08000025,E99999999,EMIS,EMIS
M85746,MIRFIELD SURGERY,B33 9SA,52.483138,-1.781546,E08000025,E99999999,TPP,TPP
M85749,AUBREY ROAD MEDICAL CENTRE,B10 0TU,52.46633,-1.846412,E08000025,E99999999,EMIS,EMIS
M85756,SPRINGFIELD MEDICAL PRACT,B11 4DG,52.444968,-1.859623,E08000025,E99999999,EMIS,EMIS
M85757,SOHO ROAD HEALTH CENTRE,B21 9RY,52.503109,-1.934939,E08000025,E99999999,EMIS,EMIS
M85759,NECHELLS PRACTICE,B7 5DT,52.493757,-1.876614,E08000025,E99999999,TPP,TPP
M85766,BALSALL HEATH HEALTH CENTRE (S),B12 9LP,52.457404,-1.888061,E08000025,E99999999,EMIS,EMIS
M85770,THE SHELDON MEDICAL CENTRE,B26 3TT,52.460476,-1.77767,E08000025,E99999999,EMIS,EMIS
M85774,SPRINGFIELD SURGERY,B11 4BW,52.444571,-1.858639,E08000025,E99999999,EMIS,EMIS
M85778,HALCYON MEDICAL,B2 4UH,52.480596,-1.895748,E08000025,E99999999,EMIS,EMIS
M85779,AYLESBURY SURGERY,B44 0DX,52.542869,-1.876047,E08000025,E99999999,TPP,TPP
M85781,BORDESLEY GREEN SURGERY,B9 5EG,52.476787,-1.855224,E08000025,E99999999,EMIS,EMIS
M85783,STRENSHAM ROAD SURGERY,B12 9RR,52.453857,-1.892558,E08000025,E99999999,EMIS,EMIS
M85792,COTMORE SURGERY,B44 8TU,52.5426,-1.894642,E08000025,E99999999,EMIS,EMIS
M85794,"THE BALAJI SURGERY, THE SPARKBROOK CHC",B11 1LU,52.462673,-1.871328,E08000025,E99999999,EMIS,EMIS
M85797,HOCKLEY MEDICAL PRACTICE,B1 3AL,52.485934,-1.91535,E08000025,E99999999,EMIS,EMIS
M85803,PEARL MEDICAL CENTRE,B8 2HB,52.493832,-1.83468,E08000025,E99999999,EMIS,EMIS
M86001,WILLENHALL PRIMARY CARE CENTRE - 1,CV3 3DG,52.387714,-1.459978,E08000026,E99999999,EMIS,EMIS
M86002,LONGFORD PRIMARY CARE CENTRE,CV6 6DR,52.44995,-1.485543,E08000026,E99999999,EMIS,EMIS
M86003,SKY BLUE MEDICAL GROUP,CV3 6EA,52.382159,-1.527494,E08000026,E99999999,EMIS,EMIS
M86004,ALLESLEY PARK MEDICAL CTR,CV5 9JE,52.413031,-1.555334,E08000026,E99999999,EMIS,EMIS
M86005,HILLFIELDS HEALTH CENTRE - 1,CV1 4FS,52.413455,-1.507828,E08000026,E99999999,EMIS,EMIS
M86006,JUBILEE HEALTHCARE,CV1 3GB,52.40344,-1.518875,E08000026,E99999999,EMIS,EMIS
M86007,PHOENIX FAMILY CARE,CV3 6GQ,52.390021,-1.51542,E08000026,E99999999,EMIS,EMIS
M86008,THE GABLES MEDICENTRE,CV6 4DD,52.441056,-1.508316,E08000026,E99999999,EMIS,EMIS
M86009,ENGLETON HOUSE SURGERY,CV6 3HZ,52.42369,-1.522302,E08000026,E99999999,EMIS,EMIS
M86010,FORREST MEDICAL CENTRE,CV4 8FT,52.394616,-1.559428,E08000026,E99999999,EMIS,EMIS
M86012,PRIORY GATE PRACTICE,CV1 4FS,52.413455,-1.507828,E08000026,E99999999,EMIS,EMIS
M86014,THE FORUM HEALTH CENTRE,CV2 5EP,52.416835,-1.458315,E08000026,E99999999,EMIS,EMIS
M86015,KENYON MEDICAL CENTRES,CV3 3AD,52.385235,-1.472467,E08000026,E99999999,EMIS,EMIS
M86016,GODIVA GROUP PRACTICE,CV2 4LJ,52.412791,-1.482828,E08000026,E99999999,EMIS,EMIS
M86017,MANSFIELD MEDICAL CENTRE,CV3 1JB,52.405993,-1.484568,E08000026,E99999999,EMIS,EMIS
M86018,MOSELEY AVENUE SURGERY,CV6 1HS,52.419909,-1.525416,E08000026,E99999999,EMIS,EMIS
M86019,WESTWOOD MEDICAL H/CENTRE,CV4 9DR,52.404339,-1.560508,E08000026,E99999999,EMIS,EMIS
M86020,WOOD END HEALTH CENTRE,CV2 1XA,52.43566,-1.464189,E08000026,E99999999,EMIS,EMIS
M86021,SPRINGFIELD MEDICAL PRACTICE,CV6 2FL,52.438011,-1.531076,E08000026,E99999999,EMIS,EMIS
M86027,CHEYLESMORE SURGERY,CV3 5PZ,52.39134,-1.503915,E08000026,E99999999,EMIS,EMIS
M86028,CENTRAL MEDICAL CENTRE,CV6 5DF,52.42503,-1.498362,E08000026,E99999999,EMIS,EMIS
M86029,BROOMFIELD PARK MED.CTR.,CV1 3HQ,52.407844,-1.527633,E08000026,E99999999,EMIS,EMIS
M86030,KENSINGTON ROAD SURGERY,CV5 6HY,52.402586,-1.532392,E08000026,E99999999,EMIS,EMIS
M86032,HOLBROOKS HEALTH TEAM,CV6 4HN,52.448999,-1.511508,E08000026,E99999999,EMIS,EMIS
M86033,WILLENHAL OAK MEDICAL CENTRE,CV3 3DP,52.389005,-1.463121,E08000026,E99999999,EMIS,EMIS
M86034,WOODSIDE MEDICAL CENTRE,CV4 9PL,52.40723,-1.579266,E08000026,E99999999,EMIS,EMIS
M86035,HENLEY GREEN MEDICAL CENTRE,CV2 1AB,52.428387,-1.454276,E08000026,E99999999,EMIS,EMIS
M86037,QUINTON PARK MEDICAL CENTRE,CV3 5PZ,52.39134,-1.503915,E08000026,E99999999,EMIS,EMIS
M86038,BREDON AVENUE SURGERY,CV3 2FD,52.399798,-1.446456,E08000026,E99999999,EMIS,EMIS
M86039,ALLESLEY VILLAGE SURGERY,CV5 9BD,52.424712,-1.568422,E08000026,E99999999,EMIS,EMIS
M86040,WALSGRAVE HEALTH CENTRE,CV2 2SW,52.422575,-1.443701,E08000026,E99999999,EMIS,EMIS
M86041,CLAY LANE MEDICAL PRACTICE,CV2 4LJ,52.412791,-1.482828,E08000026,E99999999,EMIS,EMIS
M86044,PARK HOUSE,CV1 2DL,52.405832,-1.491038,E08000026,E99999999,EMIS,EMIS
M86045,PARADISE MEDICAL CENTRE,CV6 5BG,52.426805,-1.494945,E08000026,E99999999,EMIS,EMIS
M86046,COPSEWOOD MEDICAL CENTRE,CV2 5NB,52.406151,-1.465427,E08000026,E99999999,EMIS,EMIS
M86048,WINDMILL SURGERY,CV6 6DR,52.44995,-1.485543,E08000026,E99999999,EMIS,EMIS
M86605,LIMBRICK WOOD SURGERY,CV4 9PN,52.40685,-1.578549,E08000026,E99999999,EMIS,EMIS
M86610,ST GEORGES ROAD SURGERY,CV1 2DL,52.405832,-1.491038,E08000026,E99999999,EMIS,EMIS
M86612,GEORGE ELIOT MEDICAL CENTRE,CV1 4JH,52.419527,-1.506629,E08000026,E99999999,EMIS,EMIS
M86617,HILLFIELDS - DR BANO,CV1 4FS,52.413455,-1.507828,E08000026,E99999999,EMIS,EMIS
M86622,GOVIND HEALTH CENTRE,CV5 6EU,52.40025,-1.53274,E08000026,E99999999,EMIS,EMIS
M86624,COVENTRY GP GROUP OF PRACTICES,CV6 3FA,52.431368,-1.517866,E08000026,E99999999,EMIS,EMIS
M86627,STOKE ALDERMOOR MED CTRE,CV3 1EG,52.39736,-1.475777,E08000026,E99999999,EMIS,EMIS
M86633,EDGWICK MEDICAL CENTRE,CV6 5LL,52.432159,-1.498325,E08000026,E99999999,EMIS,EMIS
M86638,WOODWAY MEDICAL CENTRE,CV2 2RH,52.437583,-1.44441,E08000026,E99999999,EMIS,EMIS
M87001,MEADOWBROOK SURGERY,B63 1AB,52.446603,-2.071308,E08000027,E99999999,EMIS,EMIS
M87003,MOSS GROVE SURGERY,DY6 9HS,52.498688,-2.169895,E08000027,E99999999,EMIS,EMIS
M87005,THREE VILLAGES MEDICAL PRACTICE,DY8 4HZ,52.464877,-2.14951,E08000027,E99999999,EMIS,EMIS
M87006,EVE HILL MEDICAL PRACTICE,DY1 2QD,52.512922,-2.096805,E08000027,E99999999,EMIS,EMIS
M87007,THE RIDGEWAY SURGERY,DY3 3UH,52.535824,-2.120856,E08000027,E99999999,EMIS,EMIS
M87008,KINGSWINFORD MEDICAL PRACTICE,DY6 8DN,52.49818,-2.160318,E08000027,E99999999,EMIS,EMIS
M87009,AW SURGERIES,DY5 3EE,52.482062,-2.122402,E08000027,E99999999,EMIS,EMIS
M87010,THE WATERFRONT SURGERY,DY5 1RU,52.481734,-2.117836,E08000027,E99999999,EMIS,EMIS
M87011,LION HEALTH,DY8 3SS,52.461226,-2.157328,E08000027,E99999999,EMIS,EMIS
M87012,THE GREENS HEALTH CENTRE,DY1 3QZ,52.529021,-2.099169,E08000027,E99999999,EMIS,EMIS
M87013,TANDON MEDICAL CENTRE (ORAM & PARTNERS),DY3 1UX,52.527819,-2.116044,E08000027,E99999999,TPP,TPP
M87014,LAPAL MEDICAL PRACTICE,B62 0HP,52.458715,-2.016168,E08000027,E99999999,EMIS,EMIS
M87015,LOWER GORNAL MEDICAL PRACTICE,DY3 2NQ,52.515818,-2.132001,E08000027,E99999999,EMIS,EMIS
M87016,WOODSETTON MEDICAL CENTRE,DY3 1AF,52.538009,-2.100885,E08000027,E99999999,EMIS,EMIS
M87017,STEPPINGSTONES MEDICAL PRACTICE,DY1 1RT,52.509519,-2.090594,E08000027,E99999999,EMIS,EMIS
M87018,THE SUMMERHILL SURGERY,DY6 9JG,52.496528,-2.17161,E08000027,E99999999,EMIS,EMIS
M87019,THE LIMES SURGERY MEDICAL CENTRE,DY9 8LL,52.457006,-2.113885,E08000027,E99999999,EMIS,EMIS
M87020,FELDON LANE PRACTICE,B62 9DR,52.467325,-2.028271,E08000027,E99999999,EMIS,EMIS
M87021,COSELEY MEDICAL CENTRE,WV14 9DJ,52.542642,-2.086342,E08000027,E99999999,EMIS,EMIS
M87023,WORDSLEY GREEN HEALTH CENTRE,DY8 5PD,52.480617,-2.164686,E08000027,E99999999,EMIS,EMIS
M87024,WYCHBURY MEDICAL GROUP,DY9 9DS,52.441573,-2.110976,E08000027,E99999999,EMIS,EMIS
M87025,LIMESTONE SURGERY,DY1 1RN,52.510249,-2.089226,E08000027,E99999999,EMIS,EMIS
M87026,ST JAMES MEDICAL PRACTICE2,DY1 2BY,52.514234,-2.097323,E08000027,E99999999,EMIS,EMIS
M87027,QUARRY BANK MEDICAL CENTRE,DY5 2AE,52.471851,-2.102367,E08000027,E99999999,EMIS,EMIS
M87028,ANCHOR MEDICAL PRACTICE,DY2 9PU,52.487943,-2.07893,E08000027,E99999999,EMIS,EMIS
M87030,PEDMORE MEDICAL PRACTICE,DY9 8DJ,52.457029,-2.118211,E08000027,E99999999,EMIS,EMIS
M87034,CLEMENT ROAD MEDICAL PRACTICE,B62 9LR,52.472097,-2.033824,E08000027,E99999999,EMIS,EMIS
M87036,BEAN MEDICAL PRACTICE,DY2 8TH,52.50579,-2.076046,E08000027,E99999999,EMIS,EMIS
M87037,NORTHWAY MEDICAL CENTRE,DY3 3QY,52.548048,-2.131006,E08000027,E99999999,EMIS,EMIS
M87041,RANGEWAYS ROAD SURGERY,DY6 8PN,52.487289,-2.149734,E08000027,E99999999,EMIS,EMIS
M87601,KEELINGE HOUSE,DY1 2ER,52.501504,-2.10774,E08000027,E99999999,EMIS,EMIS
M87602,HALESOWEN MEDICAL PRACTICE,B63 4WD,52.444056,-2.059137,E08000027,E99999999,EMIS,EMIS
M87605,CENTRAL CLINIC,DY2 7BX,52.507993,-2.075769,E08000027,E99999999,EMIS,EMIS
M87612,ST JAMES MEDICAL PRACTICE1,DY1 2BY,52.514234,-2.097323,E08000027,E99999999,EMIS,EMIS
M87617,LINKS MEDICAL PRACTICE,DY2 9PU,52.487943,-2.07893,E08000027,E99999999,EMIS,EMIS
M87618,QUINCY RISE SURGERY,DY5 3JR,52.467436,-2.129544,E08000027,E99999999,EMIS,EMIS
M87620,CASTLE MEADOWS SURGERY,DY1 2TY,52.515734,-2.118237,E08000027,E99999999,EMIS,EMIS
M87623,ALEXANDRA MEDICAL CENTRE,B63 3UH,52.454096,-2.063006,E08000027,E99999999,EMIS,EMIS
M87628,CHAPEL STREET MEDICAL CENTRE,DY9 8BT,52.45634,-2.11481,E08000027,E99999999,EMIS,EMIS
M87638,THORNS ROAD SURGERY,DY5 2JS,52.472042,-2.109345,E08000027,E99999999,EMIS,EMIS
M88001,THE VILLAGE MEDICAL CENTRE,WS10 0EB,52.552805,-1.996412,E08000028,E99999999,TPP,TPP
M88002,THE SMETHWICK MEDICAL CENTRE,B66 3BQ,52.494896,-1.968121,E08000028,E99999999,TPP,TPP
M88003,WARLEY MEDICAL CENTRE,B68 0RT,52.468137,-2.006751,E08000028,E99999999,TPP,TPP
M88004,REGIS MEDICAL CENTRE,B65 0BA,52.475168,-2.044486,E08000028,E99999999,TPP,TPP
M88006,CAPE HILL MEDICAL CENTRE,B66 3NR,52.488419,-1.954253,E08000028,E99999999,EMIS,EMIS
M88007,OAKESWELL HEALTH CENTRE,WS10 9HP,52.554215,-2.013771,E08000028,E99999999,EMIS,EMIS
M88008,STONE CROSS MEDICAL CENTRE,B71 3LN,52.545459,-1.982684,E08000028,E99999999,TPP,TPP
M88009,NORVIC FAMILY PRACTICE,B66 3PZ,52.489743,-1.960128,E08000028,E99999999,TPP,TPP
M88010,SWANPOOL MEDICAL CENTRE,DY4 0SZ,52.540744,-2.05713,E08000028,E99999999,TPP,TPP
M88013,BLACK COUNTRY FAMILY PRACTICE,DY4 8PX,52.528861,-2.071177,E08000028,E99999999,TPP,TPP
M88014,DR GUDI PV & PARTNER,B70 0PU,52.536236,-2.011259,E08000028,E99999999,TPP,TPP
M88015,GREAT BARR PRACTICE,B43 7HB,52.549017,-1.915346,E08000025,E99999999,TPP,TPP
M88016,OLD HILL MEDICAL CENTRE,B64 6JN,52.474305,-2.065494,E08000028,E99999999,TPP,TPP
M88018,OLDBURY HEALTH CENTRE,B69 4DE,52.503737,-2.014123,E08000028,E99999999,TPP,TPP
M88019,BEARWOOD ROAD SURGERY,B66 4ES,52.482059,-1.96947,E08000028,E99999999,TPP,TPP
M88020,SHERWOOD HOUSE MEDICAL PRACTICE,B17 8DP,52.473866,-1.959421,E08000025,E99999999,EMIS,EMIS
M88021,SCOTT ARMS MEDICAL CENTRE,B43 6EE,52.547136,-1.925068,E08000028,E99999999,TPP,TPP
M88022,JUBILEE HEALTH CENTRE,WS10 7AR,52.55167,-2.019626,E08000028,E99999999,TPP,TPP
M88023,TAME VALLEY MEDICAL CENTRE,WS10 0JS,52.554153,-1.987754,E08000028,E99999999,TPP,TPP
M88026,PORTWAY FAMILY PRACTICE,B69 1HE,52.497603,-2.030324,E08000028,E99999999,TPP,TPP
M88030,CHURCH VIEW SURGERY,B64 6JE,52.475059,-2.066555,E08000028,E99999999,EMIS,EMIS
M88035,NEW STREET SURGERY,B70 0HN,52.536937,-2.012763,E08000028,E99999999,TPP,TPP
M88038,LINKWAY MEDICAL PRACTICE,B70 7AW,52.516018,-1.997976,E08000028,E99999999,TPP,TPP
M88040,ST PAUL'S MEDICAL PRACTICE,B66 1HB,52.500798,-1.988534,E08000028,E99999999,EMIS,EMIS
M88041,HAWTHORNS MEDICAL CENTRE,B66 2DD,52.501522,-1.967262,E08000028,E99999999,TPP,TPP
M88042,BEARWOOD MEDICAL CENTRE,B67 5BP,52.476918,-1.973434,E08000028,E99999999,TPP,TPP
M88043,HADEN VALE SURGERY,B64 7HG,52.466362,-2.073327,E08000028,E99999999,TPP,TPP
M88600,THE VICTORIA SURGERY,DY4 8SS,52.523493,-2.057063,E08000028,E99999999,TPP,TPP
M88610,SAREPHED MEDICAL CENTRE,B67 6AJ,52.490321,-1.970392,E08000028,E99999999,TPP,TPP
M88612,GLEBEFIELDS SURGERY,DY4 0SN,52.540603,-2.052898,E08000028,E99999999,TPP,TPP
M88616,GREAT BRIDGE PSHIP FOR HEALTH,DY4 7EY,52.528923,-2.032572,E08000028,E99999999,TPP,TPP
M88618,"WALFORD STREET, TIVIDALE",B69 2LD,52.513207,-2.059746,E08000028,E99999999,TPP,TPP
M88619,DR ARORA RK,B70 7AW,52.516018,-1.997976,E08000028,E99999999,TPP,TPP
M88620,CAUSEWAY GREEN ROAD SURGERY,B68 8LJ,52.484579,-2.014691,E08000028,E99999999,EMIS,EMIS
M88625,ST PAUL'S PARTNERSHIP - LYNG MEDICAL,B70 7AW,52.516018,-1.997976,E08000028,E99999999,EMIS,EMIS
M88626,DR UI HAQUE N,B70 6JX,52.512745,-1.98439,E08000028,E99999999,TPP,TPP
M88628,DR SINGH M,B70 8HQ,52.514966,-2.002058,E08000028,E99999999,TPP,TPP
M88630,CLIFTON LANE MEDICAL CENTRE,B71 3AS,52.543463,-1.982331,E08000028,E99999999,TPP,TPP
M88633,LODGE ROAD SURGERY,B67 7LU,52.499835,-1.984306,E08000028,E99999999,TPP,TPP
M88635,DOG KENNEL LANE SURGERY,B68 9LZ,52.489803,-1.995738,E08000028,E99999999,TPP,TPP
M88639,ST PAULS PARTNERS,B70 6JX,52.512745,-1.98439,E08000028,E99999999,TPP,TPP
M88640,WARLEY ROAD SURGERY,B68 9SZ,52.490208,-1.993721,E08000028,E99999999,TPP,TPP
M88643,THE SPIRES HEALTH CENTRE,WS10 7DB,52.553683,-2.02439,E08000028,E99999999,TPP,TPP
M88645,HILL TOP MEDICAL CENTRE,B68 9DU,52.478503,-1.998169,E08000028,E99999999,EMIS,EMIS
M88646,DR DEWAN VK,B70 7AW,52.516018,-1.997976,E08000028,E99999999,EMIS,EMIS
M88647,ROOD END MEDICAL PRACTICE,B68 8JB,52.49411,-1.999685,E08000028,E99999999,EMIS,EMIS
M89001,PARKFIELD MEDICAL CENTRE,B36 9EJ,52.509279,-1.775816,E08000029,E99999999,TPP,TPP
M89002,KINGSHURST MEDICAL PRACTICE,B37 6BE,52.494021,-1.747777,E08000029,E99999999,TPP/EVERGREENLIFE,TPP
M89003,GPS HEALTHCARE,B90 4DD,52.395171,-1.825288,E08000029,E99999999,TPP,TPP
M89005,ST. MARGARETS MEDICAL PRACTICE,B92 7JS,52.438008,-1.807365,E08000029,E99999999,TPP,TPP
M89007,RICHMOND MEDICAL CENTRE,B92 7SA,52.447614,-1.799158,E08000029,E99999999,TPP,TPP
M89008,BOSWORTH MEDICAL GROUP,B37 5BU,52.480584,-1.753626,E08000029,E99999999,TPP,TPP
M89009,MANOR HOUSE LANE SURGERY,B26 1PD,52.462028,-1.801315,E08000025,E99999999,TPP,TPP
M89010,DORRIDGE SURGERY,B93 8LH,52.372772,-1.752066,E08000029,E99999999,TPP,TPP
M89012,CROFT MEDICAL CENTRE,B37 7WB,52.477875,-1.727743,E08000029,E99999999,TPP,TPP
M89013,ARRAN MEDICAL CENTRE,B36 0SZ,52.503867,-1.748767,E08000029,E99999999,TPP,TPP
M89015,NORTHBROOK HEALTH CENTRE,B90 3LX,52.419672,-1.821266,E08000029,E99999999,TPP,TPP
M89016,BALSALL COMMON & MERIDEN GROUP PRACTICE,CV7 7RW,52.394972,-1.643852,E08000029,E99999999,TPP,TPP
M89017,SOLIHULL HEALTHCARE PARTNERSHIP,B91 2AG,52.419657,-1.775228,E08000029,E99999999,EMIS,EMIS
M89019,HOBS MOAT MEDICAL CENTRE,B92 8ED,52.444207,-1.788919,E08000029,E99999999,TPP,TPP
M89021,COVENTRY ROAD PRACTICE,B26 3JS,52.451842,-1.77583,E08000025,E99999999,TPP,TPP
M89024,GRAFTON ROAD SURGERY,B90 1NG,52.407768,-1.868443,E08000029,E99999999,TPP,TPP
M89026,THE CASTLE PRACTICE,B36 0HH,52.501287,-1.75765,E08000029,E99999999,TPP,TPP
M89027,GREEN LANE SURGERY,B36 0SZ,52.503867,-1.748767,E08000029,E99999999,TPP,TPP
M89030,ARDEN MEDICAL CENTRE,B93 0QA,52.379814,-1.744754,E08000029,E99999999,TPP,TPP
M89608,HAMPTON SURGERY,B92 0AH,52.424196,-1.701794,E08000029,E99999999,EMIS,EMIS
M91003,SINA HEALTH CENTRE,WV12 5XZ,52.618205,-2.047733,E08000030,E99999999,EMIS,EMIS
M91004,ST PETER'S SURGERY,WS2 8DA,52.594553,-1.984849,E08000030,E99999999,EMIS,EMIS
M91006,PARKSIDE MEDICAL PRACTICE,WS8 7JB,52.649751,-1.934885,E08000030,E99999999,EMIS,EMIS
M91007,ST JOHN'S MEDICAL CENTRE,WS9 9LP,52.626323,-1.932527,E08000030,E99999999,EMIS,EMIS
M91008,LITTLE LONDON SURGERY,WS1 3EP,52.574999,-1.979278,E08000030,E99999999,EMIS,EMIS
M91009,STREETS CORNER SURGERY,WS9 9NP,52.629637,-1.927749,E08000030,E99999999,EMIS,EMIS
M91010,PORTLAND MEDICAL PRACTICE,WS9 8AJ,52.602529,-1.921194,E08000030,E99999999,EMIS,EMIS
M91013,LOCKFIELD SURGERY,WV13 2DR,52.58546,-2.057129,E08000030,E99999999,EMIS,EMIS
M91014,BRACE STREET HEALTH CENTRE,WS1 3PS,52.57758,-1.98332,E08000030,E99999999,EMIS,EMIS
M91015,UMBRELLA MEDICAL,WS1 1AF,52.587019,-1.979553,E08000030,E99999999,EMIS,EMIS
M91016,NEW INVENTION HEALTH CENTRE,WV12 5RZ,52.60956,-2.040266,E08000030,E99999999,EMIS,EMIS
M91017,NORTHGATE MEDICAL CENTRE,WS9 8AJ,52.602529,-1.921194,E08000030,E99999999,EMIS,EMIS
M91018,SADDLERS HEALTH CENTRE,WS1 1AF,52.587019,-1.979553,E08000030,E99999999,EMIS,EMIS
M91019,RUSHALL MEDICAL CENTRE,WS4 1HB,52.608005,-1.959726,E08000030,E99999999,EMIS,EMIS
M91021,LOCKSTOWN PRACTICE,WV13 2DR,52.58546,-2.057129,E08000030,E99999999,EMIS,EMIS
M91024,CHAPEL STREET SURGERY,WS3 4LN,52.627893,-1.968587,E08000030,E99999999,EMIS,EMIS
M91026,DARLASTON FAMILY PRACTICE,WS10 8SY,52.566185,-2.036318,E08000030,E99999999,EMIS,EMIS
M91028,MODALITY KINGFISHER DARLASTON PRACTICE,WS2 0BA,52.589175,-2.024528,E08000030,E99999999,EMIS,EMIS
M91029,MOSSLEY & DUDLEY FIELDS MEDICAL PRACTICE,WS3 2TA,52.621342,-2.016259,E08000030,E99999999,EMIS,EMIS
M91032,COLLINGWOOD FAMILY PRACTICE,B43 7NF,52.556685,-1.903399,E08000030,E99999999,EMIS,EMIS
M91033,WILLENHALL MEDICAL CENTRE,WV13 2DR,52.58546,-2.057129,E08000030,E99999999,EMIS,EMIS
M91034,BLOXWICH MEDICAL PRACTICE,WS3 3JP,52.61319,-2.000793,E08000030,E99999999,EMIS,EMIS
M91036,HARDEN HEALTH CENTRE,WS3 1ET,52.608568,-1.985952,E08000030,E99999999,EMIS,EMIS
M91602,KHAN MEDICAL PRACTICE,WS3 3JP,52.61319,-2.000793,E08000030,E99999999,EMIS,EMIS
M91609,NEW ROAD MEDICAL CENTRE,WS8 7JG,52.64872,-1.939232,E08000030,E99999999,EMIS,EMIS
M91611,BEECHDALE CENTRE,WS2 7HS,52.599219,-2.009327,E08000030,E99999999,EMIS,EMIS
M91612,ST MARY'S SURGERY,WS3 3JP,52.61319,-2.000793,E08000030,E99999999,EMIS,EMIS
M91613,FORRESTER STREET MEDICAL CENTRE,WS2 9PL,52.584989,-1.995376,E08000030,E99999999,EMIS,EMIS
M91614,STROUD PRACTICE,WS2 0BA,52.589175,-2.024528,E08000030,E99999999,EMIS,EMIS
M91616,PLECK HEALTH CENTRE,WS2 9HY,52.574264,-1.998033,E08000030,E99999999,EMIS,EMIS
M91619,BROADWAY MEDICAL CENTRE,WS1 3HD,52.567627,-1.97729,E08000030,E99999999,EMIS,EMIS
M91621,PALFREY HEALTH CENTRE,WS1 4JQ,52.575108,-1.991349,E08000030,E99999999,EMIS,EMIS
M91623,LOWER FARM HEALTH CENTRE,WS3 3RT,52.627996,-1.998075,E08000030,E99999999,EMIS,EMIS
M91624,MOXLEY MEDICAL CENTRE,WS10 8TF,52.560049,-2.051108,E08000030,E99999999,EMIS,EMIS
M91626,HOLLAND PARK SURGERY,WS8 7JB,52.649751,-1.934885,E08000030,E99999999,EMIS,EMIS
M91628,BRACE STREET HC- KUMAR,WS1 3PS,52.57758,-1.98332,E08000030,E99999999,EMIS,EMIS
M91629,BIRCHILLS HEALTH CENTRE,WS2 8QH,52.59112,-1.995464,E08000030,E99999999,EMIS,EMIS
M91637,BLACKWOOD HEALTH CENTRE,B74 3PL,52.580076,-1.891659,E08000030,E99999999,EMIS,EMIS
M91639,WALSALL WOOD HEALTH CENTRE,WS9 9NP,52.629637,-1.927749,E08000030,E99999999,EMIS,EMIS
M91640,ROUGH HAY SURGERY,WS10 8NQ,52.572575,-2.042697,E08000030,E99999999,EMIS,EMIS
M91641,DARLASTON MEDICAL CENTRE,WS10 9JQ,52.566645,-2.030476,E08000030,E99999999,EMIS,EMIS
M91642,QUESLETT MEDICAL CENTRE,B43 7DY,52.557517,-1.898028,E08000030,E99999999,EMIS,EMIS
M91647,PILLAI,WS3 3JP,52.61319,-2.000793,E08000030,E99999999,EMIS,EMIS
M91650,PINFOLD MEDICAL,WS3 3JP,52.61319,-2.000793,E08000030,E99999999,EMIS,EMIS
M91654,HIGH STREET SURGERY,WS3 4LX,52.629754,-1.96829,E08000030,E99999999,EMIS,EMIS
M91659,BRACE STREET HC- MAHBUB (M91659),WS1 3PS,52.57758,-1.98332,E08000030,E99999999,EMIS,EMIS
M92001,POPLARS MEDICAL CENTRE,WV10 9PG,52.609945,-2.112347,E08000031,E99999999,EMIS,EMIS
M92004,PRIMROSE LANE PRACTICE,WV10 8RN,52.612715,-2.100805,E08000031,E99999999,EMIS,EMIS
M92006,COALWAY ROAD SURGERY,WV4 4PS,52.56928,-2.167851,E08000031,E99999999,EMIS,EMIS
M92008,CASTLECROFT MEDICAL PRACTICE,WV3 8JN,52.578785,-2.189803,E08000031,E99999999,EMIS,EMIS
M92009,PRESTBURY MEDICAL PRACTICE,WV10 8EA,52.622957,-2.116931,E08000031,E99999999,EMIS,EMIS
M92010,TETTENHALL MEDICAL PRACTICE,WV6 9LL,52.600739,-2.159497,E08000031,E99999999,EMIS,EMIS
M92011,RWT PRACTICES PENN MANOR MEDICAL CENTRE,WV4 5PY,52.559838,-2.149804,E08000031,E99999999,EMIS,EMIS
M92012,DUNCAN STREET PRIMARY CARE CENTRE,WV2 3AN,52.57327,-2.126418,E08000031,E99999999,EMIS,EMIS
M92013,DR SINHA & TAHIR,WV10 0BD,52.593334,-2.110031,E08000031,E99999999,EMIS,EMIS
M92015,IMPROVING HEALTH (IH) MEDICAL,WV14 6PW,52.568916,-2.077114,E08000031,E99999999,TPP/EMIS,TPP
M92016,TUDOR MEDICAL CENTRE,WV10 0LS,52.593664,-2.102607,E08000031,E99999999,EMIS,EMIS
M92019,KEATS GROVE SURGERY,WV10 8LY,52.614577,-2.099539,E08000031,E99999999,EMIS,EMIS
M92022,ASHMORE PARK MEDICAL CENTRE,WV11 2LH,52.613688,-2.05783,E08000031,E99999999,EMIS,EMIS
M92026,GRIFFITHS DRIVE MEDICAL PRACTICE,WV11 2JN,52.61284,-2.063057,E08000031,E99999999,EMIS,EMIS
M92028,THORNLEY STREET SURGERY,WV1 1JP,52.588445,-2.125783,E08000031,E99999999,EMIS,EMIS
M92029,NEWBRIDGE SURGERY,WV6 0DE,52.593786,-2.15553,E08000031,E99999999,EMIS,EMIS
M92039,DR ST PIERRE-LIBBERTON,WV10 8PJ,52.610567,-2.10049,E08000031,E99999999,EMIS,EMIS
M92040,MAYFIELD MEDICAL PRACTICE,WV1 2GZ,52.583046,-2.093284,E08000031,E99999999,EMIS,EMIS
M92041,PROBERT ROAD SURGERY,WV10 6AR,52.618305,-2.130079,E08000031,E99999999,EMIS,EMIS
M92043,PENN SURGERY,WV3 7LX,52.569021,-2.146649,E08000031,E99999999,EMIS,EMIS
M92607,WHITMORE REANS MEDICAL PRACTICE,WV6 0QL,52.595744,-2.142516,E08000031,E99999999,EMIS,EMIS
M92609,ASHFIELD ROAD SURGERY,WV10 6QX,52.62606,-2.132835,E08000031,E99999999,EMIS,EMIS
M92612,HEALTH AND BEYOND,WV2 2AU,52.576374,-2.115065,E08000031,E99999999,EMIS,EMIS
M92627,BILSTON FAMILY PRACTICE,WV14 6PW,52.568916,-2.077114,E08000031,E99999999,EMIS,EMIS
M92629,FORDHOUSES MEDICAL CENTRE,WV10 6RU,52.621952,-2.132188,E08000031,E99999999,EMIS,EMIS
M92630,EAST PARK MEDICAL PRACTICE,WV1 2LW,52.586405,-2.097173,E08000031,E99999999,EMIS,EMIS
M92649,DR MUDIGONDA,WV14 6PW,52.568916,-2.077114,E08000031,E99999999,EMIS,EMIS
M92654,BAGARY'S MEDICAL PRACTICE,WV10 9SX,52.60916,-2.114516,E08000031,E99999999,EMIS,EMIS
N81001,AUDLEM MEDICAL PRACTICE,CW3 0AH,52.989631,-2.508717,E06000049,E99999999,EMIS,EMIS
N81002,KENMORE MEDICAL CENTRE,SK9 1PA,53.323079,-2.235224,E06000049,E99999999,EMIS,EMIS
N81005,HELSBY HEALTH CENTRE,WA6 0BW,53.270482,-2.770521,E06000050,E99999999,EMIS,EMIS
N81006,BUNBURY MEDICAL PRACTICE,CW6 9PE,53.117072,-2.650636,E06000049,E99999999,EMIS,EMIS
N81007,HOLES LANE MEDICAL LTD.,WA1 4NE,53.399844,-2.545137,E06000007,E99999999,TPP,TPP
N81008,THE CEDARS MEDICAL CENTRE,ST7 2LU,53.093302,-2.300747,E06000049,E99999999,EMIS,EMIS
N81009,HEATH LANE MEDICAL CENTRE,CH3 5UJ,53.188977,-2.863842,E06000050,E99999999,EMIS,EMIS
N81010,NANTWICH HEALTH CENTRE,CW5 5NX,53.068155,-2.518507,E06000049,E99999999,EMIS,EMIS
N81011,BEVAN GROUP PRACTICE,WA8 6TR,53.379744,-2.724554,E06000006,E99999999,EMIS,EMIS
N81012,GUARDIAN STREET MED/CTR,WA5 1UD,53.391917,-2.606296,E06000007,E99999999,TPP,TPP
N81013,HIGH STREET SURGERY,SK11 6JL,53.258072,-2.122605,E06000049,E99999999,EMIS,EMIS
N81014,BROOKFIELD SURGERY,WA13 9DB,53.382321,-2.48123,E06000007,E99999999,TPP,TPP
N81016,MILLCROFT MEDICAL CENTRE,CW1 3AW,53.098829,-2.45397,E06000049,E99999999,EMIS,EMIS
N81018,TARPORLEY HEALTH CENTRE,CW6 0BE,53.158995,-2.665522,E06000050,E99999999,EMIS,EMIS
N81019,CASTLEFIELDS HEALTH CENTRE,WA7 2ST,53.338823,-2.691796,E06000006,E99999999,EMIS,EMIS
N81020,PENKETH HEALTH CENTRE,WA5 2EY,53.386576,-2.656033,E06000007,E99999999,TPP,TPP
N81022,MIDDLEWOOD PARTNERSHIP,SK10 5JH,53.296324,-2.107533,E06000049,E99999999,EMIS,EMIS
N81024,SWANLOW MEDICAL CENTRE,CW7 1AT,53.191333,-2.530289,E06000050,E99999999,EMIS,EMIS
N81025,FIRDALE MEDICAL CENTRE,CW8 4AZ,53.25382,-2.537386,E06000050,E99999999,EMIS,EMIS
N81027,READESMOOR MEDICAL GROUP PRACTICE,CW12 1JP,53.163779,-2.216791,E06000049,E99999999,EMIS,EMIS
N81028,CAUSEWAY MEDICAL CENTRE,WA4 6QA,53.380496,-2.589492,E06000007,E99999999,TPP,TPP
N81029,SOUTH PARK SURGERY,SK11 6JL,53.258072,-2.122605,E06000049,E99999999,EMIS,EMIS
N81030,PRINCEWAY SURGERIES,WA6 6RX,53.293067,-2.726821,E06000050,E99999999,EMIS,EMIS
N81031,DRS ADEY AND DANCY,CW6 0BE,53.158995,-2.665522,E06000050,E99999999,EMIS,EMIS
N81032,ASHFIELDS PRIMARY CARE CENTRE,CW11 1EQ,53.144658,-2.367396,E06000049,E99999999,EMIS,EMIS
N81033,ALDERLEY EDGE MEDICAL CENTRE,SK9 7EP,53.300468,-2.237469,E06000049,E99999999,EMIS,EMIS
N81034,BOUGHTON MEDICAL GROUP,CH2 3DP,53.192862,-2.875925,E06000050,E99999999,EMIS,EMIS
N81035,FIR PARK MEDICAL CENTRE,WA8 9DT,53.381589,-2.746038,E06000006,E99999999,EMIS,EMIS
N81036,SPRINGFIELDS MEDICAL CENTRE,WA1 1UG,53.389274,-2.597523,E06000007,E99999999,TPP,TPP
N81037,THE BEECHES MEDICAL CTR,WA8 8QS,53.363843,-2.766105,E06000006,E99999999,EMIS,EMIS
N81038,LAUREL BANK SURGERY,SY14 8PS,53.017569,-2.762637,E06000050,E99999999,EMIS,EMIS
N81039,OAKLANDS,CW10 9BE,53.190456,-2.44621,E06000049,E99999999,EMIS,EMIS
N81040,HIGH STREET PRACTICE WINSFORD,CW7 1AT,53.191333,-2.530289,E06000050,E99999999,EMIS,EMIS
N81041,HELSBY STREET MED/CTR,WA1 3AW,53.394996,-2.576324,E06000007,E99999999,TPP,TPP
N81043,HASLINGTON SURGERY,CW1 5QY,53.0977,-2.394938,E06000049,E99999999,EMIS,EMIS
N81044,HUNGERFORD MEDICAL CENTRE,CW1 5HA,53.097886,-2.427004,E06000049,E99999999,EMIS,EMIS
N81045,PEELHOUSE MEDICAL PLAZA,WA8 6TN,53.372115,-2.722561,E06000006,E99999999,EMIS,EMIS
N81046,PARK MEDICAL CENTRE,CH2 3RD,53.202681,-2.8731,E06000050,E99999999,EMIS,EMIS
N81047,THE KILTEARN MEDICAL CTR.,CW5 5NX,53.068155,-2.518507,E06000049,E99999999,EMIS,EMIS
N81048,FEARNHEAD CROSS MED.CTR.,WA2 0HD,53.411088,-2.559107,E06000007,E99999999,EMIS,EMIS
N81049,KNUTSFORD MEDICAL PARTNERSHIP,WA16 0LY,53.306056,-2.377649,E06000049,E99999999,EMIS,EMIS
N81050,GREAT SUTTON MEDICAL CENTRE,CH66 3NZ,53.276936,-2.936384,E06000050,E99999999,EMIS,EMIS
N81051,THE WEAVERHAM SURGERY,CW8 3EU,53.262306,-2.577506,E06000050,E99999999,EMIS,EMIS
N81052,LAWTON HOUSE SURGERY,CW12 1QG,53.163062,-2.205795,E06000049,E99999999,EMIS,EMIS
N81053,EARNSWOOD MEDICAL CENTRE,CW1 3AW,53.098829,-2.45397,E06000049,E99999999,EMIS,EMIS
N81054,WEAVER VALE PRACTICE,WA7 2UT,53.325561,-2.696866,E06000006,E99999999,EMIS,EMIS
N81055,WATLING STREET SURGERY,CW9 5EX,53.26037,-2.513603,E06000050,E99999999,EMIS,EMIS
N81056,FOLLY LANE MEDICAL CENTRE,WA5 0LU,53.398135,-2.606866,E06000007,E99999999,TPP,TPP
N81057,TOWER HOUSE PRACTICE,WA7 1AB,53.341187,-2.732462,E06000006,E99999999,EMIS,EMIS
N81059,CULCHETH MEDICAL CENTRE,WA3 4DZ,53.451661,-2.525547,E06000007,E99999999,TPP,TPP
N81060,NESTON SURGERY,CH64 4BN,53.285256,-3.053221,E06000050,E99999999,EMIS,EMIS
N81061,WITTON STREET SURGERY,CW9 5QU,53.262396,-2.504272,E06000050,E99999999,EMIS,EMIS
N81062,CUMBERLAND HOUSE SURGERY,SK11 6JL,53.258072,-2.122605,E06000049,E99999999,EMIS,EMIS
N81063,YORK ROAD GROUP PRACTICE,CH65 0DB,53.278876,-2.899307,E06000050,E99999999,EMIS,EMIS
N81064,NEWTOWN SURGERY,WA8 7GD,53.362174,-2.735706,E06000006,E99999999,EMIS,EMIS
N81065,LATCHFORD MEDICAL CENTRE,WA4 1LJ,53.381017,-2.561658,E06000007,E99999999,TPP,TPP
N81066,GROVE HOUSE PRACTICE,WA7 1AB,53.341187,-2.732462,E06000006,E99999999,EMIS,EMIS
N81067,OAKWOOD MEDICAL CENTRE,CW8 4LF,53.271695,-2.544224,E06000050,E99999999,EMIS,EMIS
N81068,GROSVENOR MEDICAL CENTRE,CW1 3HB,53.102362,-2.453858,E06000049,E99999999,EMIS,EMIS
N81069,CHELFORD SURGERY,SK11 9BS,53.27255,-2.28242,E06000049,E99999999,EMIS,EMIS
N81070,HANDFORTH HEALTH CENTRE,SK9 3HL,53.347666,-2.214495,E06000049,E99999999,EMIS,EMIS
N81071,GREENMOSS MEDICAL CENTRE,ST7 3BT,53.107532,-2.250178,E06000049,E99999999,EMIS,EMIS
N81072,MURDISHAW,WA7 6ES,53.323997,-2.662129,E06000006,E99999999,EMIS,EMIS
N81074,LAUNCESTON CLOSE SURGERY,CW7 1LY,53.183116,-2.542488,E06000050,E99999999,EMIS,EMIS
N81075,STOCKTON HEATH MED.CENTRE,WA4 6HJ,53.371957,-2.582145,E06000007,E99999999,EMIS,EMIS
N81077,THE HEALTH CENTRE (HOLMES CHAPEL),CW4 7BB,53.200227,-2.35585,E06000049,E99999999,EMIS,EMIS
N81079,THE ELMS MEDICAL CENTRE,CH1 4DS,53.195108,-2.892974,E06000050,E99999999,EMIS,EMIS
N81080,NORTHGATE MEDICAL CENTRE,CH1 4DS,53.195108,-2.892974,E06000050,E99999999,EMIS,EMIS
N81081,GARDEN LANE MEDICAL CTR.,CH1 4EN,53.19529,-2.896361,E06000050,E99999999,EMIS,EMIS
N81082,CITY WALLS MEDICAL CENTRE,CH1 2NR,53.191544,-2.896013,E06000050,E99999999,EMIS,EMIS
N81083,PARKVIEW MEDICAL CENTRE,WA2 8HE,53.40461,-2.588307,E06000007,E99999999,TPP,TPP
N81084,ROPE GREEN MEDICAL CENTRE,CW2 5DA,53.06655,-2.453958,E06000049,E99999999,EMIS,EMIS
N81085,PARK LANE SURGERY,SK11 6JL,53.258072,-2.122605,E06000049,E99999999,EMIS,EMIS
N81086,WILMSLOW HEALTH CENTRE,SK9 5HX,53.322922,-2.237324,E06000049,E99999999,MEDICUS,MEDICUS
N81087,DANEBRIDGE MEDICAL CENTRE,CW9 5HR,53.258219,-2.512183,E06000050,E99999999,EMIS,EMIS
N81088,PARK GREEN SURGERY,SK11 6JL,53.258072,-2.122605,E06000049,E99999999,EMIS,EMIS
N81089,GREENBANK SURGERY,WA1 3RB,53.396612,-2.571248,E06000007,E99999999,TPP,TPP
N81090,TUDOR SURGERY,CW5 5NX,53.068155,-2.518507,E06000049,E99999999,EMIS,EMIS
N81092,HOPE FARM MEDICAL CENTRE,CH66 2WW,53.265207,-2.923444,E06000050,E99999999,EMIS,EMIS
N81093,WHITBY HEALTH PARTNERSHIP,CH65 6TG,53.267526,-2.910629,E06000050,E99999999,EMIS,EMIS
N81096,BROOKVALE PRACTICE,WA7 2UT,53.325561,-2.696866,E06000006,E99999999,EMIS,EMIS
N81097,DALLAM LANE MEDICAL CENTRE,WA2 7NG,53.392826,-2.595512,E06000007,E99999999,TPP,TPP
N81100,UPTON VILLAGE SURGERY,CH2 1HD,53.213799,-2.884303,E06000050,E99999999,EMIS,EMIS
N81101,THE HANDBRIDGE MED.CTR.,CH4 7JS,53.183674,-2.88943,E06000050,E99999999,EMIS,EMIS
N81102,FOUNTAINS MEDICAL PRACTICE,CH1 4DS,53.195108,-2.892974,E06000050,E99999999,EMIS,EMIS
N81107,MANCHESTER ROAD SURGERY,WA1 3RB,53.396612,-2.571248,E06000007,E99999999,EMIS,EMIS
N81108,THE LAKESIDE SURGERY,WA13 0QE,53.376889,-2.48413,E06000007,E99999999,TPP,TPP
N81109,PADGATE MEDICAL CENTRE,WA2 0RX,53.406526,-2.556189,E06000007,E99999999,TPP,TPP
N81111,MEREPARK MEDICAL CENTRE,ST7 2LU,53.093302,-2.300747,E06000049,E99999999,EMIS,EMIS
N81113,MIDDLEWICH ROAD SURGERY,CW9 7DB,53.257712,-2.489437,E06000050,E99999999,EMIS,EMIS
N81114,BIRCHWOOD MEDICAL CENTRE,WA3 7PJ,53.415497,-2.526501,E06000007,E99999999,TPP,TPP
N81115,LACHE HEALTH CENTRE,CH4 8HX,53.173615,-2.914326,E06000050,E99999999,EMIS,EMIS
N81117,OLD HALL SURGERY,CH65 9AD,53.27623,-2.904396,E06000050,E99999999,EMIS,EMIS
N81118,MEADOWSIDE MEDICAL CENTRE,CW12 1DY,53.165101,-2.211413,E06000049,E99999999,EMIS,EMIS
N81119,HOUGH GREEN HEALTH PARK,WA8 4PF,53.378803,-2.768553,E06000006,E99999999,EMIS,EMIS
N81120,KELSALL MEDICAL CENTRE,CW6 0SN,53.20706,-2.717967,E06000050,E99999999,EMIS,EMIS
N81121,NORTHGATE VILLAGE SURGERY,CH1 4DS,53.195108,-2.892974,E06000050,E99999999,EMIS,EMIS
N81122,WESTBROOK MEDICAL CENTRE,WA5 8UF,53.40852,-2.632211,E06000007,E99999999,TPP,TPP
N81123,WILLOW WOOD SURGERY,CW7 3GY,53.195554,-2.50434,E06000050,E99999999,EMIS,EMIS
N81125,NESTON MEDICAL CENTRE,CH64 3RA,53.291818,-3.06435,E06000050,E99999999,EMIS,EMIS
N81127,THE WEAVER VALE SURGERY,CW7 1AT,53.191333,-2.530289,E06000050,E99999999,EMIS,EMIS
N81607,WESTMINSTER SURGERY,CH65 2ER,53.285557,-2.896598,E06000050,E99999999,EMIS,EMIS
N81614,THE SURGERY,CW5 8EW,53.024874,-2.605296,E06000049,E99999999,EMIS,EMIS
N81619,OAKS PLACE SURGERY,WA8 7GD,53.362174,-2.735706,E06000006,E99999999,EMIS,EMIS
N81623,STRETTON MEDICAL CENTRE,WA4 4NE,53.339599,-2.576267,E06000007,E99999999,EMIS,EMIS
N81626,WESTERN AVE MEDICAL CTRE,CH1 5PA,53.201921,-2.931905,E06000050,E99999999,EMIS,EMIS
N81628,THE ERIC MOORE PARTNERSHIP,WA2 7NJ,53.39342,-2.59716,E06000007,E99999999,TPP,TPP
N81632,BROKEN CROSS SURGERY,SK11 6JL,53.258072,-2.122605,E06000049,E99999999,EMIS,EMIS
N81637,COCKHEDGE MEDICAL CENTRE,WA1 2QQ,53.390968,-2.589472,E06000007,E99999999,EMIS,EMIS
N81642,WATERS EDGE MEDICAL CENTRE,CW10 9BH,53.192316,-2.443985,E06000049,E99999999,EMIS,EMIS
N81645,4 SEASONS MEDICAL CENTRE,WA2 8HE,53.40461,-2.588307,E06000007,E99999999,TPP,TPP
N81651,UPTON ROCKS PRIMARY CARE,WA8 7NU,53.373383,-2.754372,E06000006,E99999999,EMIS,EMIS
N81655,ST WERBURGH'S MEDICAL PRACTICE HOMELESS,CH1 3EQ,53.194478,-2.890686,E06000050,E99999999,EMIS,EMIS
N82001,THE MARGARET THOMPSON MED CENTRE,L24 6TH,53.34599,-2.821738,E08000012,E99999999,EMIS,EMIS
N82002,YEWTREE MEDICAL CENTRE,L14 4ED,53.428829,-2.875108,E08000012,E99999999,EMIS,EMIS
N82003,DOVECOT HEALTH CENTRE,L14 0NL,53.417581,-2.878007,E08000012,E99999999,EMIS,EMIS
N82004,GARSTON FAMILY HEALTH CENTRE,L19 2LW,53.353926,-2.89683,E08000012,E99999999,EMIS,EMIS
N82009,GRASSENDALE MEDICAL CENTRE,L19 9BP,53.364423,-2.911297,E08000012,E99999999,EMIS,EMIS
N82011,PRIORY MEDICAL CENTRE,L6 4EW,53.424237,-2.945744,E08000012,E99999999,EMIS,EMIS
N82014,LANCE LANE MEDICAL CENTRE,L15 6TS,53.396212,-2.911916,E08000012,E99999999,EMIS,EMIS
N82018,ELLERGREEN MEDICAL CENTRE,L11 2YA,53.445432,-2.919309,E08000012,E99999999,EMIS,EMIS
N82019,LANGBANK MEDICAL CENTRE,L11 1AD,53.440828,-2.9277,E08000012,E99999999,EMIS,EMIS
N82022,BEACON HEALTH KENSINGTON,L7 2AB,53.408364,-2.948987,E08000012,E99999999,EMIS,EMIS
N82024,WEST DERBY MEDICAL CENTRE,L12 8TQ,53.431273,-2.895944,E08000012,E99999999,EMIS,EMIS
N82026,PENNY LANE SURGERY,L15 9EH,53.38942,-2.915004,E08000012,E99999999,EMIS,EMIS
N82033,DINGLE PARK PRACTICE,L8 6QP,53.386347,-2.972885,E08000012,E99999999,EMIS,EMIS
N82034,THE VILLAGE SURGERY,L19 2LW,53.353926,-2.89683,E08000012,E99999999,EMIS,EMIS
N82035,MATHER AVENUE SURGERY,L19 4UG,53.365393,-2.892382,E08000012,E99999999,EMIS,EMIS
N82036,NETHERLEY HEALTH CENTRE,L27 7AF,53.388293,-2.839589,E08000012,E99999999,EMIS,EMIS
N82037,WESTMORELAND GP CENTRE,L9 7AL,53.466338,-2.931103,E08000012,E99999999,EMIS,EMIS
N82039,STORRSDALE MEDICAL CENTRE,L18 7JY,53.376708,-2.905742,E08000012,E99999999,EMIS,EMIS
N82041,OAK VALE MEDICAL CENTRE,L15 6UT,53.397256,-2.899832,E08000012,E99999999,EMIS,EMIS
N82046,SEFTON PARK MEDICAL CENTRE,L15 2LQ,53.393105,-2.934843,E08000012,E99999999,EMIS,EMIS
N82048,WALTON MEDICAL CENTRE,L9 1AD,53.449012,-2.966802,E08000012,E99999999,EMIS,EMIS
N82049,WESTMINSTER MEDICAL CENTRE,L4 3TT,53.440846,-2.97836,E08000012,E99999999,EMIS,EMIS
N82050,GATEACRE MEDICAL CENTRE,L25 2PA,53.38545,-2.85753,E08000012,E99999999,EMIS,EMIS
N82052,TOWNSEND MEDICAL CENTRE,L6 0BB,53.430312,-2.943666,E08000012,E99999999,EMIS,EMIS
N82053,AINTREE PARK GROUP PRACTICE,L9 8AL,53.462815,-2.967297,E08000012,E99999999,EMIS,EMIS
N82054,ABERCROMBY FAMILY PRACTICE,L7 7HG,53.399049,-2.961744,E08000012,E99999999,EMIS,EMIS
N82058,ROCK COURT SURGERY,L13 2GA,53.411613,-2.916187,E08000012,E99999999,EMIS,EMIS
N82059,GREENBANK DRIVE SURGERY,L17 1AW,53.389786,-2.930424,E08000012,E99999999,EMIS,EMIS
N82062,FULWOOD GREEN MEDICAL CTR,L17 5AR,53.369457,-2.938037,E08000012,E99999999,EMIS,EMIS
N82065,EARLE ROAD MEDICAL CENTRE,L7 6HD,53.398892,-2.943016,E08000012,E99999999,EMIS,EMIS
N82066,WOOLTON HOUSE MEDICAL CTR,L25 5JA,53.375404,-2.867143,E08000012,E99999999,EMIS,EMIS
N82067,BENIM MEDICAL CENTRE,L6 3BY,53.419412,-2.947804,E08000012,E99999999,EMIS,EMIS
N82070,THE ELMS MEDICAL CENTRE,L8 3SS,53.382359,-2.956888,E08000012,E99999999,EMIS,EMIS
N82073,THE ASH SURGERY,L17 0BY,53.374584,-2.933054,E08000012,E99999999,EMIS,EMIS
N82074,OLD SWAN HEALTH CENTRE,L13 2GA,53.411613,-2.916187,E08000012,E99999999,EMIS,EMIS
N82076,BROWNLOW HEALTH @ PRINCES PARK,L8 0SY,53.391466,-2.952295,E08000012,E99999999,EMIS,EMIS
N82077,BOUSFIELD SURGERY - DR SHAH,L4 4PP,53.431558,-2.977575,E08000012,E99999999,EMIS,EMIS
N82078,BOUSFIELD - ROBERTS,L4 4PP,53.431558,-2.977575,E08000012,E99999999,EMIS,EMIS
N82079,GREENBANK ROAD SURGERY,L18 1HG,53.387664,-2.924725,E08000012,E99999999,EMIS,EMIS
N82081,ISLINGTON HOUSE MEDICAL CENTRE,L6 2EH,53.415808,-2.964605,E08000012,E99999999,EMIS,EMIS
N82082,ST. JAMES' HEALTH CENTRE,L1 5DZ,53.398351,-2.979085,E08000012,E99999999,EMIS,EMIS
N82083,JUBILEE MEDICAL CENTRE,L11 4UG,53.448645,-2.902288,E08000012,E99999999,EMIS,EMIS
N82084,GATEACRE BROW SURGERY,L25 3PA,53.383306,-2.8632,E08000012,E99999999,EMIS,EMIS
N82086,ABINGDON FAMILY HEALTH CARE CENTRE,L4 8SJ,53.440587,-2.943502,E08000012,E99999999,EMIS,EMIS
N82087,GILLMOSS MEDICAL CENTRE,L11 0AG,53.459474,-2.897848,E08000012,E99999999,EMIS,EMIS
N82089,PICTON GREEN,L7 6HD,53.398892,-2.943016,E08000012,E99999999,EMIS,EMIS
N82090,GREEN LANE MEDICAL CENTRE,L13 7DY,53.424129,-2.928631,E08000012,E99999999,EMIS,EMIS
N82091,GP PRACTICE RIVERSIDE (DR JUDE),L8 6QP,53.386347,-2.972885,E08000012,E99999999,EMIS,EMIS
N82092,THE VALLEY MEDICAL CENTRE,L25 1RY,53.399182,-2.876606,E08000012,E99999999,EMIS,EMIS
N82093,DERBY LANE MEDICAL CENTRE,L13 3DN,53.415934,-2.914294,E08000012,E99999999,EMIS,EMIS
N82094,BELLE VALE HEALTH CENTRE,L25 2XE,53.39205,-2.859753,E08000012,E99999999,EMIS,EMIS
N82095,ALBION SURGERY,L6 2EH,53.415808,-2.964605,E08000012,E99999999,EMIS,EMIS
N82097,THE GREY ROAD SURGERY,L9 1AD,53.449012,-2.966802,E08000012,E99999999,EMIS,EMIS
N82099,MERE LANE GROUP PRACTICE,L5 0QW,53.425824,-2.968654,E08000012,E99999999,EMIS,EMIS
N82101,KIRKDALE MEDICAL CENTRE,L4 4QJ,53.43354,-2.973842,E08000012,E99999999,EMIS,EMIS
N82103,ANFIELD GROUP PRACTICE,L6 0BB,53.430312,-2.943666,E08000012,E99999999,EMIS,EMIS
N82104,STONEYCROFT MEDICAL CENTRE,L13 6QD,53.419994,-2.915856,E08000012,E99999999,EMIS,EMIS
N82106,THE VILLAGE MEDICAL CTRE,L25 6HE,53.374793,-2.871986,E08000012,E99999999,EMIS,EMIS
N82107,BEACON HEALTH MOSSLEY HILL,L18 2DU,53.386849,-2.911461,E08000012,E99999999,EMIS,EMIS
N82108,RUTHERFORD MEDICAL CENTRE,L18 0HJ,53.390336,-2.910332,E08000012,E99999999,EMIS,EMIS
N82109,SPEKE HC - DR THAKUR,L24 2SF,53.340927,-2.838793,E08000012,E99999999,EMIS,EMIS
N82110,LONG LANE,L9 6DQ,53.45604,-2.925004,E08000012,E99999999,EMIS,EMIS
N82113,FAIRFIELD MEDICAL CENTRE,L6 3BY,53.419412,-2.947804,E08000012,E99999999,EMIS,EMIS
N82115,VAUXHALL HEALTH CENTRE,L5 8XR,53.419411,-2.984564,E08000012,E99999999,EMIS,EMIS
N82116,HILLFOOT HEALTH,L25 0ND,53.359201,-2.859151,E08000012,E99999999,EMIS,EMIS
N82117,BROWNLOW GROUP PRACTICE,L69 3GF,53.40844,-2.967597,E08000012,E99999999,EMIS,EMIS
N82617,BROWNLOW AT MARYBONE,L3 2BG,53.411286,-2.987806,E08000012,E99999999,EMIS,EMIS
N82633,CALVARY HEALTH CENTRE,L14 7PH,53.418188,-2.885859,E08000012,E99999999,EMIS,EMIS
N82641,SANDRINGHAM MEDICAL CENTRE,L17 4JP,53.380632,-2.952625,E08000012,E99999999,EMIS,EMIS
N82645,BROWNLOW HEALTH AT KENSINGTON,L7 2PF,53.407702,-2.950928,E08000012,E99999999,EMIS,EMIS
N82646,DR JUDE'S PRACTICE - RIVERSIDE,L8 6QP,53.386347,-2.972885,E08000012,E99999999,EMIS,EMIS
N82648,POULTER ROAD MEDICAL CENTRE,L9 0HJ,53.466698,-2.952728,E08000012,E99999999,EMIS,EMIS
N82650,SPEKE HC - DR SINGH & DR BICHA,L24 2SF,53.340927,-2.838793,E08000012,E99999999,EMIS,EMIS
N82651,STANLEY MEDICAL CENTRE,L4 4PP,53.431558,-2.977575,E08000012,E99999999,EMIS,EMIS
N82655,MOSS WAY,L11 0BL,53.457166,-2.897513,E08000012,E99999999,EMIS,EMIS
N82662,DUNSTAN VILLAGE GROUP PRACTICE,L7 6HD,53.398892,-2.943016,E08000012,E99999999,EMIS,EMIS
N82663,HORNSPIT MEDICAL CENTRE,L12 5LT,53.436681,-2.915341,E08000012,E99999999,EMIS,EMIS
N82664,ROCKY LANE MEDICAL CENTRE,L16 1JD,53.403597,-2.893423,E08000012,E99999999,EMIS,EMIS
N82668,WALTON VILLAGE MEDICAL CENTRE,L4 6TW,53.443533,-2.959602,E08000012,E99999999,EMIS,EMIS
N82669,GREAT HOMER STREET MEDICAL CENTRE,L5 0QW,53.425824,-2.968654,E08000012,E99999999,EMIS,EMIS
N82671,BIGHAM ROAD MEDICAL CENTRE,L6 6DW,53.413799,-2.945994,E08000012,E99999999,EMIS,EMIS
N82676,FIR TREE,L12 0JE,53.449288,-2.877501,E08000012,E99999999,EMIS,EMIS
N82678,STOPGATE LANE MEDICAL CTR,L9 6AP,53.451258,-2.936556,E08000012,E99999999,EMIS,EMIS
N83001,RAINBOW MEDICAL CENTRE,WA9 3PN,53.435406,-2.705931,E08000013,E99999999,EMIS,EMIS
N83002,PATTERDALE LODGE MED CTRE,WA12 9NA,53.452462,-2.644609,E08000013,E99999999,EMIS,EMIS
N83003,ORMSKIRK HOUSE SURGERY,WA10 2DJ,53.456702,-2.742609,E08000013,E99999999,EMIS,EMIS
N83005,VISTA ROAD SURGERY,WA12 9ED,53.457824,-2.645458,E08000013,E99999999,EMIS,EMIS
N83006,PHOENIX MEDICAL CENTRE,WA10 2HT,53.457785,-2.744752,E08000013,E99999999,EMIS,EMIS
N83007,LINGHOLME HEALTH CENTRE,WA10 2HT,53.457785,-2.744752,E08000013,E99999999,EMIS,EMIS
N83008,BERRYMEAD FAMILY MED.CTR.,WA9 3RP,53.44406,-2.698501,E08000013,E99999999,EMIS,EMIS
N83009,WINGATE MEDICAL CENTRE,L33 6YJ,53.488401,-2.874646,E08000011,E99999999,EMIS,EMIS
N83010,RAINHILL VILLAGE SURGERY,L35 4LP,53.416229,-2.763404,E08000013,E99999999,EMIS,EMIS
N83012,MILL STREET MEDICAL CTR.,WA10 2BD,53.456584,-2.739941,E08000013,E99999999,EMIS,EMIS
N83013,THE HEALTH CENTRE SURGERY,L26 9UH,53.359024,-2.82558,E08000011,E99999999,EMIS,EMIS
N83014,DINAS LANE MEDICAL CENTRE,L36 2NW,53.417404,-2.861513,E08000011,E99999999,EMIS,EMIS
N83017,HALL STREET MEDICAL CENTRE,WA10 1DW,53.452666,-2.732479,E08000013,E99999999,EMIS,EMIS
N83018,STOCKBRIDGE VILLAGE HC,L28 3QA,53.4312,-2.864245,E08000011,E99999999,EMIS,EMIS
N83019,BILLINGE MEDICAL PRACTICE,WN5 7LY,53.497681,-2.706951,E08000013,E99999999,EMIS,EMIS
N83020,MODALITY ST HELENS,WA11 0NA,53.468334,-2.656555,E08000013,E99999999,EMIS,EMIS
N83021,FOUR ACRE HEALTH CENTRE,WA9 4QB,53.418906,-2.723398,E08000013,E99999999,EMIS,EMIS
N83023,ATLAS MEDICAL PRACTICE,WA9 1LN,53.454227,-2.724148,E08000013,E99999999,EMIS,EMIS
N83024,PARK HOUSE MEDICAL CENTRE,L34 1ND,53.426723,-2.805295,E08000011,E99999999,EMIS,EMIS
N83025,CORNERWAYS MEDICAL CENTRE,L36 3TN,53.422901,-2.85592,E08000011,E99999999,EMIS,EMIS
N83026,PARKFIELD SURGERY,WA10 2DJ,53.456702,-2.742609,E08000013,E99999999,EMIS,EMIS
N83027,CENTRAL SURGERY,WA10 2DJ,53.456702,-2.742609,E08000013,E99999999,EMIS,EMIS
N83028,ASTON HEALTHCARE LIMITED,L36 0UB,53.404568,-2.831049,E08000011,E99999999,EMIS,EMIS
N83030,DR M SUARES' PRACTICE,L14 0JE,53.414,-2.873585,E08000012,E99999999,EMIS,EMIS
N83031,ROSEHEATH SURGERY,L26 9UH,53.359024,-2.82558,E08000011,E99999999,EMIS,EMIS
N83032,MILLBROOK MEDICAL CENTRE,L32 9PF,53.475712,-2.887584,E08000011,E99999999,EMIS,EMIS
N83033,ST. LAURENCE'S MEDICAL CENTRE,L32 9QU,53.475176,-2.882284,E08000011,E99999999,EMIS,EMIS
N83035,THE SPINNEY MEDICAL CTR.,WA10 3EB,53.442459,-2.757626,E08000013,E99999999,EMIS,EMIS
N83041,RAINFORD HEALTH CENTRE,WA11 8AZ,53.500774,-2.781899,E08000013,E99999999,EMIS,EMIS
N83043,LONGVIEW MEDICAL CENTRE,L36 6EB,53.415415,-2.825032,E08000011,E99999999,EMIS,EMIS
N83045,NEWTON PRACTICE,WA12 0JJ,53.457188,-2.638385,E08000013,E99999999,EMIS,EMIS
N83047,TARBOCK MEDICAL CENTRE,L36 0UB,53.404568,-2.831049,E08000011,E99999999,EMIS,EMIS
N83049,KENNETH MACRAE MED CENTRE,WA11 8HJ,53.499046,-2.786435,E08000013,E99999999,EMIS,EMIS
N83050,THE BOWERY MEDICAL CENTRE,WA9 5PR,53.436219,-2.757982,E08000013,E99999999,EMIS,EMIS
N83053,LONGTON MEDICAL CENTRE,L35 4LL,53.417507,-2.770123,E08000013,E99999999,EMIS,EMIS
N83054,BETHANY MEDICAL CENTRE,WA10 4GW,53.453186,-2.758616,E08000013,E99999999,EMIS,EMIS
N83601,THE MACMILLAN SURGERY,L32 8RE,53.48238,-2.885417,E08000011,E99999999,EMIS,EMIS
N83603,PRESCOT MEDICAL CENTRE,L34 1ND,53.426723,-2.805295,E08000011,E99999999,EMIS,EMIS
N83605,HOLLIES MEDICAL CENTRE,L26 0TH,53.367884,-2.828607,E08000011,E99999999,EMIS,EMIS
N83608,DR MAASSARANI & PARTNERS,L33 1XT,53.495216,-2.886559,E08000011,E99999999,EMIS,EMIS
N83609,CEDAR CROSS MEDICAL CENTRE,L35 3SX,53.414971,-2.801718,E08000011,E99999999,EMIS,EMIS
N83610,COLBY MEDICAL CENTRE,L36 7XY,53.419542,-2.842807,E08000011,E99999999,EMIS,EMIS
N83614,ECCLESTON MEDICAL CENTRE,WA10 5RG,53.452217,-2.769561,E08000013,E99999999,EMIS,EMIS
N83619,ROBY MEDICAL CENTRE,L36 6GA,53.410378,-2.840941,E08000011,E99999999,EMIS,EMIS
N83620,WINDERMERE MEDICAL CENTRE,WA11 7AF,53.473693,-2.732044,E08000013,E99999999,EMIS,EMIS
N83621,HILLSIDE HOUSE SURGERY,L36 7XY,53.419542,-2.842807,E08000011,E99999999,EMIS,EMIS
N83622,PRIMROSE MEDICAL PRACTICE,L36 7XY,53.419542,-2.842807,E08000011,E99999999,EMIS,EMIS
N83633,NUTGROVE VILLA SURGERY,L36 6GA,53.410378,-2.840941,E08000011,E99999999,EMIS,EMIS
N83637,NEWHOLME SURGERY,WA10 2DJ,53.456702,-2.742609,E08000013,E99999999,EMIS,EMIS
N84001,42 KINGSWAY,L22 4RQ,53.481027,-3.020165,E08000014,E99999999,EMIS,EMIS
N84002,AINTREE ROAD MEDICAL CENTRE,L20 9DL,53.456493,-2.981972,E08000014,E99999999,EMIS,EMIS
N84003,HIGH PASTURES SURGERY,L31 2HW,53.519395,-2.946534,E08000014,E99999999,EMIS,EMIS
N84004,GLOVERS LANE SURGERY,L30 5TA,53.488314,-2.971961,E08000014,E99999999,EMIS,EMIS
N84005,CUMBERLAND HOUSE SURGERY,PR8 6PQ,53.639275,-2.990054,E08000014,E99999999,EMIS,EMIS
N84006,CHAPEL LANE SURGERY,L37 4DL,53.557091,-3.061425,E08000014,E99999999,EMIS,EMIS
N84007,LIVERPOOL RD MEDICAL PRACTICE,L23 5TE,53.486672,-3.0233,E08000014,E99999999,EMIS,EMIS
N84008,NORWOOD SURGERY,PR9 7EG,53.650024,-2.978188,E08000014,E99999999,EMIS,EMIS
N84010,MAGHULL FAMILY SURGERY,L31 0DJ,53.515613,-2.943931,E08000014,E99999999,EMIS,EMIS
N84011,EASTVIEW SURGERY,L22 4QD,53.480376,-3.023781,E08000014,E99999999,EMIS,EMIS
N84012,AINSDALE MEDICAL CENTRE,PR8 3HW,53.602422,-3.038714,E08000014,E99999999,EMIS,EMIS
N84013,CHRISTIANA HARTLEY MEDICAL PRACTICE,PR8 6PL,53.640182,-2.983572,E08000014,E99999999,EMIS,EMIS
N84014,AINSDALE VILLAGE SURGERY,PR8 3LB,53.601219,-3.036524,E08000014,E99999999,EMIS,EMIS
N84015,BOOTLE VILLAGE SURGERY,L20 3EW,53.449589,-2.989673,E08000014,E99999999,EMIS,EMIS
N84016,MOORE STREET MEDICAL CENTRE,L20 4SE,53.458731,-3.002522,E08000014,E99999999,EMIS,EMIS
N84017,CHURCHTOWN MEDICAL CENTRE,PR9 7LT,53.661789,-2.965053,E08000014,E99999999,EMIS,EMIS
N84018,THE VILLAGE SURGERY FORMBY,L37 4AW,53.55592,-3.061668,E08000014,E99999999,EMIS,EMIS
N84019,NORTH PARK HEALTH CENTRE,L20 5DQ,53.458408,-2.995993,E08000014,E99999999,EMIS,EMIS
N84020,BLUNDELLSANDS SURGERY,L23 6TZ,53.484503,-3.041347,E08000014,E99999999,EMIS,EMIS
N84021,ST MARKS MEDICAL CENTRE (TCG MEDICAL),PR9 0TZ,53.646933,-2.995453,E08000014,E99999999,EMIS,EMIS
N84023,BRIDGE ROAD MEDICAL CENTRE,L21 6PH,53.467602,-3.001646,E08000014,E99999999,EMIS,EMIS
N84024,GRANGE SURGERY,PR8 2AD,53.637188,-3.012752,E08000014,E99999999,EMIS,EMIS
N84025,WESTWAY MEDICAL CENTRE,L31 0DJ,53.515613,-2.943931,E08000014,E99999999,EMIS,EMIS
N84027,ORRELL PARK MEDICAL CENTRE,L9 8BU,53.462408,-2.96319,E08000012,E99999999,EMIS,EMIS
N84028,THE STRAND MEDICAL CENTRE,L20 5BW,53.453949,-2.992862,E08000014,E99999999,EMIS,EMIS
N84029,FORD MEDICAL PRACTICE,L21 0DF,53.481323,-2.996876,E08000014,E99999999,EMIS,EMIS
N84034,PARK STREET SURGERY,L20 3DF,53.450324,-2.986679,E08000014,E99999999,EMIS,EMIS
N84035,15 SEFTON ROAD,L21 9HA,53.471271,-3.000317,E08000014,E99999999,EMIS,EMIS
N84038,CONCEPT HOUSE SURGERY,L20 3BG,53.449152,-2.98492,E08000014,E99999999,EMIS,EMIS
N84041,KINGSWAY SURGERY,L22 4RQ,53.481027,-3.020165,E08000014,E99999999,EMIS,EMIS
N84605,LITHERLAND PRACTICE,L21 9JN,53.472743,-3.002732,E08000014,E99999999,EMIS,EMIS
N84613,THE CORNER SURGERY (DR MULLA),PR9 9XP,53.671889,-2.963164,E08000014,E99999999,EMIS,EMIS
N84614,THE MARSHSIDE SURGERY,PR9 9XL,53.671449,-2.963124,E08000014,E99999999,EMIS,EMIS
N84615,RAWSON ROAD MEDICAL CENTRE,L21 1HP,53.468947,-3.015854,E08000014,E99999999,EMIS,EMIS
N84617,KEW SURGERY,PR8 6RG,53.631832,-2.983529,E08000014,E99999999,EMIS,EMIS
N84621,GREAT CROSBY AND THORNTON,L23 1TQ,53.497082,-2.997758,E08000014,E99999999,EMIS,EMIS
N84625,THE FAMILY SURGERY,PR8 4DB,53.629281,-3.011353,E08000014,E99999999,EMIS,EMIS
N84626,HIGHTOWN VILLAGE SURGERY,L38 3RY,53.530098,-3.058366,E08000014,E99999999,EMIS,EMIS
N85002,MARINE LAKE MEDICAL PRACTICE,CH48 5AA,53.37448,-3.182153,E08000015,E99999999,EMIS,EMIS
N85005,EASTHAM GROUP PRACTICE,CH62 6EE,53.322299,-2.971892,E08000015,E99999999,EMIS,EMIS
N85006,CIVIC MEDICAL CENTRE,CH63 7RX,53.350243,-3.004812,E08000015,E99999999,EMIS,EMIS
N85007,MYRTLE GROUP PRACTICE,CH60 7RN,53.330474,-3.102657,E08000015,E99999999,EMIS,EMIS
N85008,WEST WIRRAL GROUP PRACTICE,CH49 5PL,53.359056,-3.091329,E08000015,E99999999,EMIS,EMIS
N85012,ST GEORGES MEDICAL CENTRE,CH45 5LN,53.433652,-3.045613,E08000015,E99999999,EMIS,EMIS
N85013,UPTON GROUP PRACTICE,CH49 0TF,53.385168,-3.089591,E08000015,E99999999,EMIS,EMIS
N85015,DEVANEY MED CTR,CH43 5RE,53.385228,-3.03739,E08000015,E99999999,EMIS,EMIS
N85016,RIVERSIDE SURGERY,CH42 2AG,53.372021,-3.006197,E08000015,E99999999,EMIS,EMIS
N85017,CAVENDISH MEDICAL CENTRE,CH41 8DB,53.398264,-3.04655,E08000015,E99999999,EMIS,EMIS
N85018,THE VILLA MEDICAL CENTRE,CH43 3DB,53.364283,-3.051819,E08000015,E99999999,EMIS,EMIS
N85019,WHETSTONE LANE MED CTR,CH41 2TF,53.387327,-3.029698,E08000015,E99999999,EMIS,EMIS
N85020,ST CATHERINE'S SURGERY,CH42 0LQ,53.380046,-3.026531,E08000015,E99999999,EMIS,EMIS
N85021,HAMILTON MED CTR,CH41 6AJ,53.393066,-3.018678,E08000015,E99999999,EMIS,EMIS
N85022,HOLMLANDS MED CTR,CH43 0TX,53.372746,-3.060475,E08000015,E99999999,EMIS,EMIS
N85023,MANOR HEALTH CTR,CH45 4JG,53.420887,-3.044758,E08000015,E99999999,EMIS,EMIS
N85024,SOMERVILLE MED CTR,CH44 4AA,53.410088,-3.041966,E08000015,E99999999,EMIS,EMIS
N85025,ST HILARY GROUP PRACTICE,CH45 3NA,53.422206,-3.061358,E08000015,E99999999,EMIS,EMIS
N85027,CENTRAL PARK MEDICAL CENTRE,CH44 5UF,53.415672,-3.045864,E08000015,E99999999,EMIS,EMIS
N85028,MORETON GROUP PRACTICE,CH46 8SA,53.403285,-3.111622,E08000015,E99999999,EMIS,EMIS
N85031,GLADSTONE MED CTR,CH42 3TD,53.37556,-3.015029,E08000015,E99999999,EMIS,EMIS
N85032,GREASBY GROUP PRACTICE,CH49 3AT,53.377627,-3.121417,E08000015,E99999999,EMIS,EMIS
N85037,HEATHERLANDS MED CTR,CH49 9DA,53.381492,-3.089542,E08000015,E99999999,EMIS,EMIS
N85038,VITTORIA MED CTR G,CH41 3RH,53.396375,-3.030157,E08000015,E99999999,EMIS,EMIS
N85044,PAXTON MEDICAL GROUP,CH41 0DD,53.396826,-3.051628,E08000015,E99999999,EMIS,EMIS
N85046,HOYLAKE RD MET CTR,CH46 6DE,53.39931,-3.116602,E08000015,E99999999,EMIS,EMIS
N85047,ORCHARD SURGERY,CH62 7EU,53.331613,-2.977225,E08000015,E99999999,EMIS,EMIS
N85048,MORETON MEDICAL CENTRE,CH46 0PE,53.398877,-3.110004,E08000015,E99999999,EMIS,EMIS
N85051,SUNLIGHT GROUP PRACTICE,CH62 5HS,53.363092,-3.00005,E08000015,E99999999,EMIS,EMIS
N85052,GROVE RD SURGERY,CH45 3HF,53.429689,-3.063802,E08000015,E99999999,EMIS,EMIS
N85054,KINGS LANE MEDICAL PRACTICE,CH63 2LR,53.350109,-3.023678,E08000015,E99999999,EMIS,EMIS
N85057,TEEHEY LANE SURGERY,CH63 2JN,53.352669,-3.022853,E08000015,E99999999,EMIS,EMIS
N85059,HOYLAKE & MEOLS MEDICAL CTR,CH47 8XA,53.399865,-3.155587,E08000015,E99999999,EMIS,EMIS
N85616,LISCARD GROUP PRACTICE,CH44 5UF,53.415672,-3.045864,E08000015,E99999999,EMIS,EMIS
N85617,SPITAL SURGERY,CH63 9JP,53.340994,-3.003678,E08000015,E99999999,EMIS,EMIS
N85620,THE VILLAGE MEDICAL CENTRE,CH45 3HE,53.429082,-3.066346,E08000015,E99999999,EMIS,EMIS
N85625,MIRIAM PRIMARY CARE GROUP,CH41 8DB,53.398264,-3.04655,E08000015,E99999999,EMIS,EMIS
N85629,EGREMONT MED CTR,CH44 8AT,53.418817,-3.027343,E08000015,E99999999,EMIS,EMIS
N85633,CHURCH ROAD MEDICAL PRACTICE,CH63 2LR,53.350109,-3.023678,E08000015,E99999999,EMIS,EMIS
N85634,VITTORIA MED CTR K,CH41 3RH,53.396375,-3.030157,E08000015,E99999999,EMIS,EMIS
N85640,LEASOWE MEDICAL PRACTICE,CH46 2QQ,53.416639,-3.094472,E08000015,E99999999,EMIS,EMIS
N85643,PRENTON & WOODCHURCH MEDICAL CENTRE,CH43 0TS,53.371079,-3.060945,E08000015,E99999999,EMIS,EMIS
N85648,BLACKHEATH MED CTR,CH46 1SG,53.412239,-3.104694,E08000015,E99999999,EMIS,EMIS
P81002,LANCASTER MEDICAL PRACTICE,LA1 1PN,54.047594,-2.797199,E07000121,E10000017,EMIS,EMIS
P81003,ST JAMES' MEDICAL CENTRE,BB4 8HH,53.708975,-2.289473,E07000125,E10000017,EMIS,EMIS
P81005,LITTLE HARWOOD HEALTH CENTRE,BB1 6PH,53.758683,-2.467261,E06000008,E99999999,EMIS,EMIS
P81006,GARSTANG MEDICAL PRACTICE,PR3 1PB,53.897295,-2.783103,E07000128,E10000017,EMIS,EMIS
P81008,YORKSHIRE STREET MEDICAL CENTRE,BB11 3BT,53.789132,-2.234807,E07000117,E10000017,EMIS,EMIS
P81010,WITHNELL HEALTH CENTRE,PR6 8UA,53.692491,-2.556663,E07000118,E10000017,EMIS,EMIS
P81013,QUEEN SQUARE MEDICAL PRACTICE,LA1 1RP,54.046229,-2.800991,E07000121,E10000017,EMIS,EMIS
P81014,ORMSKIRK MEDICAL PRACTICE,L39 2BY,53.568564,-2.884151,E07000127,E10000017,EMIS,EMIS
P81015,LYTHAM ROAD SURGERY,PR2 9QB,53.786997,-2.711941,E07000123,E10000017,EMIS,EMIS
P81016,WATERLOO MEDICAL CENTRE,FY4 3AD,53.799804,-3.041431,E06000009,E99999999,EMIS,EMIS
P81017,WHALLEY MEDICAL CENTRE,BB7 9SL,53.819807,-2.406348,E07000124,E10000017,EMIS,EMIS
P81018,ST FILLAN'S MEDICAL CTRE,PR1 0AD,53.750297,-2.72876,E07000126,E10000017,EMIS,EMIS
P81020,BURNLEY GROUP PRACTICE,BB11 2DL,53.791442,-2.239131,E07000117,E10000017,EMIS,EMIS
P81022,WITTON MEDICAL CENTRE,BB2 2SU,53.740247,-2.507551,E06000008,E99999999,EMIS,EMIS
P81025,THE RICHMOND HILL PRACTICE,BB8 0JZ,53.856587,-2.164492,E07000122,E10000017,EMIS,EMIS
P81027,IRWELL MEDICAL PRACTICE,OL13 9NR,53.699759,-2.198274,E07000125,E10000017,EMIS,EMIS
P81029,ASH TREES SURGERY,LA5 9JU,54.12945,-2.768901,E07000121,E10000017,EMIS,EMIS
P81031,POPLAR HOUSE SURGERY,FY8 2EP,53.754721,-3.03076,E07000119,E10000017,EMIS,EMIS
P81032,REEDYFORD HLTH CARE GROUP,BB9 7SR,53.83803,-2.218913,E07000122,E10000017,EMIS,EMIS
P81033,COPPULL MEDICAL PRACTICE,PR7 5EN,53.619731,-2.662499,E07000118,E10000017,EMIS,EMIS
P81035,COLNE ROAD SURGERY,BB10 1LS,53.801226,-2.236849,E07000117,E10000017,EMIS,EMIS
P81036,PEEL HOUSE MEDICAL PRACTICE,BB5 2EJ,53.750892,-2.365996,E07000120,E10000017,EMIS,EMIS
P81037,ANSDELL MEDICAL CENTRE,FY8 4GW,53.747522,-2.998709,E07000119,E10000017,EMIS,EMIS
P81038,THE CHORLEY SURGERY,PR7 2EJ,53.651362,-2.632448,E07000118,E10000017,EMIS,EMIS
P81039,MANOR PRIMARY CARE,WN8 6DS,53.549695,-2.764643,E07000127,E10000017,EMIS,EMIS
P81040,LONGTON HEALTH CENTRE,PR4 5HA,53.727772,-2.780192,E07000126,E10000017,EMIS,EMIS
P81041,PARKGATE SURGERY,L39 4QR,53.564772,-2.882743,E07000127,E10000017,EMIS,EMIS
P81042,ADELAIDE STREET SURGERY,FY1 3JG,53.820853,-3.043654,E06000009,E99999999,EMIS,EMIS
P81043,SOUTH KING STREET MEDICAL CENTRE,FY1 4NF,53.816789,-3.047851,E06000009,E99999999,EMIS,EMIS
P81044,LIBRARY HOUSE SURGERY,PR7 2AD,53.65068,-2.633891,E07000118,E10000017,EMIS,EMIS
P81045,THE ELMS PRACTICE,L39 2BY,53.568564,-2.884151,E07000127,E10000017,EMIS,EMIS
P81046,PARK VIEW SURGERY,PR1 3NA,53.754634,-2.700716,E07000123,E10000017,EMIS,EMIS
P81047,PARKSIDE SURGERY,BB11 1PS,53.795006,-2.241231,E07000117,E10000017,EMIS,EMIS
P81051,DARWEN HEALTHCARE,BB3 1PY,53.69576,-2.471425,E06000008,E99999999,EMIS,EMIS
P81053,BRIERCLIFFE SURGERY,BB10 2EZ,53.810402,-2.212861,E07000117,E10000017,EMIS,EMIS
P81054,MARTON MEDICAL PRACTICE,FY3 9ES,53.812843,-3.034524,E06000009,E99999999,EMIS,EMIS
P81055,BERRY LANE MEDICAL CENTRE,PR3 3JJ,53.831528,-2.602723,E07000124,E10000017,EMIS,EMIS
P81057,WORDEN MEDICAL CENTRE,PR25 1HR,53.689662,-2.709313,E07000126,E10000017,EMIS,EMIS
P81058,ST GEORGES SURGERY,BB2 3HS,53.738526,-2.475709,E06000008,E99999999,EMIS,EMIS
P81059,GREAT ECCLESTON HLTH CTR,PR3 0ZA,53.855187,-2.867908,E07000128,E10000017,EMIS,EMIS
P81061,REDLAM SURGERY,BB2 1UW,53.742599,-2.503835,E06000008,E99999999,EMIS,EMIS
P81062,REGENT HOUSE SURGERY,PR7 2DH,53.65034,-2.635368,E07000118,E10000017,EMIS,EMIS
P81063,ST PAULS MEDICAL CENTRE,FY1 2HH,53.828715,-3.053193,E06000009,E99999999,EMIS,EMIS
P81065,THE PENDLE MEDICAL PARTNERSHIP,BB18 6QT,53.915896,-2.144311,E07000122,E10000017,EMIS,EMIS
P81066,LAYTON MEDICAL CENTRE,FY3 7EN,53.827439,-3.027287,E06000009,E99999999,EMIS,EMIS
P81067,THE HEALTHCARE CENTRE,PR1 5AF,53.77616,-2.688405,E07000123,E10000017,EMIS,EMIS
P81069,PENDLESIDE MEDICAL PRACT,BB7 2JG,53.873967,-2.393201,E07000124,E10000017,EMIS,EMIS
P81070,PENDLE VIEW MEDICAL CENTRE,BB9 5RZ,53.826033,-2.232234,E07000122,E10000017,EMIS,EMIS
P81071,THE NEW HALL LANE PRACTICE,PR1 5NE,53.763937,-2.680483,E07000123,E10000017,EMIS,EMIS
P81072,GLENROYD MEDICAL CENTRE,FY2 0JG,53.849569,-3.033498,E06000009,E99999999,EMIS,EMIS
P81073,CLEVELEYS GROUP PRACTICE,FY5 3LF,53.875125,-3.042538,E06000009,E99999999,EMIS,EMIS
P81074,HIGHFIELD SURGERY,FY4 1TJ,53.781416,-3.04738,E06000009,E99999999,EMIS,EMIS
P81076,SANDY LANE SURGERY,PR25 2EB,53.689505,-2.694712,E07000126,E10000017,EMIS,EMIS
P81077,HOLLAND HOUSE SURGERY,FY8 5DZ,53.739574,-2.950368,E07000119,E10000017,EMIS,EMIS
P81078,BARNOLDSWICK MED CTR,BB18 5BG,53.915192,-2.185854,E07000122,E10000017,EMIS,EMIS
P81079,THE THORNTON PRACTICE,FY5 2TZ,53.876839,-3.014547,E07000128,E10000017,EMIS,EMIS
P81081,ARNOLD MEDICAL CENTRE,FY4 2EF,53.789695,-3.038023,E06000009,E99999999,EMIS,EMIS
P81082,THE RYAN MEDICAL CENTRE,PR5 6JD,53.730415,-2.663632,E07000126,E10000017,EMIS,EMIS
P81083,ROSLEA SURGERY,PR5 6PE,53.73381,-2.662548,E07000126,E10000017,EMIS,EMIS
P81084,HALL GREEN SURGERY,WN8 0AB,53.540745,-2.741349,E07000127,E10000017,EMIS,EMIS
P81086,BROADWAY MEDICAL CENTRE,FY7 8GU,53.91268,-3.033837,E07000128,E10000017,EMIS,EMIS
P81087,THE OVER-WYRE MED.CTR.,FY6 0FA,53.928215,-2.976486,E07000128,E10000017,EMIS,EMIS
P81088,WHITWORTH MEDICAL CENTRE,OL12 8QS,53.661184,-2.173956,E07000125,E10000017,EMIS,EMIS
P81089,THE MOUNT VIEW PRACTICE,FY7 6HP,53.920969,-3.01041,E07000128,E10000017,EMIS,EMIS
P81092,THE CRESCENT SURGERY,FY5 3LF,53.875125,-3.042538,E06000009,E99999999,EMIS,EMIS
P81095,THURSBY SURGERY,BB10 3BF,53.800679,-2.231683,E07000117,E10000017,EMIS,EMIS
P81096,PARBOLD SURGERY,WN8 7DN,53.592749,-2.773141,E07000127,E10000017,EMIS,EMIS
P81099,HASLINGDEN HEALTHCARE,BB4 5SL,53.703968,-2.324673,E07000125,E10000017,EMIS,EMIS
P81100,THE CASTLE MEDICAL GROUP,BB7 2JG,53.873967,-2.393201,E07000124,E10000017,EMIS,EMIS
P81103,NORTH PRESTON MEDICAL PRACTICE,PR2 9TH,53.791337,-2.715157,E07000123,E10000017,EMIS,EMIS
P81107,STONEBRIDGE SURGERY,PR3 3AP,53.827609,-2.608242,E07000124,E10000017,EMIS,EMIS
P81112,BEACON PRIMARY CARE,WN8 8LA,53.550182,-2.806747,E07000127,E10000017,EMIS,EMIS
P81113,PARK VIEW SURGERY,LA7 7PS,54.227652,-2.77111,E06000064,E99999999,EMIS,EMIS
P81115,BLOOMFIELD MEDICAL CENTRE,FY1 6JW,53.804431,-3.043641,E06000009,E99999999,EMIS,EMIS
P81117,CENTRAL PARK SURGERY,PR25 2TD,53.69533,-2.696065,E07000126,E10000017,EMIS,EMIS
P81118,ILEX VIEW MEDICAL PRACTICE,BB4 7PL,53.700825,-2.280662,E07000125,E10000017,EMIS,EMIS
P81119,LANE ENDS SURGERY,PR2 2JJ,53.770189,-2.727011,E07000123,E10000017,EMIS,EMIS
P81123,PWE PENDLE VALLEY MILL,BB9 7SR,53.83803,-2.218913,E07000122,E10000017,EMIS,EMIS
P81125,OAKENHURST MEDICAL PRACTICE,BB2 1AX,53.750392,-2.488673,E06000008,E99999999,EMIS,EMIS
P81127,GAB HEALTHCARE,PR7 1HR,53.653726,-2.635888,E07000118,E10000017,EMIS,EMIS
P81128,KIRKHAM HEALTH CENTRE,PR4 2DL,53.781954,-2.878538,E07000119,E10000017,EMIS,EMIS
P81129,ASH TREE HOUSE SURGERY,PR4 2SE,53.783491,-2.871255,E07000119,E10000017,EMIS,EMIS
P81130,PADIHAM GROUP PRACTICE,BB12 8BP,53.800563,-2.313806,E07000117,E10000017,EMIS,EMIS
P81132,WATERFOOT MEDICAL PRACTICE,BB4 7DN,53.691326,-2.251826,E07000125,E10000017,EMIS,EMIS
P81133,THE VILLAGE PRACTICE,FY5 2TZ,53.876839,-3.014547,E07000128,E10000017,EMIS,EMIS
P81136,DR A BISARYA,WN8 8LA,53.550182,-2.806747,E07000127,E10000017,EMIS,EMIS
P81137,BURNLEY WOOD MEDICAL CENTRE,BB11 3HR,53.784214,-2.235751,E07000117,E10000017,EMIS,EMIS
P81138,BURSCOUGH FAMILY PRACTICE,L40 4LA,53.602373,-2.840111,E07000127,E10000017,EMIS,EMIS
P81140,DARWEN HEALTHLINK,BB3 1PY,53.69576,-2.471425,E06000008,E99999999,EMIS,EMIS
P81143,WHITTLE SURGERY,PR6 7PY,53.693744,-2.638763,E07000118,E10000017,EMIS,EMIS
P81147,ARG HEALTHCARE,BB5 0AL,53.752786,-2.375445,E07000120,E10000017,EMIS,EMIS
P81149,LOCKWOOD GP SURGERY,FY6 7PU,53.850962,-2.989827,E07000128,E10000017,EMIS,EMIS
P81150,PARCLIFFE MEDICAL CENTRE,FY8 2EP,53.754721,-3.03076,E07000119,E10000017,EMIS,EMIS
P81154,GRANVILLE HOUSE MED CTRE,PR6 9PY,53.615313,-2.598458,E07000118,E10000017,EMIS,EMIS
P81155,BROWNHILL SURGERY,BB1 9BA,53.77529,-2.479327,E06000008,E99999999,EMIS,EMIS
P81157,FERNBANK SURGERY,FY8 5DZ,53.739574,-2.950368,E07000119,E10000017,EMIS,EMIS
P81159,STONYHILL MEDICAL PRACTICE,FY4 1TJ,53.781416,-3.04738,E06000009,E99999999,EMIS,EMIS
P81160,OSWALD MEDICAL CENTRE,BB5 1RP,53.752455,-2.383449,E07000120,E10000017,EMIS,EMIS
P81165,IGHTENHILL MEDICAL CENTRE,BB12 0HL,53.793405,-2.267271,E07000117,E10000017,EMIS,EMIS
P81166,DR BELLO'S SURGERY,BB5 1RT,53.752343,-2.384874,E07000120,E10000017,EMIS,EMIS
P81167,STEPPING STONE PRACTICE,BB1 1XA,53.747543,-2.456705,E06000008,E99999999,EMIS,EMIS
P81169,FISHERGATE HILL SURGERY,PR1 8DN,53.754455,-2.714363,E07000123,E10000017,EMIS,EMIS
P81170,NELSON MEDICAL PRACTICE,BB9 7SR,53.83803,-2.218913,E07000122,E10000017,EMIS,EMIS
P81171,THE EUXTON MEDICAL CENTRE,PR7 6AH,53.669033,-2.676833,E07000118,E10000017,EMIS,EMIS
P81172,NEWTON DRIVE HEALTH CENTRE,FY3 8NX,53.825257,-3.014395,E06000009,E99999999,EMIS,EMIS
P81179,LOSTOCK HALL MEDICAL CTR.,PR5 5AB,53.727518,-2.688033,E07000126,E10000017,EMIS,EMIS
P81180,CLAYTON BROOK SURGERY,PR5 8ES,53.712158,-2.637602,E07000118,E10000017,EMIS,EMIS
P81181,KINGSFOLD MEDICAL CENTRE,PR1 9BX,53.735882,-2.723917,E07000126,E10000017,EMIS,EMIS
P81182,RICHMOND MEDICAL CENTRE,BB5 1RT,53.752343,-2.384874,E07000120,E10000017,EMIS,EMIS
P81184,RIBBLETON MEDICAL CENTRE,PR2 6RD,53.776817,-2.661011,E07000123,E10000017,EMIS,EMIS
P81185,RIVERSIDE MEDICAL CENTRE,PR5 4AY,53.748164,-2.672312,E07000126,E10000017,EMIS,EMIS
P81186,MOSS SIDE MEDICAL CENTRE,PR26 7XL,53.690464,-2.726832,E07000126,E10000017,EMIS,EMIS
P81191,QUEENSWAY MEDICAL CENTRE,FY6 7ST,53.846584,-2.995378,E07000128,E10000017,EMIS,EMIS
P81196,ISSA MEDICAL CENTRE - PATEL,PR1 6YA,53.770309,-2.686837,E07000123,E10000017,EMIS,EMIS
P81197,ROSEGROVE SURGERY,BB12 6HY,53.789152,-2.279735,E07000117,E10000017,EMIS,EMIS
P81201,ASHURST PRIMARY CARE,WN8 6QS,53.563224,-2.772723,E07000127,E10000017,EMIS,EMIS
P81208,EXCEL PRIMARY CARE,WN8 9BW,53.538343,-2.758901,E07000127,E10000017,EMIS,EMIS
P81212,HAZELVALLEY FAMILY PRACTICE,BB4 5SL,53.703968,-2.324673,E07000125,E10000017,EMIS,EMIS
P81213,ST. MARY'S HEALTH CENTRE,PR1 0SR,53.747433,-2.729589,E07000126,E10000017,EMIS,EMIS
P81214,LIMEFIELD SURGERY,BB2 6PL,53.749897,-2.503892,E06000008,E99999999,EMIS,EMIS
P81218,THE CLAYTON MEDICAL CTR.,BB5 5HU,53.774348,-2.384029,E07000120,E10000017,EMIS,EMIS
P81620,SLAIDBURN HEALTH CENTRE,BB7 3EP,53.967326,-2.444002,E07000124,E10000017,EMIS,EMIS
P81622,SHIFA SURGERY,BB1 6DY,53.75731,-2.475997,E06000008,E99999999,EMIS,EMIS
P81633,SPRING-FENISCO HEALTHLINK,BB3 1BZ,53.691249,-2.466589,E06000008,E99999999,EMIS,EMIS
P81646,LATHOM HOUSE SURGERY,L40 4LA,53.602373,-2.840111,E07000127,E10000017,EMIS,EMIS
P81647,GUTTERIDGE MEDICAL CENTRE,PR1 6LL,53.769879,-2.691276,E07000123,E10000017,EMIS,EMIS
P81655,THE VILLAGE SURGERIES CROSTON&ECCLESTON,PR26 9HJ,53.662044,-2.772561,E07000118,E10000017,EMIS,EMIS
P81664,THE PARK MEDICAL PRACTICE,PR2 1JR,53.770196,-2.739042,E07000123,E10000017,EMIS,EMIS
P81668,FLEETWOOD SURGERY,FY7 8GU,53.91268,-3.033837,E07000128,E10000017,EMIS,EMIS
P81674,STANLEY COURT SURGERY,L40 4LA,53.602373,-2.840111,E07000127,E10000017,EMIS,EMIS
P81681,NORTH SHORE SURGERY,FY2 0JG,53.849569,-3.033498,E06000009,E99999999,EMIS,EMIS
P81683,OLIVE MEDICAL CENTRE,BB1 7EP,53.752324,-2.484191,E06000008,E99999999,EMIS,EMIS
P81685,DR ALI GUTTRIDGE MEDICAL CENTRE,PR1 6LL,53.769879,-2.691276,E07000123,E10000017,EMIS,EMIS
P81686,ROSSENDALE VALLEY MEDICAL PRACTICE,BB4 5SL,53.703968,-2.324673,E07000125,E10000017,EMIS,EMIS
P81687,NEW LONGTON SURGERY,PR4 4LU,53.724248,-2.743525,E07000126,E10000017,EMIS,EMIS
P81692,BEECHES MEDICAL CENTRE,PR4 5AB,53.725664,-2.790429,E07000126,E10000017,EMIS,EMIS
P81694,FAMILY PRACTICE,BB2 1AX,53.750392,-2.488673,E06000008,E99999999,EMIS,EMIS
P81695,AUGHTON SURGERY,L39 6SE,53.543638,-2.902224,E07000127,E10000017,EMIS,EMIS
P81699,HIGHER HEYS SURGERY,BB5 3BP,53.74088,-2.394093,E07000120,E10000017,EMIS,EMIS
P81701,DR DAWOUD'S SURGERY,PR6 7EH,53.710599,-2.641594,E07000118,E10000017,EMIS,EMIS
P81704,BLAKEWATER HEALTHCARE,BB1 9SR,53.764984,-2.473915,E06000008,E99999999,EMIS,EMIS
P81707,WILLIAM HOPWOOD STREET SURGERY,BB1 1LX,53.746487,-2.464806,E06000008,E99999999,EMIS,EMIS
P81709,ROMAN ROAD HEALTH CENTRE,BB2 3UY,53.728446,-2.4722,E06000008,E99999999,EMIS,EMIS
P81710,TARLETON GROUP PRACTICE,PR4 6UJ,53.679283,-2.832996,E07000127,E10000017,EMIS,EMIS
P81714,ABBEY DALE MEDICAL CENTRE,FY4 5AU,53.788168,-3.024309,E06000009,E99999999,EMIS,EMIS
P81721,HOLLINS GROVE SURGERY,BB3 1ET,53.705362,-2.47747,E06000008,E99999999,EMIS,EMIS
P81724,PRINGLE STREET SURGERY,BB1 1SB,53.742054,-2.467592,E06000008,E99999999,EMIS,EMIS
P81726,KING STREET MEDICAL CTR,BB5 1RT,53.752343,-2.384874,E07000120,E10000017,EMIS,EMIS
P81730,GREAT HARWOOD MEDICAL GROUP,BB6 7QR,53.788368,-2.403646,E07000120,E10000017,EMIS,EMIS
P81731,DR JEHANGIR (SH),BB9 7SR,53.83803,-2.218913,E07000122,E10000017,EMIS,EMIS
P81732,HARAMBEE SURGERY,BB8 8QU,53.847723,-2.136794,E07000122,E10000017,EMIS,EMIS
P81734,THE CORNERSTONE PRACTICE,BB1 2HR,53.739837,-2.452862,E06000008,E99999999,EMIS,EMIS
P81735,DR A HUSSAIN,PR2 6NH,53.770762,-2.657274,E07000123,E10000017,EMIS,EMIS
P81736,WHITEFIELD HEALTHCARE,BB9 7SR,53.83803,-2.218913,E07000122,E10000017,EMIS,EMIS
P81740,ADLINGTON MEDICAL CENTRE,PR6 9NW,53.618561,-2.596009,E07000118,E10000017,EMIS,EMIS
P81741,STATION SURGERY,PR25 1HR,53.689662,-2.709313,E07000126,E10000017,EMIS,EMIS
P81742,BEECHWOOD SURGERY,FY5 5HH,53.871582,-3.009051,E07000128,E10000017,EMIS,EMIS
P81748,BRIARWOOD MEDICAL CENTRE,PR2 1HY,53.769748,-2.735954,E07000123,E10000017,EMIS,EMIS
P81755,THE WEAVERS PRACTICE,BB1 4LA,53.768459,-2.414211,E07000120,E10000017,EMIS,EMIS
P81757,BARROWFORD SURGERY,BB9 8QP,53.848545,-2.223786,E07000122,E10000017,EMIS,EMIS
P81770,AVENHAM SURGERY,PR1 3RG,53.756992,-2.693946,E07000123,E10000017,EMIS,EMIS
P81771,PRIMROSE BANK MEDICAL CENTRE,BB1 5ER,53.752557,-2.475519,E06000008,E99999999,EMIS,EMIS
P81780,RIVERSIDE FAMILY PRACTICE,BB11 2DL,53.791442,-2.239131,E07000117,E10000017,EMIS,EMIS
P82001,THE DUNSTAN PARTNERSHIP,BL2 6NT,53.58237,-2.384277,E08000001,E99999999,EMIS,EMIS
P82002,PIKES LANE 1,BL3 5HP,53.572744,-2.446346,E08000001,E99999999,TPP,TPP
P82003,KILDONAN HOUSE,BL6 5NW,53.594804,-2.545363,E08000001,E99999999,TPP,TPP
P82004,SWAN LANE MEDICAL CENTRE,BL3 6TL,53.566961,-2.442389,E08000001,E99999999,TPP,TPP
P82005,STABLE FOLD SURGERY,BL5 3SF,53.552405,-2.52343,E08000001,E99999999,TPP,TPP
P82006,"PIKE VIEW, DR MALHOTRA & PARTNERS",BL6 5PY,53.598485,-2.542327,E08000001,E99999999,EMIS,EMIS
P82007,KEARSLEY MEDICAL CENTRE,BL4 8EP,53.543221,-2.382836,E08000001,E99999999,TPP,TPP
P82008,STONEHILL MEDICAL CENTRE,BL4 9QZ,53.543651,-2.402443,E08000001,E99999999,TPP,TPP
P82009,ST HELENS ROAD PRACTICE,BL3 3RR,53.559568,-2.457847,E08000001,E99999999,EMIS,EMIS
P82010,DALEFIELD SURGERY,BL1 4JP,53.588183,-2.451811,E08000001,E99999999,EMIS,EMIS
P82011,TONGE FOLD HEALTH CENTRE,BL2 6DY,53.579135,-2.40577,E08000001,E99999999,EMIS,EMIS
P82012,OCTAGON MEDICAL CENTRE,BL1 1SQ,53.577119,-2.43206,E08000001,E99999999,EMIS,EMIS
P82013,THE BOLTON FAMILY PRACTICE,BL3 6RN,53.56564,-2.432441,E08000001,E99999999,EMIS,EMIS
P82014,SPRING HOUSE SURGERY,BL1 6AF,53.58839,-2.463551,E08000001,E99999999,EMIS,EMIS
P82015,UNSWORTH GROUP PRACTICE,BL5 3UB,53.550474,-2.508554,E08000001,E99999999,TPP,TPP
P82016,HARWOOD MEDICAL CENTRE,BL2 3HQ,53.604085,-2.398151,E08000001,E99999999,EMIS,EMIS
P82018,THE ALASTAIR ROSS MEDICAL PRACTICE,BL2 6NT,53.58237,-2.384277,E08000001,E99999999,EMIS,EMIS
P82020,LITTLE LEVER HEALTH CENTRE 1,BL3 1HH,53.562266,-2.371957,E08000001,E99999999,EMIS,EMIS
P82021,THE OAKS FAMILY PRACTICE,BL1 8UP,53.597502,-2.415224,E08000001,E99999999,EMIS,EMIS
P82022,DR RIZWAN AND DR AWAN,BL1 3RG,53.588338,-2.431736,E08000001,E99999999,EMIS,EMIS
P82023,MANDALAY MEDICAL CENTRE,BL1 7LR,53.610583,-2.432114,E08000001,E99999999,EMIS,EMIS
P82025,BURNSIDE SURGERY,BL1 8TT,53.590447,-2.427769,E08000001,E99999999,TPP,TPP
P82029,HALLIWELL SURGERY 2,BL1 3RG,53.588338,-2.431736,E08000001,E99999999,EMIS,EMIS
P82030,DEANE MEDICAL CENTRE,BL3 5AH,53.572715,-2.441982,E08000001,E99999999,EMIS,EMIS
P82031,HEATON MEDICAL CENTRE,BL1 5PU,53.587999,-2.469348,E08000001,E99999999,EMIS,EMIS
P82033,BRADFORD STREET SURGERY,BL2 1HT,53.576854,-2.418223,E08000001,E99999999,EMIS,EMIS
P82034,EDGWORTH MEDICAL CENTRE,BL7 9RG,53.617605,-2.426381,E08000001,E99999999,EMIS,EMIS
P82036,LITTLE LEVER HEALTH CENTRE 2,BL3 1HH,53.562266,-2.371957,E08000001,E99999999,EMIS,EMIS
P82037,FIG TREE MEDICAL PRACTICE,BL4 9AH,53.546138,-2.397758,E08000001,E99999999,EMIS,EMIS
P82607,CROMPTON VIEW SURGERY,BL1 8UP,53.597502,-2.415224,E08000001,E99999999,EMIS,EMIS
P82609,SHANTI MEDICAL CENTRE,BL3 3PH,53.563386,-2.451456,E08000001,E99999999,EMIS,EMIS
P82613,SPRING VIEW MEDICAL CENTRE,BL3 1HQ,53.560852,-2.36974,E08000001,E99999999,EMIS,EMIS
P82616,BEEHIVE SURGERY,BL3 2JR,53.564177,-2.41917,E08000001,E99999999,EMIS,EMIS
P82624,ORIENT HOUSE MEDICAL CENTRE,BL3 5QE,53.568959,-2.460817,E08000001,E99999999,EMIS,EMIS
P82625,"DR SIDDA'S SURGERY, WATERS MEETING HC",BL1 8TT,53.590447,-2.427769,E08000001,E99999999,EMIS,EMIS
P82626,HALLIWELL SURGERY 3,BL1 3RG,53.588338,-2.431736,E08000001,E99999999,EMIS,EMIS
P82627,CORNERSTONE SURGERY,BL1 6AH,53.588171,-2.457401,E08000001,E99999999,EMIS,EMIS
P82629,DR S NASEEF,BL3 5HP,53.572744,-2.446346,E08000001,E99999999,EMIS,EMIS
P82633,GREAT LEVER ONE,BL3 6RN,53.56564,-2.432441,E08000001,E99999999,EMIS,EMIS
P82634,WYRESDALE ROAD SURGERY,BL1 4DN,53.581575,-2.452194,E08000001,E99999999,EMIS/TPP,EMIS
P82640,AL FAL MEDICAL GROUP,BL3 5HP,53.572744,-2.446346,E08000001,E99999999,EMIS,EMIS
P82643,BROMLEY MEADOWS SURGERY,BL7 9RG,53.617605,-2.426381,E08000001,E99999999,EMIS,EMIS
P82652,FARNWORTH FAMILY PRACTICE,BL4 9AH,53.546138,-2.397758,E08000001,E99999999,EMIS,EMIS
P82660,DEANE CLINIC 1,BL3 4LU,53.567776,-2.464443,E08000001,E99999999,EMIS,EMIS
P83001,FAIRFAX GROUP PRACTICE,M25 1BT,53.533845,-2.283568,E08000002,E99999999,EMIS,EMIS
P83004,THE UPLANDS MEDICAL PRACTICE,M45 8GH,53.548583,-2.295816,E08000002,E99999999,EMIS,EMIS
P83005,TOWNSIDE SURGERY,BL9 0SN,53.590325,-2.298978,E08000002,E99999999,EMIS/EVERGREENLIFE,EMIS
P83006,RAMSBOTTOM MEDICAL PRACTICE,BL0 9DD,53.648796,-2.319286,E08000002,E99999999,EMIS/EVERGREENLIFE,EMIS
P83007,RADCLIFFE MEDICAL PRACTICE,M26 2SP,53.560186,-2.323629,E08000002,E99999999,EMIS,EMIS
P83009,BLACKFORD HOUSE MEDICAL CENTRE,BL9 8QA,53.574203,-2.283415,E08000002,E99999999,EMIS,EMIS
P83010,MONARCH MEDICAL CENTRE,M26 2QZ,53.564213,-2.316821,E08000002,E99999999,EMIS,EMIS
P83011,UNSWORTH MEDICAL CENTRE,BL9 8JR,53.560672,-2.273089,E08000002,E99999999,EMIS,EMIS
P83012,TOWER FAMILY HEALTHCARE,BL8 4AD,53.614768,-2.341446,E08000002,E99999999,EMIS/EVERGREENLIFE,EMIS
P83015,RIBBLESDALE MEDICAL PRACTICE,BL9 0SN,53.590325,-2.298978,E08000002,E99999999,EMIS/EVERGREENLIFE,EMIS
P83017,WOODBANK SURGERY,BL8 1EG,53.605086,-2.3088,E08000002,E99999999,EMIS,EMIS
P83021,PEEL GPS,BL9 0SN,53.590325,-2.298978,E08000002,E99999999,EMIS,EMIS
P83024,KNOWSLEY MEDICAL CENTRE,BL9 0ST,53.588515,-2.300612,E08000002,E99999999,EMIS,EMIS
P83025,ST GABRIEL'S MEDICAL CENTRE,M25 0HT,53.520825,-2.265789,E08000002,E99999999,EMIS/EVERGREENLIFE,EMIS
P83027,GREYLAND MEDICAL CENTRE,M25 1NL,53.537682,-2.27617,E08000002,E99999999,EMIS,EMIS
P83603,RED BANK GROUP PRACTICE,M26 2SP,53.560186,-2.323629,E08000002,E99999999,EMIS/EVERGREENLIFE,EMIS
P83605,WHITTAKER LANE MED CENTRE,M25 1EX,53.528486,-2.268658,E08000002,E99999999,EMIS/EVERGREENLIFE,EMIS
P83608,THE ELMS MEDICAL CENTRE,M45 7FD,53.553249,-2.295199,E08000002,E99999999,EMIS,EMIS
P83609,THE BIRCHES MEDICAL CENTRE,M25 2GN,53.538377,-2.271089,E08000002,E99999999,EMIS,EMIS
P83611,WALMERSLEY ROAD MEDICAL PRACTICE,BL9 6DX,53.599894,-2.289556,E08000002,E99999999,EMIS,EMIS
P83612,MILE LANE HEALTH CENTRE,BL8 2JR,53.587829,-2.335247,E08000002,E99999999,EMIS/EVERGREENLIFE,EMIS
P83620,GARDEN CITY MEDICAL CENTRE,BL0 9TN,53.629531,-2.330375,E08000002,E99999999,EMIS/EVERGREENLIFE,EMIS
P83621,HUNTLEY MOUNT MEDICAL CENTRE,BL9 6JA,53.600217,-2.278587,E08000002,E99999999,EMIS,EMIS
P83623,LONGFIELD MEDICAL PRACTICE,M25 1BT,53.533845,-2.283568,E08000002,E99999999,EMIS/EVERGREENLIFE,EMIS
P84004,FIVE OAKS FAMILY PRACTICE,M11 3BB,53.475706,-2.194469,E08000003,E99999999,EMIS,EMIS
P84005,VALLANCE MEDICAL,M13 9UJ,53.469802,-2.22454,E08000003,E99999999,EMIS,EMIS
P84009,AILSA CRAIG MEDICAL CENTRE,M13 0YL,53.454191,-2.208541,E08000003,E99999999,EMIS,EMIS
P84010,THE BORCHARDT MEDICAL CENTRE,M20 1EB,53.434307,-2.237795,E08000003,E99999999,EMIS,EMIS
P84012,NORTHENDEN GROUP PRACTICE,M22 4DH,53.406431,-2.265032,E08000003,E99999999,EMIS,EMIS
P84014,RK MEDICAL PRACTICE,M22 9UH,53.386739,-2.255633,E08000003,E99999999,EMIS,EMIS
P84016,LEVENSHULME MEDICAL PRACTICE,M19 3BX,53.446368,-2.188523,E08000003,E99999999,EMIS,EMIS
P84017,LADYBARN GROUP PRACTICE,M20 4SS,53.429939,-2.21396,E08000003,E99999999,EMIS,EMIS
P84018,MAULDETH MEDICAL CENTRE,M14 6SQ,53.434839,-2.213428,E08000003,E99999999,EMIS,EMIS
P84019,VALENTINE MEDICAL CENTRE,M9 8PP,53.515718,-2.21308,E08000003,E99999999,EMIS,EMIS
P84020,PEEL HALL MEDICAL CENTRE,M22 5RX,53.379941,-2.265017,E08000003,E99999999,EMIS,EMIS
P84021,THE MAPLES MEDICAL CENTRE,M23 2SY,53.384862,-2.286712,E08000003,E99999999,EMIS,EMIS
P84022,KINGSWAY MEDICAL PRACTICE,M19 1UG,53.420153,-2.212692,E08000003,E99999999,EMIS,EMIS
P84023,SURREY LODGE PRACTICE,M14 5BY,53.458281,-2.218726,E08000003,E99999999,EMIS,EMIS
P84024,BOWLAND MEDICAL PRACTICE,M23 1JX,53.393153,-2.285265,E08000003,E99999999,EMIS,EMIS
P84025,ST GEORGE'S MEDICAL CENTRE,M40 5HP,53.509682,-2.18903,E08000003,E99999999,EMIS,EMIS
P84026,DICKENSON ROAD MEDICAL CENTRE,M13 0WQ,53.456107,-2.202285,E08000003,E99999999,EMIS,EMIS
P84027,WEST POINT MEDICAL CENTRE,M19 2AF,53.445994,-2.197585,E08000003,E99999999,EMIS,EMIS
P84028,GORTON MEDICAL CENTRE,M18 8HE,53.462189,-2.175881,E08000003,E99999999,EMIS,EMIS
P84029,BENCHILL MEDICAL PRACTICE,M22 9UH,53.386739,-2.255633,E08000003,E99999999,EMIS,EMIS
P84030,NEW COLLEGIATE MEDICAL CENTRE,M8 0DA,53.504394,-2.236075,E08000003,E99999999,EMIS,EMIS
P84032,DRS HANIF & BANNURU,M11 4EJ,53.484324,-2.184155,E08000003,E99999999,EMIS,EMIS
P84033,BEACON MEDICAL CENTRE,M9 0FN,53.534358,-2.219209,E08000003,E99999999,EMIS,EMIS
P84034,BARLOW MEDICAL CENTRE,M20 2RN,53.413178,-2.231433,E08000003,E99999999,EMIS,EMIS
P84035,BODEY MEDICAL CENTRE,M14 6WP,53.440652,-2.214797,E08000003,E99999999,EMIS,EMIS
P84037,ARDWICK MEDICAL PRACTICE,M13 9UJ,53.469802,-2.22454,E08000003,E99999999,EMIS,EMIS
P84038,ASHVILLE SURGERY,M16 9RT,53.452536,-2.268044,E08000003,E99999999,EMIS/EVERGREENLIFE,EMIS
P84039,THE RANGE MEDICAL CENTRE,M16 8EE,53.452326,-2.257065,E08000003,E99999999,EMIS,EMIS
P84040,CONRAN MEDICAL CENTRE,M9 5BH,53.510563,-2.210656,E08000003,E99999999,EMIS,EMIS
P84041,CORNERSTONE FAMILY PRACTICE,M11 3AA,53.474438,-2.195096,E08000003,E99999999,EMIS,EMIS
P84042,FLORENCE HOUSE MEDICAL PRACTICE,M11 1JG,53.472591,-2.162034,E08000003,E99999999,EMIS,EMIS
P84043,CORNISHWAY GROUP PRACTICE,M22 5RX,53.379941,-2.265017,E08000003,E99999999,EMIS,EMIS
P84045,THE PARK MEDICAL CENTRE,M23 9AB,53.401056,-2.28807,E08000003,E99999999,EMIS,EMIS
P84046,CHEETHAM HILL MEDICAL CENTRE,M8 8AU,53.500835,-2.235844,E08000003,E99999999,EMIS,EMIS
P84047,ALL SAINTS MEDICAL CENTRE,M40 2JF,53.501011,-2.181197,E08000003,E99999999,EMIS,EMIS
P84048,TREGENNA GROUP PRACTICE,M22 0EP,53.370756,-2.256528,E08000003,E99999999,EMIS,EMIS
P84049,THE AVENUE MEDICAL CENTRE,M9 6BA,53.533194,-2.211674,E08000003,E99999999,EMIS,EMIS
P84050,MOUNT ROAD SURGERY,M18 7BQ,53.459826,-2.181398,E08000003,E99999999,EMIS,EMIS
P84051,EASTLANDS MEDICAL CENTRE,M11 4EJ,53.484324,-2.184155,E08000003,E99999999,EMIS,EMIS
P84052,WEST GORTON MEDICAL PRACTICE,M12 5JE,53.467205,-2.203859,E08000003,E99999999,EMIS,EMIS
P84053,ASHCROFT SURGERY,M19 3BS,53.445465,-2.191168,E08000003,E99999999,EMIS,EMIS
P84054,WHITLEY ROAD MEDICAL CENTRE,M40 7QH,53.494946,-2.222698,E08000003,E99999999,EMIS,EMIS
P84056,PRINCESS ROAD SURGERY,M20 1BH,53.44039,-2.243625,E08000003,E99999999,EMIS/EVERGREENLIFE,EMIS
P84059,LIME SQUARE MEDICAL CENTRE,M11 1DA,53.473665,-2.1649,E08000003,E99999999,EMIS,EMIS
P84061,BROOKLANDS MEDICAL PRACTICE,M23 9JH,53.401062,-2.303847,E08000003,E99999999,EMIS,EMIS
P84064,NEW ISLINGTON MEDICAL CENTRE,M4 6EE,53.482835,-2.219621,E08000003,E99999999,EMIS,EMIS
P84065,CHURCH VIEW MEDICAL CENTRE,M9 4BE,53.512058,-2.213619,E08000003,E99999999,EMIS,EMIS
P84066,DAVID MEDICAL CENTRE,M21 8HA,53.431977,-2.268728,E08000003,E99999999,EMIS,EMIS
P84067,HAZELDENE MEDICAL CENTRE,M40 3HD,53.516203,-2.161371,E08000003,E99999999,EMIS,EMIS
P84068,CHORLTON FAMILY PRACTICE,M21 9NJ,53.44379,-2.279718,E08000003,E99999999,EMIS,EMIS
P84070,NEWTON HEATH MEDICAL CENTRE,M40 2JF,53.501011,-2.181197,E08000003,E99999999,EMIS,EMIS
P84071,WILBRAHAM SURGERY,M21 0UF,53.442335,-2.271518,E08000003,E99999999,EMIS,EMIS
P84072,THE ROBERT DARBISHIRE PRACTICE,M14 5NP,53.454635,-2.226162,E08000003,E99999999,EMIS,EMIS
P84074,WELLFIELD MEDICAL CENTRE,M8 9JT,53.512561,-2.242017,E08000003,E99999999,EMIS,EMIS
P84605,FERNCLOUGH SURGERY,M9 5RD,53.505906,-2.216151,E08000003,E99999999,EMIS,EMIS
P84611,BRUNSWICK MEDICAL PRACTICE,M13 9UJ,53.469802,-2.22454,E08000003,E99999999,EMIS,EMIS
P84626,WILMSLOW ROAD SURGERY,M14 5LQ,53.45217,-2.222821,E08000003,E99999999,EMIS,EMIS
P84630,THE ARCH MEDICAL PRACTICE,M15 5TJ,53.467757,-2.249611,E08000003,E99999999,EMIS,EMIS
P84635,THE WHITSWOOD PRACTICE,M16 7AP,53.455785,-2.253502,E08000003,E99999999,EMIS,EMIS
P84637,DR KHAN'S PRACTICE,M11 4EJ,53.484324,-2.184155,E08000003,E99999999,EMIS,EMIS
P84639,FALLOWFIELD MEDICAL CENTRE,M14 6YL,53.438839,-2.213508,E08000003,E99999999,EMIS,EMIS
P84644,PARKSIDE SURGERY,M12 5RU,53.453205,-2.190842,E08000003,E99999999,EMIS,EMIS
P84645,PARK VIEW MEDICAL CENTRE,M8 4RF,53.51852,-2.233303,E08000003,E99999999,EMIS,EMIS
P84650,THE ALEXANDRA PRACTICE,M16 8NG,53.443142,-2.255745,E08000003,E99999999,EMIS/EVERGREENLIFE,EMIS
P84651,NORTHERN MOOR MEDICAL PRACTICE,M23 0PH,53.408065,-2.28511,E08000003,E99999999,EMIS,EMIS
P84663,THE NEVILLE FAMILY CENTRE,M9 8DX,53.522831,-2.22111,E08000003,E99999999,EMIS,EMIS
P84665,WITHINGTON MEDICAL PRACTICE,M20 4BA,53.430946,-2.228399,E08000003,E99999999,EMIS,EMIS
P84669,CORNBROOK MEDICAL PRACTICE,M15 4EA,53.468158,-2.259872,E08000003,E99999999,EMIS,EMIS
P84672,WOODLANDS MEDICAL PRACTICE,M23 9RL,53.40664,-2.31213,E08000003,E99999999,EMIS,EMIS
P84673,ANCOATS URBAN VILLAGE MEDICAL PRACTICE,M4 6EE,53.482835,-2.219621,E08000003,E99999999,EMIS,EMIS
P84678,DIDSBURY MEDICAL CENTRE - DR WHITAKER,M20 2ER,53.429718,-2.249163,E08000003,E99999999,EMIS,EMIS
P84679,WILLOWBANK SURGERY,M9 4WH,53.509946,-2.208316,E08000003,E99999999,EMIS,EMIS
P84683,THE DOC'S SURGERY,M1 3LY,53.476948,-2.238062,E08000003,E99999999,EMIS,EMIS
P84684,CRUMPSALL MEDICAL PRACTICE,M8 5RB,53.517898,-2.229499,E08000003,E99999999,EMIS,EMIS
P84689,MANCHESTER INTEGRATIVE MEDICAL PRACTICE,M13 0RR,53.4576,-2.201886,E08000003,E99999999,EMIS,EMIS
P84690,DAM HEAD MEDICAL CENTRE,M9 7HD,53.526155,-2.212318,E08000003,E99999999,EMIS,EMIS
P85002,ST MARY'S MEDICAL CENTRE,OL1 3UL,53.543642,-2.108552,E08000004,E99999999,EMIS,EMIS
P85003,THE CHOWDHURY PRACTICE,OL1 1NL,53.54384,-2.116942,E08000004,E99999999,EMIS,EMIS
P85004,CHADDERTON MEDICAL PRACTICE,OL9 0LH,53.545575,-2.14218,E08000004,E99999999,EMIS,EMIS
P85005,LEESBROOK SURGERY,OL4 3DG,53.538807,-2.072658,E08000004,E99999999,EMIS,EMIS
P85007,OLDHAM FAMILY PRACTICE,OL1 1NL,53.54384,-2.116942,E08000004,E99999999,EMIS,EMIS
P85010,WOODLANDS MEDICAL PRACTICE,OL9 0LH,53.545575,-2.14218,E08000004,E99999999,EMIS,EMIS
P85011,CH MEDICAL PRACTICE,OL9 8NH,53.533131,-2.145081,E08000004,E99999999,EMIS,EMIS
P85012,OLDHAM MEDICAL SERVICES,OL8 3HF,53.525357,-2.111235,E08000004,E99999999,EMIS,EMIS
P85013,THE ROYTON & CROMPTON FAMILY PRACTICE,OL2 6QW,53.566109,-2.121594,E08000004,E99999999,EMIS,EMIS
P85014,HOPWOOD HOUSE MEDICAL PRACTICE,OL4 1JN,53.542125,-2.095465,E08000004,E99999999,EMIS,EMIS
P85015,ALEXANDRA GROUP MED PRACT,OL4 1YN,53.537802,-2.095093,E08000004,E99999999,EMIS,EMIS
P85016,SADDLEWORTH MEDICAL PRACTICE,OL3 6AH,53.548348,-2.004955,E08000004,E99999999,EMIS,EMIS
P85017,OAK GABLES MEDICAL PRACTICE,OL2 8BF,53.584419,-2.090183,E08000004,E99999999,EMIS,EMIS
P85018,MD FAMILY PRACTICE,OL9 7AY,53.53731,-2.130534,E08000004,E99999999,EMIS,EMIS
P85019,ROYTON MEDICAL CENTRE,OL2 5QL,53.566464,-2.12611,E08000004,E99999999,EMIS,EMIS
P85020,SPRINGFIELD HOUSE,OL4 2RJ,53.54893,-2.082712,E08000004,E99999999,EMIS,EMIS
P85021,GREENBANK MEDICAL PRACTICE,OL4 1BN,53.537945,-2.096165,E08000004,E99999999,EMIS,EMIS
P85022,LEES MEDICAL PRACTICE,OL4 3BP,53.540297,-2.074879,E08000004,E99999999,EMIS,EMIS
P85026,QUAYSIDE MEDICAL PRACTICE,M35 0AD,53.509855,-2.156748,E08000004,E99999999,EMIS,EMIS
P85601,JALAL PRACTICE,OL1 1NL,53.54384,-2.116942,E08000004,E99999999,EMIS,EMIS
P85605,LITTLETOWN FAMILY MED PRACT,OL8 4LR,53.529153,-2.134296,E08000004,E99999999,EMIS,EMIS
P85606,MOORSIDE MEDICAL PRACTICE,OL1 4JU,53.561455,-2.076954,E08000004,E99999999,EMIS,EMIS
P85608,PERKINS PRACTICE,OL1 1NL,53.54384,-2.116942,E08000004,E99999999,EMIS,EMIS
P85610,MEDLOCK MEDICAL PRACTICE,M35 0AD,53.509855,-2.156748,E08000004,E99999999,EMIS,EMIS
P85612,WERNETH MEDICAL PRACTICE,OL9 7AY,53.53731,-2.130534,E08000004,E99999999,EMIS,EMIS
P85614,VILLAGE MEDICAL PRACTICE,OL2 8BF,53.584419,-2.090183,E08000004,E99999999,EMIS,EMIS
P85615,KAPUR FAMILY CARE,OL9 7AY,53.53731,-2.130534,E08000004,E99999999,EMIS,EMIS
P85622,GLODWICK MEDICAL PRACTICE,OL4 1YN,53.537802,-2.095093,E08000004,E99999999,EMIS,EMIS
P86001,MILNROW VILLAGE PRACTICE,OL16 4JF,53.603292,-2.103839,E08000005,E99999999,EMIS,EMIS
P86002,DR GWD BHIMA,OL11 1DN,53.611633,-2.154238,E08000005,E99999999,EMIS,EMIS
P86003,EDENFIELD ROAD SURGERY,OL11 5AQ,53.622297,-2.188672,E08000005,E99999999,EMIS,EMIS
P86004,PETERLOO MEDICAL CENTRE,M24 4DZ,53.546776,-2.206158,E08000005,E99999999,EMIS,EMIS
P86005,YORKSHIRE ST SURGERY,OL16 2DN,53.620462,-2.152214,E08000005,E99999999,EMIS,EMIS
P86006,ASHWORTH STREET SURGERY,OL12 6RT,53.619581,-2.16565,E08000005,E99999999,EMIS,EMIS
P86007,WELLFIELD HEALTH CENTRE,OL11 1AD,53.607039,-2.147617,E08000005,E99999999,EMIS,EMIS
P86008,MARK STREET SURGERY,OL12 9BE,53.624246,-2.144638,E08000005,E99999999,EMIS,EMIS
P86009,CASTLETON HEALTH CENTRE,OL11 3HY,53.597049,-2.182984,E08000005,E99999999,EMIS,EMIS
P86010,THE JUNCTION SURGERY,M24 2AU,53.541873,-2.174913,E08000005,E99999999,EMIS,EMIS
P86011,LONGFORD STREET MEDICAL CENTRE,OL10 4NH,53.594275,-2.218522,E08000005,E99999999,EMIS,EMIS
P86012,WOODSIDE MEDICAL CENTRE,M24 5QL,53.556363,-2.213285,E08000005,E99999999,EMIS,EMIS
P86013,HEALEY SURGERY,OL12 0SN,53.633103,-2.162785,E08000005,E99999999,EMIS,EMIS
P86014,CROFT SHIFA HEALTH CENTRE,OL16 2UP,53.622652,-2.139598,E08000005,E99999999,EMIS,EMIS
P86015,ROCHDALE ROAD MEDICAL CENTRE,M24 2PU,53.556752,-2.195701,E08000005,E99999999,EMIS,EMIS
P86016,HEYWOOD HEALTH,OL10 3SD,53.587386,-2.239333,E08000005,E99999999,EMIS,EMIS
P86017,INSPIRE MEDICAL CENTRE,OL16 2UY,53.622762,-2.138252,E08000005,E99999999,EMIS,EMIS
P86018,LITTLEBOROUGH GROUP PRACTICE,OL15 8HF,53.643011,-2.103348,E08000005,E99999999,EMIS,EMIS
P86019,DURNFORD MEDICAL CENTRE,M24 6DL,53.554054,-2.197031,E08000005,E99999999,EMIS,EMIS
P86021,PENNINE SURGERY,OL15 8HF,53.643011,-2.103348,E08000005,E99999999,EMIS,EMIS
P86022,STONEFIELD STREET SURGERY,OL16 4JF,53.603292,-2.103839,E08000005,E99999999,EMIS,EMIS
P86023,HOPWOOD MEDICAL CENTRE,OL10 2BS,53.587159,-2.21205,E08000005,E99999999,EMIS,EMIS
P86026,THE DAWES FAMILY PRACTICE,OL12 6RX,53.619473,-2.165423,E08000005,E99999999,EMIS,EMIS
P86602,HEADY HILL SURGERY,OL10 4RG,53.593673,-2.241619,E08000005,E99999999,EMIS,EMIS
P86606,FAMILY PRACTICE,M24 4EN,53.55473,-2.216356,E08000005,E99999999,EMIS,EMIS
P86608,THE VILLAGE MEDICAL CTR.,OL15 8AQ,53.642773,-2.097993,E08000005,E99999999,EMIS,EMIS
P86609,THE DALE MEDICAL PRACTICE,OL11 1DN,53.611633,-2.154238,E08000005,E99999999,EMIS,EMIS
P86614,DR A HAMID,OL11 1DN,53.611633,-2.154238,E08000005,E99999999,EMIS,EMIS
P86619,DR MB GHAFOOR & PARTNERS,OL11 1DN,53.611633,-2.154238,E08000005,E99999999,EMIS,EMIS
P86620,WINDERMERE SURGERY,M24 5WF,53.559845,-2.206056,E08000005,E99999999,EMIS,EMIS
P86624,TRINITY MEDICAL CENTRE,OL15 8AR,53.642457,-2.099399,E08000005,E99999999,EMIS,EMIS
P87002,THE POPLARS MEDICAL PRACTICE,M27 0NA,53.51062,-2.341708,E08000006,E99999999,EMIS,EMIS
P87004,1/SALFORD MEDICAL PRACTICE,M6 5PP,53.487223,-2.294576,E08000006,E99999999,EMIS,EMIS
P87008,WALKDEN MEDICAL CENTRE,M28 3AT,53.522959,-2.397525,E08000006,E99999999,EMIS,EMIS
P87015,PENDLETON MEDICAL CENTRE,M6 5FX,53.488361,-2.284742,E08000006,E99999999,EMIS,EMIS
P87016,THE SIDES MEDICAL PRACTICE,M27 0EW,53.505945,-2.35423,E08000006,E99999999,EMIS,EMIS
P87017,THE LIMES MEDICAL PRACTICE,M28 3AT,53.522959,-2.397525,E08000006,E99999999,EMIS,EMIS
P87019,SILVERDALE MEDICAL PRACTICE,M27 8HP,53.518811,-2.331473,E08000006,E99999999,EMIS,EMIS
P87020,ST ANDREWS MEDICAL CENTRE,M30 0NU,53.484892,-2.339618,E08000006,E99999999,EMIS,EMIS
P87022,MOCHA PARADE MEDICAL PRACTICE,M7 3SE,53.50229,-2.278111,E08000006,E99999999,EMIS,EMIS
P87024,3/SPRINGFIELD HOUSE MEDICAL PRACTICE,M30 8QD,53.480268,-2.362017,E08000006,E99999999,EMIS,EMIS
P87025,THE LAKES MEDICAL PRACTICE,M27 4AF,53.509205,-2.333721,E08000006,E99999999,EMIS,EMIS
P87026,NEWBURY GREEN MEDICAL PRACTICE,M7 4NX,53.506995,-2.26047,E08000006,E99999999,EMIS,EMIS
P87027,LANGWORTHY MEDICAL PRACTICE,M6 5WW,53.489371,-2.294772,E08000006,E99999999,EMIS,EMIS
P87028,THE GILL MEDICAL PRACTICE,M28 3DR,53.524304,-2.398383,E08000006,E99999999,EMIS,EMIS
P87032,ORIENT ROAD MEDICAL PRACTICE,M6 8LE,53.494199,-2.325433,E08000006,E99999999,EMIS,EMIS
P87035,ORDSALL HEALTH SURGERY,M5 3PH,53.473998,-2.28097,E08000006,E99999999,EMIS,EMIS
P87040,SORREL BANK MEDICAL PRACTICE,M6 7HL,53.493361,-2.294814,E08000006,E99999999,EMIS,EMIS
P87610,THE MOSSLANDS MEDICAL PRACTICE,M44 5LH,53.437941,-2.432257,E08000006,E99999999,EMIS,EMIS
P87613,CLEGGS LANE MEDICAL PRACTICE/129,M38 9RS,53.534956,-2.419334,E08000006,E99999999,EMIS,EMIS
P87620,1/MONTON MEDICAL PRACTICE,M30 8AR,53.491879,-2.356977,E08000006,E99999999,EMIS,EMIS
P87624,ELLENBROOK MEDICAL CENTRE,M28 1PB,53.511202,-2.41355,E08000006,E99999999,EMIS,EMIS
P87625,DEARDEN AVENUE MEDICAL PRACTICE,M28 0BB,53.527408,-2.41855,E08000006,E99999999,EMIS,EMIS
P87627,ORCHARD MEDICAL PRACTICE,M28 1LZ,53.502916,-2.420948,E08000006,E99999999,EMIS,EMIS
P87630,CHERRY MEDICAL PRACTICE,M28 0BB,53.527408,-2.41855,E08000006,E99999999,EMIS,EMIS
P87634,CLARENDON SURGERY,M6 5FX,53.488361,-2.284742,E08000006,E99999999,EMIS,EMIS
P87639,CORNERSTONE MEDICAL PRACTICE,M6 5QQ,53.483802,-2.296918,E08000006,E99999999,EMIS,EMIS
P87648,REUT MEDICAL PRACTICE,M7 4NX,53.506995,-2.26047,E08000006,E99999999,EMIS,EMIS
P87649,CHAPEL GROUP MEDICAL CENTRE,M44 6FE,53.44911,-2.418292,E08000006,E99999999,EMIS,EMIS
P87654,DR A CHAUDHRY & DR I JEET,M7 1RD,53.493606,-2.258805,E08000006,E99999999,EMIS,EMIS
P87657,(IRLAM) SALFORD CARE CTRS MEDICAL PRACTI,M44 6DP,53.449123,-2.417072,E08000006,E99999999,EMIS,EMIS
P87658,THE WILLOWS MEDICAL PRACTICE,M5 5JR,53.485478,-2.309137,E08000006,E99999999,EMIS,EMIS
P87661,MANCHESTER ROAD EAST MEDICAL PRACTICE,M28 0BB,53.527408,-2.41855,E08000006,E99999999,EMIS,EMIS
P88002,MARPLE BRIDGE SURGERY,SK6 5AA,53.40061,-2.053322,E08000007,E99999999,EMIS,EMIS
P88003,MANOR MEDICAL PRACTICE,SK2 5AR,53.403483,-2.136712,E08000007,E99999999,EMIS,EMIS
P88005,FAMILY SURGERY,SK5 6RN,53.44592,-2.156963,E08000007,E99999999,EMIS,EMIS
P88006,MARPLE COTTAGE SURGERY,SK6 6BW,53.392741,-2.061041,E08000007,E99999999,EMIS,EMIS
P88007,CHEADLE HULME MEDICAL GROUP,SK8 6LU,53.366492,-2.191356,E08000007,E99999999,EMIS,EMIS
P88008,HEATON MERSEY MED.PRACT.,SK4 3BT,53.412535,-2.205117,E08000007,E99999999,EMIS,EMIS
P88009,WOODLEY VILLAGE SURGERY,SK6 1ND,53.426306,-2.09966,E08000007,E99999999,EMIS,EMIS
P88011,HEATON NORRIS MEDICAL PRACTICE,SK4 1JX,53.416548,-2.167929,E08000007,E99999999,EMIS,EMIS
P88012,BEECH HOUSE MEDICAL PRACT,SK7 4QR,53.379423,-2.118146,E08000007,E99999999,EMIS,EMIS
P88013,CARITAS GENERAL PRACTICE PARTNERSHIP,SK3 0RQ,53.400391,-2.194606,E08000007,E99999999,EMIS,EMIS
P88014,ADSHALL ROAD MEDICAL PRAC,SK8 2JN,53.39006,-2.191071,E08000007,E99999999,EMIS,EMIS
P88015,BRAMHALL HEALTH CENTRE,SK7 2DY,53.360143,-2.163049,E08000007,E99999999,EMIS,EMIS
P88016,BRAMHALL & SHAW HEATH MEDICAL GROUP,SK7 3EP,53.376054,-2.162343,E08000007,E99999999,EMIS,EMIS
P88017,CHADSFIELD MEDICAL PRACTICE,SK6 4QR,53.415015,-2.089929,E08000007,E99999999,EMIS,EMIS
P88018,PARK VIEW GROUP PRACTICE,SK5 6ET,53.445493,-2.160575,E08000007,E99999999,EMIS,EMIS
P88019,ALVANLEY FAMILY PRACTICE,SK6 1ND,53.426306,-2.09966,E08000007,E99999999,EMIS,EMIS
P88020,CHEADLE MEDICAL PRACTICE,SK8 1BH,53.393761,-2.213539,E08000007,E99999999,EMIS,EMIS
P88021,MARPLE MEDICAL PRACTICE,SK6 6AB,53.39495,-2.064954,E08000007,E99999999,EMIS,EMIS
P88023,HEALD GREEN HEALTH CENTRE 2,SK8 3JD,53.369894,-2.229275,E08000007,E99999999,EMIS,EMIS
P88024,GATLEY MEDICAL CENTRE,SK8 4DG,53.39381,-2.235344,E08000007,E99999999,EMIS,EMIS
P88025,HULME HALL MEDICAL GROUP,SK8 6LU,53.366492,-2.191356,E08000007,E99999999,EMIS,EMIS
P88026,HEATON MOOR MEDICAL GROUP,SK4 4NX,53.424835,-2.180391,E08000007,E99999999,EMIS,EMIS
P88031,BRACONDALE MEDICAL CENTRE,SK2 6EQ,53.394015,-2.147088,E08000007,E99999999,EMIS,EMIS
P88041,THE VILLAGE SURGERY,SK7 2DN,53.359196,-2.165224,E08000007,E99999999,EMIS,EMIS
P88042,FINNEY LANE SURGERY,SK8 3JD,53.369894,-2.229275,E08000007,E99999999,EMIS,EMIS
P88043,BRINNINGTON SURGERY,SK5 8BS,53.427667,-2.132365,E08000007,E99999999,EMIS,EMIS
P88044,BREDBURY MEDICAL CENTRE,SK6 2AH,53.422931,-2.114052,E08000007,E99999999,EMIS,EMIS
P88606,SPRINGFIELD SURGERY,SK7 4AA,53.382114,-2.122934,E08000007,E99999999,EMIS,EMIS
P88615,VERNON PARK SURGERY,SK1 2EX,53.418415,-2.142794,E08000007,E99999999,EMIS,EMIS
P88623,HIGH LANE MEDICAL CENTRE,SK6 8DR,53.364995,-2.075293,E08000007,E99999999,EMIS,EMIS
P88625,ARCHWOOD MEDICAL PRACTICE,SK6 1ND,53.426306,-2.09966,E08000007,E99999999,EMIS,EMIS
P88632,STOCKPORT MEDICAL GROUP,SK3 9NX,53.40289,-2.177787,E08000007,E99999999,EMIS,EMIS
P89002,THE BROOKE SURGERY,SK14 1AT,53.452152,-2.081214,E08000008,E99999999,EMIS/EVERGREENLIFE,EMIS
P89003,ALBION MEDICAL PRACTICE,OL6 6HF,53.48962,-2.088476,E08000008,E99999999,EMIS,EMIS
P89004,AWBURN HOUSE MEDICAL PRACTICE,SK14 6LA,53.458121,-2.010999,E08000008,E99999999,EMIS,EMIS
P89005,LOCKSIDE MEDICAL CENTRE,SK15 2PT,53.484961,-2.046285,E08000008,E99999999,EMIS,EMIS
P89006,PENNINE MEDICAL CENTRE,OL5 9AJ,53.515354,-2.040964,E08000008,E99999999,EMIS,EMIS
P89007,STAVELEIGH MEDICAL CENTRE,SK15 2AE,53.484587,-2.05825,E08000008,E99999999,TPP,TPP
P89008,ASHTON MEDICAL GROUP,OL6 6EW,53.489521,-2.088807,E08000008,E99999999,EMIS,EMIS
P89010,MEDLOCK VALE MEDICAL PRACTICE,M43 7BW,53.479078,-2.142501,E08000008,E99999999,EMIS,EMIS
P89011,GORDON STREET MEDICAL CENTRE,OL6 6NE,53.492926,-2.078052,E08000008,E99999999,EMIS,EMIS
P89012,CLARENDON MEDICAL CENTRE,SK14 2AQ,53.452657,-2.079951,E08000008,E99999999,EMIS/EVERGREENLIFE,EMIS
P89013,HATTERSLEY GROUP PRACTICE,SK14 3EH,53.450245,-2.027425,E08000008,E99999999,EMIS,EMIS
P89014,HAUGHTON THORNLEY MEDICAL CENTRES,SK14 1JY,53.446763,-2.076115,E08000008,E99999999,EMIS,EMIS
P89015,MILLGATE HEALTHCARE PARTNERSHIP,M34 2AJ,53.455618,-2.118463,E08000008,E99999999,EMIS,EMIS
P89016,DONNEYBROOK MEDICAL CENTRE,SK14 2AH,53.452647,-2.080237,E08000008,E99999999,EMIS/EVERGREENLIFE,EMIS
P89018,DENTON MEDICAL PRACTICE,M34 3JE,53.459953,-2.115523,E08000008,E99999999,EMIS,EMIS
P89020,HT PRACTICE,OL7 0NW,53.478322,-2.110496,E08000008,E99999999,EMIS,EMIS
P89021,DUKINFIELD MEDICAL PRACTICE,SK16 4DB,53.476555,-2.083417,E08000008,E99999999,EMIS,EMIS
P89022,KING STREET MEDICAL CENTRE,SK16 4JZ,53.478606,-2.093456,E08000008,E99999999,EMIS,EMIS
P89023,ST. ANDREW'S HOUSE SURGERY,SK15 2AU,53.484668,-2.059094,E08000008,E99999999,EMIS,EMIS
P89025,TOWN HALL SURGERY,SK16 4LD,53.47839,-2.092973,E08000008,E99999999,EMIS,EMIS
P89026,GROSVENOR MEDICAL CENTRE,SK15 1RZ,53.481468,-2.059105,E08000008,E99999999,EMIS,EMIS
P89029,MARKET STREET MEDICAL PRACTICE,M43 6DE,53.478958,-2.145619,E08000008,E99999999,EMIS,EMIS
P89030,WEST END MEDICAL CENTRE,OL7 0LH,53.48085,-2.107519,E08000008,E99999999,EMIS,EMIS
P89602,THE SMITHY SURGERY,SK14 8LJ,53.461079,-1.995802,E08000008,E99999999,EMIS,EMIS
P89609,STAMFORD HOUSE,OL6 9QH,53.493663,-2.078641,E08000008,E99999999,EMIS,EMIS
P89612,MOSSLEY MEDICAL PRACTICE,OL5 9AB,53.51405,-2.040631,E08000008,E99999999,EMIS,EMIS
P89613,WATERLOO MEDICAL CENTRE,OL7 9EJ,53.498794,-2.103916,E08000008,E99999999,EMIS,EMIS
P89618,PIKE MEDICAL PRACTICE,OL5 0HE,53.517878,-2.045641,E08000008,E99999999,EMIS,EMIS
P91003,PARK MEDICAL PRACTICE,WA15 7XR,53.398559,-2.315695,E08000009,E99999999,EMIS,EMIS
P91004,ALTRINCHAM MEDICAL PRACTICE,WA14 2DD,53.384527,-2.351613,E08000009,E99999999,EMIS,EMIS
P91006,URMSTON GROUP PRACTICE,M41 8AA,53.452491,-2.394066,E08000009,E99999999,EMIS/EVERGREENLIFE,EMIS
P91007,TIMPERLEY HEALTH CENTRE (WESTWOOD),WA15 6PH,53.397244,-2.323566,E08000009,E99999999,EMIS,EMIS
P91008,SHAY LANE MEDICAL CENTRE (KELMAN),WA15 8NZ,53.372205,-2.315559,E08000009,E99999999,EMIS,EMIS
P91009,DAVYHULME MEDICAL CENTRE,M41 7WJ,53.459499,-2.366781,E08000009,E99999999,EMIS,EMIS
P91011,SHAY LANE MEDICAL CENTRE (PATEL),WA15 8NZ,53.372205,-2.315559,E08000009,E99999999,EMIS,EMIS
P91012,PRIMROSE SURGERY,M41 7AB,53.456175,-2.35731,E08000009,E99999999,EMIS/EVERGREENLIFE,EMIS
P91013,BOUNDARY HOUSE MEDICAL CENTRE,M33 2RH,53.415652,-2.288937,E08000009,E99999999,EMIS/EVERGREENLIFE,EMIS
P91014,WASHWAY ROAD MEDICAL CENTRE,M33 7SS,53.422417,-2.328392,E08000009,E99999999,EMIS/EVERGREENLIFE,EMIS
P91016,WEST TIMPERLEY MEDICAL CENTRE,WA14 5PF,53.402715,-2.353117,E08000009,E99999999,EMIS,EMIS
P91017,BODMIN ROAD HEALTH CENTRE,M33 5JH,53.428139,-2.351718,E08000009,E99999999,EMIS/EVERGREENLIFE,EMIS
P91018,DELAMERE MEDICAL PRACTICE,M32 0DF,53.450859,-2.30738,E08000009,E99999999,EMIS,EMIS
P91019,PARTINGTON CENTRAL SURGERY,M31 4FL,53.417784,-2.42617,E08000009,E99999999,EMIS,EMIS
P91020,LIMELIGHT HEALTH AND WELLBEING HUB,M16 9NW,53.461412,-2.26197,E08000009,E99999999,EMIS,EMIS
P91021,FIRSWAY HEALTH CENTRE,M33 4BR,53.421305,-2.355468,E08000009,E99999999,EMIS,EMIS
P91026,PARTINGTON FAMILY PRACTICE,M31 4FL,53.417784,-2.42617,E08000009,E99999999,EMIS,EMIS
P91029,FLIXTON ROAD MEDICAL CENTRE,M41 5BG,53.448267,-2.362664,E08000009,E99999999,EMIS/EVERGREENLIFE,EMIS
P91035,CONWAY ROAD MEDICAL PRACTICE,M33 2TB,53.417889,-2.303562,E08000009,E99999999,EMIS,EMIS
P91603,BARRINGTON MEDICAL CENTRE,WA14 1PF,53.387183,-2.352958,E08000009,E99999999,EMIS,EMIS
P91604,ST JOHNS MEDICAL CENTRE,WA14 1PF,53.387183,-2.352958,E08000009,E99999999,EMIS,EMIS
P91617,FAMILY SURGERY,WA14 1LL,53.39621,-2.346055,E08000009,E99999999,EMIS,EMIS
P91623,VILLAGE SURGERY,WA15 6PH,53.397244,-2.323566,E08000009,E99999999,EMIS,EMIS
P91627,LOSTOCK MEDICAL CENTRE,M32 9PA,53.45464,-2.32852,E08000009,E99999999,EMIS,EMIS
P91629,NORTH TRAFFORD GROUP PRACTICE,M32 0PA,53.453953,-2.299421,E08000009,E99999999,EMIS/EVERGREENLIFE,EMIS
P91631,RIDDINGS FAMILY HEALTH CENTRE,WA15 6BP,53.40444,-2.331292,E08000009,E99999999,EMIS,EMIS
P92001,MEDICENTRE,WN4 9AZ,53.487546,-2.639264,E08000010,E99999999,TPP,TPP
P92002,BRAITHWAITE RD SURGERY,WA3 2HY,53.477428,-2.574985,E08000010,E99999999,EMIS,EMIS
P92003,THE DICCONSON GROUP PRACTICE,WN6 7LB,53.549482,-2.644891,E08000010,E99999999,EMIS/EVERGREENLIFE,EMIS
P92004,DR TUN & PARTNERS,WN2 3HQ,53.532117,-2.583571,E08000010,E99999999,EMIS/EVERGREENLIFE,EMIS
P92005,ZAMAN,WN3 5HL,53.529408,-2.643772,E08000010,E99999999,TPP,TPP
P92006,DR AHMAD & PTNRS,WN2 5NG,53.522295,-2.595924,E08000010,E99999999,TPP/EVERGREENLIFE,TPP
P92007,OLD HENRY STREET MED CTR,WN7 2PG,53.493535,-2.511926,E08000010,E99999999,TPP/EVERGREENLIFE,TPP
P92008,BRADSHAW MEDICAL CENTRE,WN5 0AB,53.537904,-2.688594,E08000010,E99999999,EMIS/EVERGREENLIFE,EMIS
P92010,BEECH HILL MEDICAL PRACTICE,WN6 7PD,53.555669,-2.644351,E08000010,E99999999,TPP/EVERGREENLIFE,TPP
P92011,SULLIVAN WAY SURGERY,WN1 3TB,53.549169,-2.622533,E08000010,E99999999,EMIS/EVERGREENLIFE,EMIS
P92012,HIGH STREET SURGERY,WA3 3GS,53.47988,-2.595496,E08000010,E99999999,TPP/EVERGREENLIFE,TPP
P92014,STANDISH MEDICAL PRACTICE,WN6 0HD,53.584471,-2.660453,E08000010,E99999999,EMIS/EVERGREENLIFE,EMIS
P92015,ASPULL SURGERY,WN2 1XH,53.569614,-2.586036,E08000010,E99999999,EMIS,EMIS
P92016,PENNYGATE MEDICAL CENTRE,WN2 2QG,53.540018,-2.57627,E08000010,E99999999,TPP/EVERGREENLIFE,TPP
P92017,SHEVINGTON SURGERY,WN6 8ET,53.574057,-2.69942,E08000010,E99999999,EMIS/EVERGREENLIFE,EMIS
P92019,PEMBERTON SURGERY,WN5 9QX,53.538479,-2.669697,E08000010,E99999999,EMIS/EVERGREENLIFE,EMIS
P92020,SIVAKUMAR & PARTNER,M29 7BS,53.500119,-2.455593,E08000010,E99999999,EMIS/EVERGREENLIFE,EMIS
P92021,NEWTOWN MEDICAL PRACTICE,WN5 9QX,53.538479,-2.669697,E08000010,E99999999,EMIS/EVERGREENLIFE,EMIS
P92023,BROOKMILL MEDICAL CENTRE,WN7 2RB,53.496457,-2.509579,E08000010,E99999999,EMIS/EVERGREENLIFE,EMIS
P92024,KUMAR FAMILY PRACTICE,WN3 5HL,53.529408,-2.643772,E08000010,E99999999,TPP,TPP
P92026,LONGSHOOT MEDICAL PRACTICE,WN1 3NH,53.549685,-2.620126,E08000010,E99999999,EMIS/EVERGREENLIFE,EMIS
P92028,ELLIOTT STREET SURGERY,M29 8FL,53.514151,-2.469211,E08000010,E99999999,EMIS/EVERGREENLIFE,EMIS
P92029,WESTLEIGH MEDICAL PRACTICE,WN7 5JE,53.510867,-2.526023,E08000010,E99999999,TPP/EVERGREENLIFE,TPP
P92030,DR SEABROOK,WN1 2AZ,53.551445,-2.632499,E08000010,E99999999,EMIS/EVERGREENLIFE,EMIS
P92031,PLATT HOUSE SURGERY,WN2 5NG,53.522295,-2.595924,E08000010,E99999999,TPP/EVERGREENLIFE,TPP
P92033,"THE SURGERY, TYLDESLEY",M29 8AL,53.514626,-2.469684,E08000010,E99999999,EMIS,EMIS
P92034,BRYN CROSS SURGERY,WN4 0AR,53.500913,-2.647441,E08000010,E99999999,TPP/EVERGREENLIFE,TPP
P92038,SAXENA L,WN3 6JN,53.521306,-2.668959,E08000010,E99999999,TPP,TPP
P92041,SSP HEALTH LIMITED ASHTON MEDICAL CENTRE,WN4 9SU,53.494807,-2.642856,E08000010,E99999999,EMIS,EMIS
P92042,DR KK CHAN & PARTNERS,M46 9DE,53.524202,-2.489022,E08000010,E99999999,EMIS/EVERGREENLIFE,EMIS
P92602,FOXLEIGH FAMILY SURGERY,WN7 2PE,53.493535,-2.511926,E08000010,E99999999,EMIS/EVERGREENLIFE,EMIS
P92605,BOOTHSTOWN MEDICAL CENTRE,M29 8RZ,53.510553,-2.431835,E08000010,E99999999,EMIS/EVERGREENLIFE,EMIS
P92607,GRASMERE SURGERY,WN7 1HR,53.503236,-2.511455,E08000010,E99999999,TPP,TPP
P92615,THE AVENUE SURGERY,WN7 1HR,53.503236,-2.511455,E08000010,E99999999,TPP/EVERGREENLIFE,TPP
P92620,INCE SURGERY,WN3 4NW,53.534937,-2.614585,E08000010,E99999999,EMIS,EMIS
P92621,PREMIER HEALTH TEAM,WN7 2PE,53.493535,-2.511926,E08000010,E99999999,EMIS,EMIS
P92626,MEADOWVIEW SURGERY,M46 0LE,53.527505,-2.500811,E08000010,E99999999,EMIS/EVERGREENLIFE,EMIS
P92630,GOLBORNE SURGERY,WA3 3GS,53.47988,-2.595496,E08000010,E99999999,EMIS,EMIS
P92633,BEE FOLD MEDICAL CENTRE,M46 0BD,53.521389,-2.499758,E08000010,E99999999,EMIS,EMIS
P92634,MESNES VIEW SURGERY,WN1 1ST,53.550822,-2.633048,E08000010,E99999999,EMIS/EVERGREENLIFE,EMIS
P92635,DR VASANTH,M46 0LE,53.527505,-2.500811,E08000010,E99999999,EMIS,EMIS
P92637,ASTLEY GENERAL PRACTICE,M29 7BY,53.500432,-2.458265,E08000010,E99999999,EMIS,EMIS
P92639,FAMILY MEDICAL PRACTICE,WA3 3GS,53.47988,-2.595496,E08000010,E99999999,TPP/EVERGREENLIFE,TPP
P92642,MARUS BRIDGE PRACTICE,WN3 5HL,53.529408,-2.643772,E08000010,E99999999,TPP/EVERGREENLIFE,TPP
P92646,DR VARDHAN'S SURGERY,M29 7HG,53.500786,-2.447912,E08000010,E99999999,EMIS,EMIS
P92647,SOUTH WIGAN MEDICAL PRACTICE,WN3 5HL,53.529408,-2.643772,E08000010,E99999999,TPP/EVERGREENLIFE,TPP
P92648,SLAG LANE MC,WA3 2EZ,53.478584,-2.575633,E08000010,E99999999,TPP,TPP
P92651,LOWTON & PLATT BRIDGE SURGERY,WA3 2AQ,53.471912,-2.561186,E08000010,E99999999,EMIS,EMIS
Y00020,THE GRANTHAM PRACTICE,SW9 9BH,51.470448,-0.124288,E09000022,E99999999,EMIS,EMIS
Y00026,THE OM SURGERY,NG15 7JP,53.034997,-1.205697,E07000170,E10000024,TPP,TPP
Y00033,PURFLEET CARE CENTRE,RM19 1SX,51.489743,0.235436,E06000034,E99999999,TPP/EVERGREENLIFE,TPP
Y00050,LILFORD & PENNINGTON PARK SURGERY,WN7 2PE,53.493535,-2.511926,E08000010,E99999999,TPP/EVERGREENLIFE,TPP
Y00056,CAMBRIDGE ACCESS SURGERY,CB5 8HB,52.20875,0.138701,E07000008,E10000003,TPP,TPP
Y00057,ANGEL SURGERY,N18 2FF,51.611099,-0.064927,E09000010,E99999999,EMIS,EMIS
Y00060,THE ANCHOR CENTRE,CV1 5FX,52.412353,-1.506635,E08000026,E99999999,EMIS,EMIS
Y00078,WINSHILL,DE15 0EP,52.805932,-1.595238,E07000193,E10000028,EMIS,EMIS
Y00080,HARBOUR MEDICAL PRACTICE,BN23 6DW,50.799445,0.328254,E07000061,E10000011,EMIS,EMIS
Y00090,THE DOCTORS HOUSE,IG3 8LF,51.56539,0.094217,E09000026,E99999999,EMIS,EMIS
Y00137,WILLOWS HEALTH,LE5 4LJ,52.636205,-1.089294,E06000016,E99999999,TPP,TPP
Y00140,TORCROSS MEDICAL CENTRE,CV2 3NF,52.419549,-1.469898,E08000026,E99999999,EMIS,EMIS
Y00155,GROVE SURGERY,RM6 4YU,51.576473,0.122567,E09000026,E99999999,TPP,TPP
Y00159,HALL GREEN HEALTH,B28 8BG,52.440946,-1.849706,E08000025,E99999999,EMIS,EMIS
Y00184,DILSTON MEDICAL CENTRE,NE4 5AB,54.976628,-1.640369,E08000021,E99999999,TPP,TPP
Y00185,CATHEDRAL MEDICAL CENTRE,CB6 1DN,52.413145,0.275488,E07000009,E10000003,TPP/EVERGREENLIFE,TPP
Y00186,3D MEDICAL CENTRE,BL3 5DP,53.573058,-2.444009,E08000001,E99999999,EMIS,EMIS
Y00200,PORTOBELLO MEDICAL CENTRE,W11 2EH,51.514855,-0.207182,E09000020,E99999999,TPP,TPP
Y00206,BURNLEY PRACTICE,NW10 3RY,51.542838,-0.235502,E09000005,E99999999,EMIS/EVERGREENLIFE,EMIS
Y00228,AMBAR MEDICAL CENTRE,WS1 4JQ,52.575108,-1.991349,E08000030,E99999999,EMIS,EMIS
Y00252,DR SJC CLAY'S PRACTICE,LE12 8RY,52.726439,-1.216611,E07000130,E10000018,EMIS,EMIS
Y00265,CHAPEL MEDICAL CENTRE,SL1 2BJ,51.505361,-0.59374,E06000039,E99999999,EMIS,EMIS
Y00278,DARLASTON HEALTH CENTRE,WS10 8SY,52.566185,-2.036318,E08000030,E99999999,EMIS,EMIS
Y00286,THE RAVENSCAR SURGERY,TS10 4NW,54.599299,-1.068807,E06000003,E99999999,TPP,TPP
Y00293,HEDINGHAM MEDICAL CENTRE,CO9 3BY,51.99007,0.598992,E07000067,E10000012,TPP,TPP
Y00297,THE HOLLIES SURGERY,PE38 9JE,52.603944,0.374345,E07000146,E10000020,TPP,TPP
Y00312,"THE ROBINS SURGERY, HAROLD HILL HEALTH C",RM3 9SU,51.606268,0.22492,E09000016,E99999999,EMIS,EMIS
Y00316,WOODLANDS MEDICAL PRACTICE,N2 8BG,51.592917,-0.170918,E09000003,E99999999,EMIS,EMIS
Y00344,LEICESTER CITY ASSIST PRACTICE,LE1 4SX,52.637338,-1.136115,E06000016,E99999999,TPP,TPP
Y00347,DR JACOBS SURGERY,PR7 2PA,53.653089,-2.635651,E07000118,E10000017,EMIS,EMIS
Y00351,LANGLEY CORNER SURGERY,RH11 0NF,51.125719,-0.212583,E07000226,E10000032,TPP,TPP
Y00352,HESA MEDICAL CENTRE - Y00352,UB3 4DS,51.505551,-0.419383,E09000017,E99999999,EMIS,EMIS
Y00399,DR PASQUALI,NN29 7AW,52.282172,-0.645717,E06000061,E99999999,TPP,TPP
Y00403,TROWBRIDGE PRACTICE,E9 5NE,51.545392,-0.02935,E09000012,E99999999,EMIS/EVERGREENLIFE,EMIS
Y00411,DEARNE VALLEY GROUP PRACTICE,S63 0LU,53.54745,-1.308688,E08000038,E99999999,TPP,TPP
Y00412,SOHO HEALTH CENTRE,B21 9RY,52.503109,-1.934939,E08000025,E99999999,EMIS,EMIS
Y00437,THE ORCHARD SURGERY,SL3 8HD,51.503443,-0.541972,E06000039,E99999999,EMIS,EMIS
Y00445,SALFORD PRIMARY CARE TOGETHER,M28 0BB,53.527408,-2.41855,E08000006,E99999999,EMIS,EMIS
Y00446,MAGHULL PRACTICE,L31 0DJ,53.515613,-2.943931,E08000014,E99999999,EMIS,EMIS
Y00469,DR SIMS AND PARTNERS,SS13 3HQ,51.567734,0.505558,E07000066,E10000012,TPP,TPP
Y00471,BROADWAY HEALTH CENTRE,B18 7BA,52.482794,-1.924117,E08000025,E99999999,EMIS,EMIS
Y00475,GARSWOOD SURGERY,WN4 0XD,53.49641,-2.681394,E08000013,E99999999,EMIS,EMIS
Y00486,BOTOLPH BRIDGE COMMUNITY HEALTH CENTRE,PE2 9QB,52.562613,-0.261543,E06000031,E99999999,TPP,TPP
Y00492,SUMMERFIELD GROUP PRACTICE,B18 7AL,52.487701,-1.937348,E08000025,E99999999,EMIS,EMIS
Y00507,ST. QUINTIN HEALTH CENTRE,W10 6NX,51.5192,-0.220301,E09000020,E99999999,TPP,TPP
Y00560,WOOTTON VALE AND SHORTSTOWN SURGERY,MK43 9JJ,52.0937,-0.52793,E06000055,E99999999,TPP,TPP
Y00568,FOXHAYES PRACTICE,EX4 2BH,50.726132,-3.549489,E07000041,E10000008,TPP,TPP
Y00612,GREEN CEDARS MEDICAL CENTRE,N18 1RP,51.616071,-0.073642,E09000010,E99999999,EMIS,EMIS
Y00726,THE HIVE HEALTH CENTRE,M24 2YJ,53.556846,-2.18767,E08000005,E99999999,EMIS,EMIS
Y00758,DR JO ARAYOMI'S PRACTICE,SS13 3HQ,51.567734,0.505558,E07000066,E10000012,TPP,TPP
Y00774,BRANDON MEDICAL PRACTICE,IP27 0AQ,52.448508,0.623324,E07000245,E10000029,TPP/EVERGREENLIFE,TPP
Y00902,THE WESTBOURNE GREEN SURGERY,W2 5ES,51.520874,-0.191551,E09000033,E99999999,TPP,TPP
Y00918,GRANVILLE MEDICAL CENTRE,IG1 4JY,51.563159,0.070986,E09000026,E99999999,EMIS,EMIS
Y00969,RAME GROUP PRACTICE,PL11 2TB,50.375776,-4.224905,E06000052,E99999999,EMIS,EMIS
Y00996,MERIDIAN PRACTICE,CV1 4FS,52.413455,-1.507828,E08000026,E99999999,EMIS,EMIS
Y00999,ODDFELLOWS HALL & ST CLEMENTS,RM17 5JY,51.480703,0.327934,E06000034,E99999999,TPP,TPP
Y01008,BAY MEDICAL GROUP,LA3 2LE,54.041719,-2.894058,E07000121,E10000017,EMIS,EMIS
Y01011,BARLBY SURGERY,W10 6DZ,51.522364,-0.217194,E09000020,E99999999,TPP/EVERGREENLIFE,TPP
Y01050,ROSMELLYN SURGERY,TR18 3DX,50.122359,-5.545153,E06000052,E99999999,EMIS,EMIS
Y01051,MORRAB SURGERY,TR18 4EL,50.116915,-5.539014,E06000052,E99999999,EMIS,EMIS
Y01057,HOMELESS HEALTH EXCHANGE,B15 1LZ,52.472642,-1.908471,E08000025,E99999999,EMIS,EMIS
Y01066,HANLEY PRIMARY CARE CENTRE,N4 3DU,51.567954,-0.120811,E09000019,E99999999,EMIS,EMIS
Y01068,AMAANAH MEDICAL PRACTICE,B8 1RZ,52.490852,-1.851953,E08000025,E99999999,EMIS,EMIS
Y01090,SMS MEDICAL PRACTICE,HA0 4UZ,51.549714,-0.306762,E09000005,E99999999,EMIS,EMIS
Y01108,FAIRFIELD SURGERY,WA1 3RB,53.396612,-2.571248,E06000007,E99999999,TPP,TPP
Y01118,ECCLESHILL VILLAGE SURGERY,BD2 2HX,53.821182,-1.725572,E08000032,E99999999,TPP,TPP
Y01127,NEETSIDE SURGERY,EX23 8LA,50.829123,-4.546429,E06000052,E99999999,TPP,TPP
Y01132,CHARTFIELD SURGERY,SW15 6HG,51.457191,-0.227666,E09000032,E99999999,EMIS,EMIS
Y01163,WEST COKER SURGERY,BA22 9AH,50.919417,-2.686479,E06000066,E99999999,EMIS,EMIS
Y01206,GLEBE ROAD SURGERY,SW13 0DR,51.473609,-0.242481,E09000027,E99999999,EMIS,EMIS
Y01221,SOMERSET FHP O,UB1 2TU,51.523142,-0.369013,E09000009,E99999999,TPP,TPP
Y01280,SHIFA MEDICAL PRACTICE,IG11 7RS,51.531446,0.081399,E09000002,E99999999,EMIS,EMIS
Y01281,THE VILLAGE SURGERY,PO8 8XL,50.89772,-1.016685,E07000090,E10000014,EMIS,EMIS
Y01291,CHINGFORD MEDICAL PRACTICE,E4 8LF,51.616084,-0.02252,E09000031,E99999999,EMIS,EMIS
Y01652,THE NEW SPRINGWELLS PRACTICE,NG34 0QQ,52.893646,-0.340796,E07000141,E10000019,TPP/EVERGREENLIFE,TPP
Y01655,THE VALE PRACTICE,N8 8SU,51.581478,-0.12581,E09000014,E99999999,EMIS,EMIS
Y01695,MP VICTORIA MILL,M40 7LH,53.489649,-2.21429,E08000003,E99999999,EMIS,EMIS
Y01719,PRIME PRACTICE PARTNERSHIP,RM10 9HU,51.535188,0.152139,E09000002,E99999999,EMIS,EMIS
Y01756,STOURSIDE MEDICAL PRACTICE,B63 3HN,52.449059,-2.049197,E08000027,E99999999,EMIS,EMIS
Y01794,RAVENSWOOD MEDICAL PRACTICE,IP3 9QJ,52.030381,1.199407,E07000202,E10000029,TPP,TPP
Y01795,THE OVAL PRACTICE,RM10 7YU,51.551343,0.15831,E09000002,E99999999,EMIS,EMIS
Y01812,HEARTWOOD MEDICAL PRACTICE,DE11 0AE,52.774906,-1.559325,E07000039,E10000007,TPP,TPP
Y01839,SINNOTT MEDICAL CENTRE,E17 6BD,51.593232,-0.036839,E09000031,E99999999,EMIS,EMIS
Y01922,STENNACK SURGERY,TR26 1RU,50.210846,-5.484446,E06000052,E99999999,EMIS,EMIS
Y01929,TELDOC,TF3 2BF,52.672489,-2.455701,E06000020,E99999999,EMIS,EMIS
Y01948,OPEN DOOR,DN32 7DL,53.572273,-0.068709,E06000012,E99999999,TPP,TPP
Y01964,BERRYCROFT COMMUNITY HEALTH CENTRE,HP18 1BB,51.836119,-0.850078,E06000060,E99999999,EMIS,EMIS
Y02002,ONE MEDICARE LLP-THE LIGHT,LS1 8TL,53.800063,-1.545675,E08000035,E99999999,TPP,TPP
Y02045,VERNOVA HEALTHCARE CIC,SK11 6JL,53.258072,-2.122605,E06000049,E99999999,EMIS,EMIS
Y02117,ST ANN'S ROAD SURGERY,N15 5AZ,51.58143,-0.087809,E09000014,E99999999,EMIS/EVERGREENLIFE,EMIS
Y02177,THE PRACTICE NORTHUMBERLAND AVENUE,SS1 2TH,51.533103,0.730642,E06000033,E99999999,TPP/EVERGREENLIFE,TPP
Y02212,DUDLEY WOOD SURGERY,DY2 0EF,52.477577,-2.092148,E08000027,E99999999,EMIS,EMIS
Y02274,RIVINGTON WAY SURGERY,WN3 4NW,53.534937,-2.614585,E08000010,E99999999,EMIS,EMIS
Y02319,BOLTON GENERAL PRACTICE,BL1 4TH,53.577666,-2.434874,E08000001,E99999999,EMIS,EMIS
Y02321,POPLAR STREET SURGERY,M29 8AX,53.516732,-2.468998,E08000010,E99999999,EMIS,EMIS
Y02322,LEIGH FAMILY PRACTICE,WN7 2PE,53.493535,-2.511926,E08000010,E99999999,EMIS,EMIS
Y02325,CHARLESTOWN MD,M9 7ED,53.522656,-2.1869,E08000003,E99999999,EMIS,EMIS
Y02332,KINGSWAY & BRAMINGHAM MEDICAL CENTRE,LU4 8BY,51.88973,-0.441597,E06000032,E99999999,TPP,TPP
Y02342,FEATHERSTONE ROAD HEALTH CENTRE,UB2 5BQ,51.502576,-0.385193,E09000009,E99999999,TPP,TPP
Y02354,SANDY LANE SURGERY,WS15 2LB,52.756389,-1.937617,E07000192,E10000028,EMIS,EMIS
Y02378,BRYN STREET SURGERY,WN4 9AZ,53.487546,-2.639264,E08000010,E99999999,EMIS,EMIS
Y02423,GRAFTON MEDICAL PARTNERS,SW17 0RT,51.42495,-0.171361,E09000032,E99999999,EMIS,EMIS
Y02463,THE TOWN CENTRE PRACTICE,LU1 2SE,51.877636,-0.416054,E06000032,E99999999,TPP,TPP
Y02466,BUCKSHAW VILLAGE HEALTH CENTRE,PR7 7HZ,53.678432,-2.658015,E07000118,E10000017,EMIS,EMIS
Y02469,HERON GP PRACTICE,LE5 3GH,52.641154,-1.108788,E06000016,E99999999,TPP,TPP
Y02476,BROAD STREET HEALTH CENTRE,RG1 7QA,51.454811,-0.975875,E06000038,E99999999,EMIS,EMIS
Y02494,SHAKESPEARE MEDICAL PRACTICE,LS9 7TA,53.802114,-1.5252,E08000035,E99999999,TPP,TPP
Y02510,MARSHALLS CROSS MEDICAL CENTRE,WA9 3DA,53.439544,-2.7189,E08000013,E99999999,EMIS,EMIS
Y02517,NEWQUAY HEALTH CENTRE,TR7 1RU,50.412262,-5.077304,E06000052,E99999999,EMIS,EMIS
Y02519,GLOUCESTER HEALTH ACCESS CENTRE,GL1 2TZ,51.866202,-2.251588,E07000081,E10000013,TPP,TPP
Y02520,SIMPSON MEDICAL PRACTICE,M40 9NB,53.514045,-2.198037,E08000003,E99999999,EMIS,EMIS
Y02521,WILLOW BANK SURGERY,ST3 6AB,52.978505,-2.102928,E06000021,E99999999,EMIS,EMIS
Y02567,HODGE HILL FAMILY PRACTICE,B36 8GH,52.502878,-1.801012,E08000025,E99999999,TPP,TPP
Y02571,POPLAR PRIMARY CARE CENTRE,B14 7AG,52.436325,-1.89032,E08000025,E99999999,EMIS,EMIS
Y02575,OMNES HEALTHCARE LTD,RM8 2EQ,51.545391,0.122693,E09000002,E99999999,EMIS/EVERGREENLIFE,EMIS
Y02578,BROADMEAD MEDICAL CENTRE,BS1 3EA,51.45739,-2.589482,E06000023,E99999999,EMIS,EMIS
Y02586,ASHTON GP SERVICE,OL6 7SR,53.485827,-2.099981,E08000008,E99999999,EMIS,EMIS
Y02589,HAMMERSMITH & FULHAM CENTRES FOR HEALTH,W12 0HS,51.517422,-0.234698,E09000013,E99999999,TPP,TPP
Y02594,ESSINGTON MEDICAL CENTRE,WV11 2RF,52.631956,-2.056909,E07000196,E10000028,EMIS,EMIS
Y02605,ACCRINGTON VICTORIA GP PRACTICE,BB5 1RT,53.752343,-2.384874,E07000120,E10000017,EMIS,EMIS
Y02606,FAIRMORE MEDICAL PRACTICE,BB4 7PL,53.700825,-2.280662,E07000125,E10000017,EMIS,EMIS
Y02611,NORTH CHELMSFORD NHS HCC,CM2 5EF,51.750591,0.51084,E07000070,E10000012,TPP,TPP
Y02622,BLACKFRIARS,M3 6AF,53.484151,-2.254242,E08000006,E99999999,EMIS/EVERGREENLIFE,EMIS
Y02625,CARE HOMES MEDICAL PRACTICE,M6 5FW,53.48872,-2.289025,E08000006,E99999999,EMIS,EMIS
Y02626,THE KEYS FAMILY PRACTICE,WV13 2NY,52.584506,-2.059209,E08000030,E99999999,EMIS,EMIS
Y02627,HARDEN BLAKENALL,WS3 1LZ,52.61469,-1.986703,E08000030,E99999999,EMIS,EMIS
Y02633,BOW MEDICAL PRACTICE,EX17 6FB,50.801469,-3.806467,E07000042,E10000008,EMIS,EMIS
Y02636,PENNFIELDS MEDICAL CENTRE,WV3 0JH,52.578175,-2.137176,E08000031,E99999999,EMIS,EMIS
Y02639,SPRING HOUSE HEALTH,AL7 4HL,51.782632,-0.190845,E07000241,E10000015,TPP,TPP
Y02646,TURNER ROAD SURGERY,CO4 5JR,51.906862,0.902998,E07000071,E10000012,TPP,TPP
Y02653,HIGH OAK SURGERY,DY5 1RU,52.481734,-2.117836,E08000027,E99999999,EMIS,EMIS
Y02657,BENTHAM ROAD HEALTH CENTRE,BB2 4QD,53.730599,-2.506268,E06000008,E99999999,EMIS,EMIS
Y02663,DROYLSDEN MEDICAL PRACTICE,M43 7NP,53.487182,-2.145663,E08000008,E99999999,EMIS,EMIS
Y02669,CASTLE HEALTH CENTRE,YO11 2NP,54.280311,-0.402951,E06000065,E99999999,TPP,TPP
Y02671,THE PRACTICE HEART OF HOUNSLOW,TW3 3LN,51.468263,-0.371733,E09000018,E99999999,TPP,TPP
Y02672,THE PRACTICE FELTHAM,TW13 4GU,51.446367,-0.411065,E09000018,E99999999,TPP,TPP
Y02674,CAMDEN HEALTH IMPROVEMENT PRACTICE,NW1 2LS,51.528216,-0.138335,E09000007,E99999999,EMIS,EMIS
Y02676,BRIGHTON STATION HEALTH CENTRE,BN1 3XE,50.827937,-0.141323,E06000043,E99999999,EMIS,EMIS
Y02684,QUAYSIDE MEDICAL CENTRE,DN32 7DL,53.572273,-0.068709,E06000012,E99999999,TPP,TPP
Y02686,BOWLING GREEN STREET SURGERY,LE1 6AS,52.633046,-1.133097,E06000016,E99999999,TPP,TPP
Y02692,THE WEMBLEY PRACTICE,HA0 4UZ,51.549714,-0.306762,E09000005,E99999999,EMIS/EVERGREENLIFE,EMIS
Y02707,ST LUKE'S HEALTH CENTRE,SS2 4BD,51.551004,0.729334,E06000033,E99999999,TPP/EVERGREENLIFE,TPP
Y02713,GUIDE BRIDGE MEDICAL PRACTICE,M34 5HY,53.471605,-2.11328,E08000008,E99999999,EMIS,EMIS
Y02718,BIRTLE VIEW MEDICAL PRACTICE,OL10 4PW,53.595039,-2.227878,E08000005,E99999999,EMIS,EMIS
Y02720,THE KINGSWAY PRACTICE,OL16 4AT,53.612168,-2.135588,E08000005,E99999999,EMIS,EMIS
Y02721,KIRKHOLT MEDICAL PRACTICE,OL11 2JG,53.593878,-2.156198,E08000005,E99999999,EMIS,EMIS
Y02736,SHOWELL PARK HEALTH CENTRE,WV10 9ST,52.608015,-2.11853,E08000031,E99999999,EMIS,EMIS
Y02751,NORWICH PRACTICES HEALTH CENTRE,NR1 1RB,52.626341,1.29877,E07000148,E10000020,TPP,TPP
Y02753,HILL TOP SURGERY,OL8 2QD,53.520126,-2.100755,E08000004,E99999999,EMIS,EMIS
Y02755,ROCK HEALTHCARE LIMITED,BL9 0NJ,53.595546,-2.288589,E08000002,E99999999,EMIS,EMIS
Y02757,BILSTON URBAN VILLAGE MEDICAL CENTRE,WV14 0EE,52.56319,-2.076823,E08000031,E99999999,EMIS,EMIS
Y02767,THE HEIGHT GENERAL PRACTICE,M6 7NJ,53.500688,-2.308734,E08000006,E99999999,EMIS,EMIS
Y02769,ST NEOTS HEALTH CENTRE,PE19 1AG,52.228966,-0.267117,E07000011,E10000003,TPP,TPP
Y02790,BOLTON MEDICAL CENTRE,BL3 6PY,53.565509,-2.431443,E08000001,E99999999,EMIS,EMIS
Y02794,OAKLEAF,B8 3SW,52.487504,-1.849048,E08000025,E99999999,EMIS,EMIS
Y02795,MIDDLETON HEALTH CENTRE,M24 4EL,53.548259,-2.201049,E08000005,E99999999,EMIS,EMIS
Y02807,THURROCK HEALTH CENTRE,RM17 6NB,51.477404,0.323345,E06000034,E99999999,TPP,TPP
Y02827,JOHN STREET MEDICAL PRACTICE,OL8 1DF,53.540188,-2.120101,E08000004,E99999999,EMIS,EMIS
Y02842,HALF PENNY STEPS HEALTH CENTRE,W10 4RE,51.525821,-0.205684,E09000033,E99999999,TPP,TPP
Y02847,PARLIAMENT STREET MEDICAL CENTRE,NG1 6LD,52.954644,-1.152646,E06000018,E99999999,TPP,TPP
Y02849,CITY HEALTH CENTRE,M1 1PL,53.482754,-2.242932,E08000003,E99999999,EMIS,EMIS
Y02867,MIDDLEPORT MEDICAL CENTRE,ST6 3PN,53.041221,-2.207556,E06000021,E99999999,EMIS,EMIS
Y02873,COMPASS HEALTH,BS2 8JP,51.462618,-2.590657,E06000023,E99999999,EMIS,EMIS
Y02875,LINDLEY HOUSE HEALTH CENTRE,OL1 1NL,53.54384,-2.116942,E08000004,E99999999,EMIS,EMIS
Y02885,MARSH GREEN MEDICAL PRACTICE,WN5 0QL,53.549233,-2.667301,E08000010,E99999999,EMIS,EMIS
Y02886,LEIGH SPORTS VILLAGE,WN7 4JY,53.489469,-2.531078,E08000010,E99999999,EMIS,EMIS
Y02890,HAWTHORN MC,M14 6FS,53.443016,-2.204602,E08000003,E99999999,EMIS,EMIS
Y02893,IRIDIUM MEDICAL PRACTICE,B33 8TA,52.478038,-1.817513,E08000025,E99999999,EMIS,EMIS
Y02900,BROOKLANDS HEALTH CENTRE,MK10 7LN,52.045305,-0.673852,E06000042,E99999999,TPP,TPP
Y02906,CANBERRA OLD OAK SURGERY,W12 7FG,51.510846,-0.235197,E09000013,E99999999,TPP/EVERGREENLIFE,TPP
Y02928,THE PRACTICE ALBERT ROAD,E16 2DY,51.501557,0.053135,E09000025,E99999999,EMIS/EVERGREENLIFE,EMIS
Y02933,HOLLINWOOD MEDICAL PRACTICE,OL8 3TR,53.522114,-2.127652,E08000004,E99999999,EMIS,EMIS
Y02936,MILLBROOK MEDICAL PRACTICE,SK15 3BJ,53.492282,-2.03428,E08000008,E99999999,EMIS,EMIS
Y02946,JUNCTION HEALTH CENTRE,SW11 2NU,51.465168,-0.17092,E09000032,E99999999,EMIS,EMIS
Y02960,NEW BANK HEALTH,M12 4JE,53.460139,-2.204383,E08000003,E99999999,EMIS,EMIS
Y02973,KINGS PARK SURGERY,RM3 0FE,51.593186,0.225725,E09000016,E99999999,EMIS,EMIS
Y02974,THAMESMEAD HEALTH CENTRE,SE28 0NY,51.498473,0.090299,E09000011,E99999999,EMIS,EMIS
Y02986,CRICKLEWOOD HEALTH CENTRE,NW2 6DJ,51.556308,-0.217583,E09000005,E99999999,EMIS,EMIS
Y02987,AT MEDICS - THE LOXFORD PRACTICE,IG1 2SN,51.546446,0.076862,E09000026,E99999999,EMIS/EVERGREENLIFE,EMIS
Y03023,ST ANDREWS HEALTH CENTRE,E3 3FF,51.523951,-0.014274,E09000030,E99999999,EMIS,EMIS
Y03035,QUEENSWOOD MEDICAL PRACTICE,N8 8JD,51.583422,-0.131013,E09000014,E99999999,EMIS,EMIS
Y03049,SPRING HILL PRACTICE,N16 6UH,51.565267,-0.071634,E09000012,E99999999,EMIS,EMIS
Y03052,DR SALAKO AND PARTNERS,SS16 6SA,51.566075,0.407777,E07000066,E10000012,TPP,TPP
Y03063,HETHERINGTON AT THE PAVILION,SW9 8DJ,51.461634,-0.116371,E09000022,E99999999,EMIS,EMIS
Y03079,BOLTON COMMUNITY PRACTICE,BL1 8TT,53.590447,-2.427769,E08000001,E99999999,EMIS,EMIS
Y03103,MEDICUS SELECT CARE,N1 0AL,51.539323,-0.119236,E09000019,E99999999,EMIS,EMIS
Y03124,GRANGE FARM MEDICAL CENTRE,NG8 4HQ,52.960247,-1.235249,E06000018,E99999999,TPP,TPP
Y03135,BRIDGE HOUSE MEDICAL PRACTICE,N4 1TL,51.577316,-0.099108,E09000014,E99999999,EMIS,EMIS
Y03222,ST JOHN'S SURGERY,PE14 7RR,52.705441,0.275043,E07000146,E10000020,TPP,TPP
Y03366,OLIVE FAMILY PRACTICE,BL3 5HP,53.572744,-2.446346,E08000001,E99999999,EMIS,EMIS
Y03402,EVERGREEN PRIMARY CARE CENTRE,N9 0TW,51.623784,-0.059836,E09000010,E99999999,EMIS,EMIS
Y03441,"HEALTH AND WELLBEING CENTRE, EARLS COURT",SW5 0PT,51.492823,-0.192518,E09000020,E99999999,TPP,TPP
Y03595,BEECHCROFT AND OLD PALACE,NR5 0RS,52.645824,1.217256,E07000149,E10000020,TPP,TPP
Y03597,HAMD MEDICAL PRACTICE,B8 3SW,52.487504,-1.849048,E08000025,E99999999,EMIS,EMIS
Y03602,GREY GABLE SURGERY,WR7 4BW,52.215321,-1.979589,E07000238,E10000034,EMIS,EMIS
Y03663,HENDON WAY SURGERY,NW9 7DG,51.579182,-0.241873,E09000003,E99999999,EMIS,EMIS
Y03664,DR AZIM & PARTNERS,NW4 3EB,51.579659,-0.225704,E09000003,E99999999,EMIS,EMIS
Y03755,GREENWICH PENINSULA,SE10 0QN,51.493259,0.012065,E09000011,E99999999,EMIS/EVERGREENLIFE,EMIS
Y04225,EALING COMMUNITY PRT - CARE HOME SERVICE,UB2 4SD,51.506315,-0.358547,E09000009,E99999999,TPP,TPP
Y04266,CROSLAND MOOR SURGERY,HD4 5RX,53.63841,-1.809638,E08000034,E99999999,TPP,TPP
Y04273,LIBERTY BRIDGE ROAD PRACTICE,E20 1AS,51.547818,-0.006369,E09000025,E99999999,EMIS,EMIS
Y04662,CRANBROOK MEDICAL PRACTICE,EX5 7DR,50.746361,-3.416305,E07000040,E10000008,TPP,TPP
Y04664,THE WILLASTON SURGERY,CH64 2TN,53.292924,-3.011642,E06000050,E99999999,EMIS,EMIS
Y04809,LAKESIDE SURGERY,S63 9EH,53.52812,-1.310932,E08000038,E99999999,TPP,TPP
Y04882,CHAUCER SURGERY,CV11 4UZ,52.515168,-1.452361,E07000219,E10000031,EMIS,EMIS
Y04884,SATIS HOUSE,B46 1TH,52.517538,-1.747451,E07000218,E10000031,EMIS,EMIS
Y04925,CHAPELFORD PRIMARY CARE CENTRE,WA5 3AL,53.396744,-2.637375,E06000007,E99999999,TPP,TPP
Y04957,ST AUSTELL HEALTH GROUP,PL25 3EF,50.344281,-4.760288,E06000052,E99999999,TPP,TPP
Y04965,ALLIANCE TEACHING PRACTICES,CV6 5AR,52.428676,-1.501674,E08000026,E99999999,EMIS,EMIS
Y04969,CAMP HILL GP LED HEALTH CENTRE,CV10 9EB,52.533046,-1.50695,E07000219,E10000031,EMIS,EMIS
Y04977,CRESWELL AND LANGWITH MEDICAL CENTRE,S80 4HA,53.262654,-1.215836,E07000033,E10000007,TPP,TPP
Y04995,ROYAL PRIMARY CARE CHESTERFIELD,S40 2HP,53.219689,-1.436076,E07000034,E10000007,TPP,TPP
Y05023,SILVER END SURGERY,CM8 3RQ,51.846483,0.622608,E07000067,E10000012,TPP/EVERGREENLIFE,TPP
Y05080,FIRST CHOICE MEDICAL CARE,HA2 9LG,51.571245,-0.375705,E09000015,E99999999,EMIS,EMIS
Y05167,THE FLYING SCOTSMAN HEALTH CENTRE,DN1 3AP,53.520485,-1.137122,E08000017,E99999999,TPP,TPP
Y05212,WEST CHELTENHAM MEDICAL,GL51 7SU,51.902026,-2.116935,E07000078,E10000013,TPP,TPP
Y05248,BRIERLEY MEDICAL CENTRE,S72 7NZ,53.57363,-1.378982,E08000038,E99999999,TPP,TPP
Y05317,COUNTRY PARK PRACTICE,SE25 5NT,51.393136,-0.067252,E09000008,E99999999,EMIS,EMIS
Y05318,DENMARK ROAD SURGERY,SE25 5NT,51.393136,-0.067252,E09000008,E99999999,EMIS,EMIS
Y05330,"WELBOURNE MED PRAC, WELBOURNE H C",N17 9QX,51.589826,-0.064604,E09000014,E99999999,EMIS,EMIS
Y05349,CLOVER CITY PRACTICE,S1 2PJ,53.38196,-1.466619,E08000039,E99999999,TPP,TPP
Y05363,BHF HIGHGATE SURGERY,S72 7NZ,53.57363,-1.378982,E08000038,E99999999,TPP,TPP
Y05364,BHF LUNDWOOD SURGERY,S71 5PN,53.557729,-1.43854,E08000038,E99999999,TPP,TPP
Y05369,BALDERTON SURGERY,NG24 3HJ,53.052901,-0.786464,E07000175,E10000024,TPP/EVERGREENLIFE,TPP
Y05622,SOUTHGLADE MEDICAL PRACTICE,NG5 5GU,52.99895,-1.173995,E06000018,E99999999,TPP/EVERGREENLIFE,TPP
Y05690,KIRKBY COMMUNITY PRIMARY CARE CENTRE (3),NG17 7AE,53.101778,-1.248739,E07000170,E10000024,TPP/EVERGREENLIFE,TPP
Y05733,PARKFIELDS SURGERY,DE24 8QJ,52.898298,-1.432388,E06000015,E99999999,TPP,TPP
Y05750,DAVID LEWIS MEDICAL PRACTICE,SK9 7UD,53.287552,-2.286179,E06000049,E99999999,EMIS,EMIS
Y05826,THE HILL GP PRACTICE,B11 4BW,52.444571,-1.858639,E08000025,E99999999,EMIS,EMIS
Y06007,WELLSBOURNE HEALTHCARE CIC,BN2 5FL,50.825439,-0.107359,E06000043,E99999999,TPP,TPP
Y06113,QHS GP CARE HOME SERVICE,SE16 4BL,51.496937,-0.069232,E09000028,E99999999,EMIS,EMIS
Y06218,BROWNSOVER MEDICAL CENTRE,CV21 1JF,52.390542,-1.241431,E07000220,E10000031,EMIS,EMIS
Y06275,NELSON MEDICAL CENTRE,NR31 0DW,52.604807,1.718644,E07000145,E10000020,TPP,TPP
Y06345,BROMLEAG CARE PRACTICE,BR3 1DU,51.409645,-0.026666,E09000006,E99999999,EMIS,EMIS
Y06356,BILBOROUGH MEDICAL CENTRE,NG8 4PN,52.963977,-1.23106,E06000018,E99999999,TPP,TPP
Y06378,HEATH STREET HEALTH CENTRE,B18 7AL,52.487701,-1.937348,E08000025,E99999999,EMIS,EMIS
Y06389,SAS MID AND SOUTH ESSEX STP,SS2 6BB,51.54384,0.708207,E06000033,E99999999,TPP,TPP
Y06443,WHYBURN MEDICAL PRACTICE,NG15 7JE,53.035395,-1.206137,E07000170,E10000024,TPP,TPP
Y06545,SEL SPECIAL ALLOCATION PRACTICE,SE23 1RJ,51.442931,-0.040845,E09000023,E99999999,EMIS,EMIS
Y06592,SPECIAL ALLOCATION SCHEME (NEL),SE23 1RJ,51.442931,-0.040845,E09000023,E99999999,EMIS,EMIS
Y06659,NOOK SURGERY,HD3 3XA,53.6571,-1.843553,E08000034,E99999999,TPP,TPP
Y06792,BROAD OAK MEDICAL PRACTICE,NG8 6LN,52.973251,-1.227724,E06000018,E99999999,TPP,TPP
Y06810,WHITEHOUSE HEALTH CENTRE,MK8 1EQ,52.033803,-0.818151,E06000042,E99999999,TPP,TPP
Y07014,SHAKESPEARE ROAD MEDICAL PRACTICE,RG24 9DT,51.280712,-1.083975,E07000084,E10000014,EMIS,EMIS
Y07020,ONE CARE LAMBETH,SE23 1RJ,51.442931,-0.040845,E09000023,E99999999,EMIS,EMIS
Y07025,PARK MEDICAL CENTRE,PE1 2UF,52.581561,-0.238048,E06000031,E99999999,TPP,TPP
Y07057,BRETTON MEDICAL PRACTICE,PE3 8DT,52.59045,-0.281877,E06000031,E99999999,TPP,TPP
Y07059,NENE VALLEY AND HODGSON MEDICAL PRACTICE,PE2 5GP,52.547584,-0.28212,E06000031,E99999999,TPP,TPP
Y07060,THOMAS WALKER WESTGATE HEALTHCARE,PE1 2QP,52.584035,-0.240562,E06000031,E99999999,TPP,TPP
Y07275,BROUGHTON HOUSE GP SURGERY,WF17 5QT,53.713816,-1.636316,E08000034,E99999999,TPP,TPP
Y07697,WIGAN BOROUGH SPECIALIST SERVICES,WN3 6PR,53.528915,-2.658337,E08000010,E99999999,TPP,TPP
Y08371,BEAM PARK MEDICAL PRACTICE,RM13 8QZ,51.524507,0.170492,E09000016,E99999999,EMIS,EMIS
Y08411,ONE CARE LEWISHAM,SE23 1RJ,51.442931,-0.040845,E09000023,E99999999,EMIS,EMIS
